,id,access,file_id
0,b4883073-484e-4ed2-a49e-431d227a93e7,open,b4883073-484e-4ed2-a49e-431d227a93e7
0,3636d066-71c9-4dba-ab2a-0dc840fd055c,open,3636d066-71c9-4dba-ab2a-0dc840fd055c
0,5360ad84-715a-49b6-8519-1084b5a6ff8c,open,5360ad84-715a-49b6-8519-1084b5a6ff8c
0,7c588851-26f2-47a0-8b11-58f93d367e69,open,7c588851-26f2-47a0-8b11-58f93d367e69
0,fd3955ea-bcf9-4ae9-b92f-cd2ce0140504,open,fd3955ea-bcf9-4ae9-b92f-cd2ce0140504
0,05e17924-f15a-4c54-ad4c-6a77b283a18d,open,05e17924-f15a-4c54-ad4c-6a77b283a18d
0,d603966e-f5c5-4036-8675-ce059b509c00,open,d603966e-f5c5-4036-8675-ce059b509c00
0,1e9d95a2-8640-4a22-a0e6-e33840bff7f4,open,1e9d95a2-8640-4a22-a0e6-e33840bff7f4
0,8305596b-5eaa-4a92-a783-f5ebc95aaa5b,open,8305596b-5eaa-4a92-a783-f5ebc95aaa5b
0,bfb2bef3-0f61-4aae-a596-186a1f7a22a4,open,bfb2bef3-0f61-4aae-a596-186a1f7a22a4
0,8e8fe43f-2e41-4c75-9fa9-ec635a950a3d,open,8e8fe43f-2e41-4c75-9fa9-ec635a950a3d
0,90af1de1-e500-466a-ae7d-160d5eeaea16,open,90af1de1-e500-466a-ae7d-160d5eeaea16
0,9c244b20-ccae-4f6a-bf75-fece3671f19a,open,9c244b20-ccae-4f6a-bf75-fece3671f19a
0,520ef4e6-187d-41d2-bb9d-c388aa5a14ff,open,520ef4e6-187d-41d2-bb9d-c388aa5a14ff
0,1f67b8d4-e780-4c17-8d0f-5c56f5ecf848,open,1f67b8d4-e780-4c17-8d0f-5c56f5ecf848
0,3691a49d-3a0c-40b3-852d-fdb4f95d63ac,open,3691a49d-3a0c-40b3-852d-fdb4f95d63ac
0,0b4bf9f3-e40e-427d-9f9f-9dd24217e7f7,open,0b4bf9f3-e40e-427d-9f9f-9dd24217e7f7
0,70311018-ff19-47f0-8c9d-5d3ec54a0d16,open,70311018-ff19-47f0-8c9d-5d3ec54a0d16
0,3bdbe379-1927-4c72-847f-d7f17ad4e603,open,3bdbe379-1927-4c72-847f-d7f17ad4e603
0,3ca408e5-1e70-4817-92e1-088c30439877,open,3ca408e5-1e70-4817-92e1-088c30439877
0,0c07f2ca-2d31-48bd-8e49-501bbabcabd7,open,0c07f2ca-2d31-48bd-8e49-501bbabcabd7
0,63f3112d-293d-4fe4-992a-21437b7910f3,open,63f3112d-293d-4fe4-992a-21437b7910f3
0,89418831-8bb2-431c-81ed-c7fc6433d304,open,89418831-8bb2-431c-81ed-c7fc6433d304
0,27610297-00be-4f9b-96b1-354f9d0bd920,open,27610297-00be-4f9b-96b1-354f9d0bd920
0,0b21f7ff-196c-401c-bae3-24246e5d22af,open,0b21f7ff-196c-401c-bae3-24246e5d22af
0,dc0e6a0c-882d-45e0-926c-ef0155ab253c,open,dc0e6a0c-882d-45e0-926c-ef0155ab253c
0,54b452fe-f81c-4305-abfc-879c8fb57117,open,54b452fe-f81c-4305-abfc-879c8fb57117
0,5410bc5f-02c0-4c3f-b55a-5cb682a59f45,open,5410bc5f-02c0-4c3f-b55a-5cb682a59f45
0,983d5d6a-60f1-4a58-9a48-aa568ab57dcb,open,983d5d6a-60f1-4a58-9a48-aa568ab57dcb
0,70d1c493-a6c3-4128-bb12-2d01b1fb0705,open,70d1c493-a6c3-4128-bb12-2d01b1fb0705
0,d971d672-e2e9-4a28-b236-323422df6369,open,d971d672-e2e9-4a28-b236-323422df6369
0,500f24af-3be4-4496-91f6-059168fa47b7,open,500f24af-3be4-4496-91f6-059168fa47b7
0,3ab0832f-de8d-48f3-8f35-4ba19289f604,open,3ab0832f-de8d-48f3-8f35-4ba19289f604
0,4c4c6b39-4a69-4240-a0ed-9289a14dd855,open,4c4c6b39-4a69-4240-a0ed-9289a14dd855
0,458a0031-df51-4f27-8a82-8a68e27fe79f,open,458a0031-df51-4f27-8a82-8a68e27fe79f
0,2558f29e-5328-4b2f-8856-1819a6a1251a,open,2558f29e-5328-4b2f-8856-1819a6a1251a
0,a9f7e897-f4bf-41f5-8f21-5e51516a8347,open,a9f7e897-f4bf-41f5-8f21-5e51516a8347
0,c7015d7e-ec1c-4b23-bd5a-0988b7ff45d4,open,c7015d7e-ec1c-4b23-bd5a-0988b7ff45d4
0,ac5bc2e2-9b31-49d2-9888-365c084e3034,open,ac5bc2e2-9b31-49d2-9888-365c084e3034
0,525d4ed4-c65f-4f76-aad7-e2e2001ce86e,open,525d4ed4-c65f-4f76-aad7-e2e2001ce86e
0,78cd67f1-80a1-412b-b223-2b015a0e95eb,open,78cd67f1-80a1-412b-b223-2b015a0e95eb
0,522e134f-97d1-4920-9456-51528a319bf0,open,522e134f-97d1-4920-9456-51528a319bf0
0,2beaa431-9c76-4f6c-b831-d780473d78f1,open,2beaa431-9c76-4f6c-b831-d780473d78f1
0,83901be7-e8c9-42ec-9777-93bee1ad0076,open,83901be7-e8c9-42ec-9777-93bee1ad0076
0,044948d6-fb94-4e3f-916e-a6a4905b507c,open,044948d6-fb94-4e3f-916e-a6a4905b507c
0,e209288d-df03-4a61-a84f-eec243a2c43f,open,e209288d-df03-4a61-a84f-eec243a2c43f
0,ff445082-9332-4393-91e8-413d05237b19,open,ff445082-9332-4393-91e8-413d05237b19
0,07fde212-15fd-4166-8fa2-f7742e7f1c78,open,07fde212-15fd-4166-8fa2-f7742e7f1c78
0,22274ca5-dc4b-436b-98f5-c9357daa2367,open,22274ca5-dc4b-436b-98f5-c9357daa2367
0,126a43bc-9f6f-4c1b-aa4c-c9961016668f,open,126a43bc-9f6f-4c1b-aa4c-c9961016668f
0,b0ad41f2-b3f0-426c-a345-9ea8569dddf9,open,b0ad41f2-b3f0-426c-a345-9ea8569dddf9
0,e2294c27-4bd6-4b7d-8b8f-7219db488812,open,e2294c27-4bd6-4b7d-8b8f-7219db488812
0,62853e7e-71d0-484e-a58f-0db54e794112,open,62853e7e-71d0-484e-a58f-0db54e794112
0,172773be-a2ed-4056-9b72-1b10a440e4f0,open,172773be-a2ed-4056-9b72-1b10a440e4f0
0,5b993e10-526f-4490-8dae-c925b1d55537,open,5b993e10-526f-4490-8dae-c925b1d55537
0,8f2eb429-6b38-4c2c-ab0d-c9801fa9b881,open,8f2eb429-6b38-4c2c-ab0d-c9801fa9b881
0,145066ce-bf64-4646-ac0a-4e9a413ad13e,open,145066ce-bf64-4646-ac0a-4e9a413ad13e
0,414f6985-adee-4b0f-8351-accca5d9e7b7,open,414f6985-adee-4b0f-8351-accca5d9e7b7
0,35c5b314-4ab4-435d-8584-d3d4dc20c4d3,open,35c5b314-4ab4-435d-8584-d3d4dc20c4d3
0,3ea997f5-bbb9-4b73-bf4e-7742e1cebcfd,open,3ea997f5-bbb9-4b73-bf4e-7742e1cebcfd
0,58368d82-d60d-4c4d-ac54-b1495ee596b9,open,58368d82-d60d-4c4d-ac54-b1495ee596b9
0,cc8f4b64-8485-4406-8bee-962127e9fe34,open,cc8f4b64-8485-4406-8bee-962127e9fe34
0,092ff50a-cb53-4c2f-8a35-790fa54b6699,open,092ff50a-cb53-4c2f-8a35-790fa54b6699
0,14a640d9-c9a1-4ef6-8959-3099cc3fc2c9,open,14a640d9-c9a1-4ef6-8959-3099cc3fc2c9
0,d1b10765-ee3c-440c-b839-01fcc71975ac,open,d1b10765-ee3c-440c-b839-01fcc71975ac
0,1242669f-2001-4031-8e0d-2f3311782023,open,1242669f-2001-4031-8e0d-2f3311782023
0,6e068983-2462-46ee-9530-210e080ae599,open,6e068983-2462-46ee-9530-210e080ae599
0,d020a266-f9e9-4099-8615-fc4cf3b82e2d,open,d020a266-f9e9-4099-8615-fc4cf3b82e2d
0,4e106ab7-4532-4bc8-a7a0-9c7a02631925,open,4e106ab7-4532-4bc8-a7a0-9c7a02631925
0,f5ee889b-cf0a-43ce-8d6c-9a6775b44db4,open,f5ee889b-cf0a-43ce-8d6c-9a6775b44db4
0,d51a30f0-bcb7-413a-b136-5fc08f1e9529,open,d51a30f0-bcb7-413a-b136-5fc08f1e9529
0,62573004-1356-4213-9b63-f5c9ef0344cf,open,62573004-1356-4213-9b63-f5c9ef0344cf
0,2c0d1d8d-95d1-40d6-8ff8-49207895c3ee,open,2c0d1d8d-95d1-40d6-8ff8-49207895c3ee
0,cab9d146-8861-453e-af6b-111c4843e29d,open,cab9d146-8861-453e-af6b-111c4843e29d
0,01d9f763-f2b9-4571-9e2a-a3a280488d72,open,01d9f763-f2b9-4571-9e2a-a3a280488d72
0,0d9e9a66-e869-4842-9c3e-1adb22550f83,open,0d9e9a66-e869-4842-9c3e-1adb22550f83
0,208b61b1-0e47-4408-a363-e406dfca7d3a,open,208b61b1-0e47-4408-a363-e406dfca7d3a
0,0288b2fe-4ef0-41fc-92eb-677d8f6f5592,open,0288b2fe-4ef0-41fc-92eb-677d8f6f5592
0,421aa7a3-781f-40ed-95ea-61b61e9486bc,open,421aa7a3-781f-40ed-95ea-61b61e9486bc
0,65727f66-8c82-4033-b937-0e5f7f1b0074,open,65727f66-8c82-4033-b937-0e5f7f1b0074
0,37ee6616-d90c-43e9-84d5-db7a6c4681bc,open,37ee6616-d90c-43e9-84d5-db7a6c4681bc
0,921c62b8-712b-40db-b380-0dbb3d25530f,open,921c62b8-712b-40db-b380-0dbb3d25530f
0,7d411a9a-c77e-4376-ac9f-6e320f1dd2a6,open,7d411a9a-c77e-4376-ac9f-6e320f1dd2a6
0,9d0bdddb-6c94-438c-a046-c530d29ecdb0,open,9d0bdddb-6c94-438c-a046-c530d29ecdb0
0,3a280ee9-e894-4c47-83d1-cf33ba3eb1ad,open,3a280ee9-e894-4c47-83d1-cf33ba3eb1ad
0,30db9fb2-6ec4-4729-a4c9-5d5ef341ba0a,open,30db9fb2-6ec4-4729-a4c9-5d5ef341ba0a
0,9151b4ca-d897-4ee2-b30a-f9fd5b83b79c,open,9151b4ca-d897-4ee2-b30a-f9fd5b83b79c
0,9b9980c5-d0f0-4249-b5f8-9147ff4a5b0a,open,9b9980c5-d0f0-4249-b5f8-9147ff4a5b0a
0,0b384769-01f9-406d-b12a-34118731a562,open,0b384769-01f9-406d-b12a-34118731a562
0,850b174a-25f4-4e51-877b-c2f7f9ccea19,open,850b174a-25f4-4e51-877b-c2f7f9ccea19
0,812b8b56-25a4-47a6-8dd3-6645a39108bd,open,812b8b56-25a4-47a6-8dd3-6645a39108bd
0,f4b3227a-c1c9-49a0-8500-a057746b17de,open,f4b3227a-c1c9-49a0-8500-a057746b17de
0,e765ac18-6c31-4358-a0e5-b8c48f5f2c48,open,e765ac18-6c31-4358-a0e5-b8c48f5f2c48
0,aeca1fca-3716-4a08-b9c5-949842caf8d4,open,aeca1fca-3716-4a08-b9c5-949842caf8d4
0,767776ff-c018-40ce-a117-9e507b92ae9b,open,767776ff-c018-40ce-a117-9e507b92ae9b
0,c6a9a43b-f00a-4028-88c2-ae49bbb99e32,open,c6a9a43b-f00a-4028-88c2-ae49bbb99e32
0,4c1c8905-6c04-4796-a7f4-679932feaccc,open,4c1c8905-6c04-4796-a7f4-679932feaccc
0,2815341f-2ab9-440a-a08c-6a47b2abd4ba,open,2815341f-2ab9-440a-a08c-6a47b2abd4ba
0,1ab7c712-78d4-48e5-88c5-527f193ca8aa,open,1ab7c712-78d4-48e5-88c5-527f193ca8aa
0,24ead709-4eb1-4937-887f-fe2b9e0d2e4d,open,24ead709-4eb1-4937-887f-fe2b9e0d2e4d
0,83025ff0-1614-406a-8a6b-ceadd16440a1,open,83025ff0-1614-406a-8a6b-ceadd16440a1
0,d58105b1-c489-45c5-9aed-d4e8cf5decc3,open,d58105b1-c489-45c5-9aed-d4e8cf5decc3
0,b9b2b493-268f-4d3c-af37-631ce163f5b3,open,b9b2b493-268f-4d3c-af37-631ce163f5b3
0,d7e96297-dbaa-4ac6-8b61-c466c498ff59,open,d7e96297-dbaa-4ac6-8b61-c466c498ff59
0,87476b5e-3693-4034-9964-c11080d0448b,open,87476b5e-3693-4034-9964-c11080d0448b
0,926cd6ee-ca0e-4773-83d6-3d004a096317,open,926cd6ee-ca0e-4773-83d6-3d004a096317
0,3d47ccfd-d053-4ceb-a73b-7f3a4ed11507,open,3d47ccfd-d053-4ceb-a73b-7f3a4ed11507
0,957a990a-ce42-4a00-860a-eb017f4dd7c1,open,957a990a-ce42-4a00-860a-eb017f4dd7c1
0,f04c67ec-7014-492d-adf1-15e49103bacf,open,f04c67ec-7014-492d-adf1-15e49103bacf
0,0169efc9-5969-4be3-9bc3-b4072d5590e0,open,0169efc9-5969-4be3-9bc3-b4072d5590e0
0,692fa478-ec77-4808-9654-b3348d1e0c81,open,692fa478-ec77-4808-9654-b3348d1e0c81
0,6cdb11f2-e7a9-4e2d-adcb-98c17fd24fef,open,6cdb11f2-e7a9-4e2d-adcb-98c17fd24fef
0,4b366756-bfb4-43ad-b873-423574f1a70f,open,4b366756-bfb4-43ad-b873-423574f1a70f
0,3d6b1939-50e9-4e1e-83e7-64dcdfb98f70,open,3d6b1939-50e9-4e1e-83e7-64dcdfb98f70
0,b2829bde-4c60-4c29-bfa7-061034f4dd19,open,b2829bde-4c60-4c29-bfa7-061034f4dd19
0,aade1aa8-ddf0-4407-af1e-085d29248e8f,open,aade1aa8-ddf0-4407-af1e-085d29248e8f
0,ec2bc6b1-13db-458d-91f9-d5716c1fd80a,open,ec2bc6b1-13db-458d-91f9-d5716c1fd80a
0,b87aaee7-3781-4a7b-b2f5-ae0ee36b9d55,open,b87aaee7-3781-4a7b-b2f5-ae0ee36b9d55
0,6793446d-65e5-4138-9706-518e599cd124,open,6793446d-65e5-4138-9706-518e599cd124
0,fc696c68-8f0f-41c0-a18d-a86de4b54f43,open,fc696c68-8f0f-41c0-a18d-a86de4b54f43
0,b32949c4-3446-44d2-aa6b-a4f1390fe3f7,open,b32949c4-3446-44d2-aa6b-a4f1390fe3f7
0,723232e4-f956-42e8-9294-3f93b9db72bc,open,723232e4-f956-42e8-9294-3f93b9db72bc
0,e30d1470-e6a2-4d8e-babb-41ca8915b92c,open,e30d1470-e6a2-4d8e-babb-41ca8915b92c
0,e15f17ee-51e4-4574-8b50-28d475f1b7a8,open,e15f17ee-51e4-4574-8b50-28d475f1b7a8
0,137c760a-725c-47fe-9cf9-7a2b0a7f5b96,open,137c760a-725c-47fe-9cf9-7a2b0a7f5b96
0,1bd2ad32-4cc5-43ef-b51b-88aa2c7db2d2,open,1bd2ad32-4cc5-43ef-b51b-88aa2c7db2d2
0,5db576cb-fd43-4bc7-abda-89a759870294,open,5db576cb-fd43-4bc7-abda-89a759870294
0,283c4715-d736-4ad0-88d6-28d0115ad0d4,open,283c4715-d736-4ad0-88d6-28d0115ad0d4
0,82ded1ab-7f00-4057-8a36-344c7d186688,open,82ded1ab-7f00-4057-8a36-344c7d186688
0,cd3fc1c0-5889-4917-8a13-cabdf127f61f,open,cd3fc1c0-5889-4917-8a13-cabdf127f61f
0,67fec86c-ae3d-48f7-af7f-fd9c54a09ffe,open,67fec86c-ae3d-48f7-af7f-fd9c54a09ffe
0,af422afb-e662-405d-b1b5-be0de6eb6141,open,af422afb-e662-405d-b1b5-be0de6eb6141
0,dc8b2454-35da-4fdd-84a7-515060b982f2,open,dc8b2454-35da-4fdd-84a7-515060b982f2
0,b3e93497-f31b-44fc-bcaf-6b3d34e570bc,open,b3e93497-f31b-44fc-bcaf-6b3d34e570bc
0,ff67c374-ea63-4340-8bb3-597632b8d218,open,ff67c374-ea63-4340-8bb3-597632b8d218
0,56aabd8d-615b-46ca-b4e4-7702b5373e9f,open,56aabd8d-615b-46ca-b4e4-7702b5373e9f
0,10596230-778d-4c21-8c27-e95c2443f93c,open,10596230-778d-4c21-8c27-e95c2443f93c
0,17099188-2805-4d22-a4a0-fedacc6e391a,open,17099188-2805-4d22-a4a0-fedacc6e391a
0,d0509d81-c89c-47a0-b4c4-c05c2c793894,open,d0509d81-c89c-47a0-b4c4-c05c2c793894
0,79115d8c-afc8-4a98-a3cf-c9857d73d548,open,79115d8c-afc8-4a98-a3cf-c9857d73d548
0,89992c9a-78f7-40b8-af35-e3a4c21b9634,open,89992c9a-78f7-40b8-af35-e3a4c21b9634
0,a1816f0c-5872-40a4-98ff-7f72cd42d36e,open,a1816f0c-5872-40a4-98ff-7f72cd42d36e
0,5a390013-b4d3-409e-9d53-c4b1570be65f,open,5a390013-b4d3-409e-9d53-c4b1570be65f
0,d82307a1-9757-4c11-b853-cb08f031b8b3,open,d82307a1-9757-4c11-b853-cb08f031b8b3
0,ff5131bb-c3c2-4cf8-bc92-7b225fb0a5c7,open,ff5131bb-c3c2-4cf8-bc92-7b225fb0a5c7
0,3cb2542e-58d0-46fe-b0b3-888eb87961c8,open,3cb2542e-58d0-46fe-b0b3-888eb87961c8
0,b3943b90-f5a6-4d67-8c2c-dd39116aecd9,open,b3943b90-f5a6-4d67-8c2c-dd39116aecd9
0,3138e1c6-d172-4a44-89ab-2734271a895f,open,3138e1c6-d172-4a44-89ab-2734271a895f
0,d3ef112d-cb03-40b3-8806-9cd4487b04ff,open,d3ef112d-cb03-40b3-8806-9cd4487b04ff
0,0a8cec5c-318a-46ef-94fa-394032a4d210,open,0a8cec5c-318a-46ef-94fa-394032a4d210
0,763445a2-1fbb-4080-97d0-e423671b9f13,open,763445a2-1fbb-4080-97d0-e423671b9f13
0,42a870d3-0860-422b-9660-8db5f6972a26,open,42a870d3-0860-422b-9660-8db5f6972a26
0,5fbf9cf0-7b1f-4306-86aa-e14731a420c9,open,5fbf9cf0-7b1f-4306-86aa-e14731a420c9
0,6eaac31e-a459-43dd-a678-3d1e8f198434,open,6eaac31e-a459-43dd-a678-3d1e8f198434
0,75dbff66-6614-4d16-a95a-c0ed8f2a251d,open,75dbff66-6614-4d16-a95a-c0ed8f2a251d
0,38179d83-5785-461e-81bf-579d5c00f95f,open,38179d83-5785-461e-81bf-579d5c00f95f
0,25ff10a6-a888-470b-8597-55720286a836,open,25ff10a6-a888-470b-8597-55720286a836
0,9e7791a0-f715-4a35-ad20-274935199680,open,9e7791a0-f715-4a35-ad20-274935199680
0,1126aca4-41f2-4b5f-a749-c262b1209f3b,open,1126aca4-41f2-4b5f-a749-c262b1209f3b
0,78d55b51-6d25-43c6-8067-a115a8b4cfbf,open,78d55b51-6d25-43c6-8067-a115a8b4cfbf
0,2c1feb46-345c-4d50-b831-ea492d452158,open,2c1feb46-345c-4d50-b831-ea492d452158
0,7c7286e2-fa42-411b-abc9-f0bd0098488d,open,7c7286e2-fa42-411b-abc9-f0bd0098488d
0,c1e9cc7a-4edc-4c53-9c1f-39e95fcf6bcf,open,c1e9cc7a-4edc-4c53-9c1f-39e95fcf6bcf
0,9d49e295-43b7-4d4b-bd28-4e709bc5ab6c,open,9d49e295-43b7-4d4b-bd28-4e709bc5ab6c
0,587e77e5-0598-485f-86c5-e5cb7394ef4b,open,587e77e5-0598-485f-86c5-e5cb7394ef4b
0,be540447-8f64-4670-bfaa-c554c212b5f4,open,be540447-8f64-4670-bfaa-c554c212b5f4
0,99e716e2-3354-4a06-b885-f5482eb9ef7f,open,99e716e2-3354-4a06-b885-f5482eb9ef7f
0,0bb67964-3681-40d4-956b-fb74ab65b53e,open,0bb67964-3681-40d4-956b-fb74ab65b53e
0,acbc8ad6-412f-42f2-a0b4-e2065a9b91d5,open,acbc8ad6-412f-42f2-a0b4-e2065a9b91d5
0,2ffd2f9e-f438-4fc2-ae4c-2a3cd973addb,open,2ffd2f9e-f438-4fc2-ae4c-2a3cd973addb
0,fb1d138a-6b2e-47b0-aff7-f6f143871aae,open,fb1d138a-6b2e-47b0-aff7-f6f143871aae
0,2251f3bd-8d4f-4acb-8151-8a994da2df0d,open,2251f3bd-8d4f-4acb-8151-8a994da2df0d
0,190a5605-8f66-440c-a03f-7b4b7dcc015e,open,190a5605-8f66-440c-a03f-7b4b7dcc015e
0,62846f6e-c56f-48d9-b217-509c5b989db2,open,62846f6e-c56f-48d9-b217-509c5b989db2
0,e7577157-c70f-4d7f-943b-04efd2faa4f2,open,e7577157-c70f-4d7f-943b-04efd2faa4f2
0,9466085d-0aa2-425f-b13c-86864f97df9e,open,9466085d-0aa2-425f-b13c-86864f97df9e
0,4ca61c7f-7934-4da6-860e-a5168a148326,open,4ca61c7f-7934-4da6-860e-a5168a148326
0,5e0fa9a1-90b4-400e-bafa-a40f172d4d15,open,5e0fa9a1-90b4-400e-bafa-a40f172d4d15
0,27b129d1-f427-4e6d-949f-1d353e8a503a,open,27b129d1-f427-4e6d-949f-1d353e8a503a
0,52dc704d-9874-43cd-a6ff-8a36d3d00fe5,open,52dc704d-9874-43cd-a6ff-8a36d3d00fe5
0,5bebe3b3-8bd2-464e-a5b1-ce2190828045,open,5bebe3b3-8bd2-464e-a5b1-ce2190828045
0,1d4c9ffc-e8c9-47f7-9176-631ab4dee592,open,1d4c9ffc-e8c9-47f7-9176-631ab4dee592
0,5e3dbe20-9032-4608-a0d0-13cad37e7001,open,5e3dbe20-9032-4608-a0d0-13cad37e7001
0,6e8facf4-3c14-4ed9-a4f5-27132b908f7f,open,6e8facf4-3c14-4ed9-a4f5-27132b908f7f
0,e8f104fb-855e-4200-9997-4f657908db5a,open,e8f104fb-855e-4200-9997-4f657908db5a
0,1e4caee8-addb-4996-a454-2e9adf2b6e32,open,1e4caee8-addb-4996-a454-2e9adf2b6e32
0,12468c54-479a-4d30-b200-e745059f286f,open,12468c54-479a-4d30-b200-e745059f286f
0,b06bafc6-e517-40c8-85b9-2ca132b40f3d,open,b06bafc6-e517-40c8-85b9-2ca132b40f3d
0,c2befedd-2f85-4753-92ae-dcd46faa8657,open,c2befedd-2f85-4753-92ae-dcd46faa8657
0,a9852adf-1f06-4105-99a7-5f78fe6a156a,open,a9852adf-1f06-4105-99a7-5f78fe6a156a
0,90bc50d5-414d-462c-878f-cf0b3399e974,open,90bc50d5-414d-462c-878f-cf0b3399e974
0,584fd7c2-0c2d-49dc-b5d3-1873a137352b,open,584fd7c2-0c2d-49dc-b5d3-1873a137352b
0,2ab01a81-ff79-4acc-8a64-7dbcc2b5b411,open,2ab01a81-ff79-4acc-8a64-7dbcc2b5b411
0,c9ddcfed-31de-455e-8760-75fb2288c061,open,c9ddcfed-31de-455e-8760-75fb2288c061
0,64876252-ad6a-4d17-bdf8-7e4efb67b60f,open,64876252-ad6a-4d17-bdf8-7e4efb67b60f
0,e84739cd-e092-4edf-9b81-171d98b6ffa7,open,e84739cd-e092-4edf-9b81-171d98b6ffa7
0,0d8b1aff-d211-4a89-bb60-4c2fee45fefa,open,0d8b1aff-d211-4a89-bb60-4c2fee45fefa
0,d14a841f-f091-4c5b-bb4e-4b106c910fb9,open,d14a841f-f091-4c5b-bb4e-4b106c910fb9
0,b0342d06-660d-4c67-b5c1-7353ce7a0802,open,b0342d06-660d-4c67-b5c1-7353ce7a0802
0,6c3d2ea1-4c74-4876-be27-34cfa1b07553,open,6c3d2ea1-4c74-4876-be27-34cfa1b07553
0,5429ca93-eb97-4fa4-83fe-7afad39ffbe7,open,5429ca93-eb97-4fa4-83fe-7afad39ffbe7
0,1c3c61d2-af59-4f39-8bb6-aa5db058ec59,open,1c3c61d2-af59-4f39-8bb6-aa5db058ec59
0,4ef50c47-7298-418d-a3fd-8387b7c1688b,open,4ef50c47-7298-418d-a3fd-8387b7c1688b
0,b8b7a311-fb64-4483-98a6-c67e5ca48a5e,open,b8b7a311-fb64-4483-98a6-c67e5ca48a5e
0,83f91565-731b-45b4-a4e6-b6797f934525,open,83f91565-731b-45b4-a4e6-b6797f934525
0,31a4f9ca-7046-40ca-9ce0-cfb58d9917eb,open,31a4f9ca-7046-40ca-9ce0-cfb58d9917eb
0,2986e812-5fbb-48bf-98b4-773cf99acb90,open,2986e812-5fbb-48bf-98b4-773cf99acb90
0,b535c353-4987-4504-8e0d-1360b233ccce,open,b535c353-4987-4504-8e0d-1360b233ccce
0,3fc85921-05d1-4259-89fe-b76b081e6ee7,open,3fc85921-05d1-4259-89fe-b76b081e6ee7
0,f0959b73-6784-46a3-9ca1-9a997bfb8fa3,open,f0959b73-6784-46a3-9ca1-9a997bfb8fa3
0,111501dc-dab8-4443-93fa-f0f2de85f687,open,111501dc-dab8-4443-93fa-f0f2de85f687
0,41ee978d-107f-4448-a0cb-1eabfe866521,open,41ee978d-107f-4448-a0cb-1eabfe866521
0,a5909561-aa8c-47fa-88a8-227e770bfa5c,open,a5909561-aa8c-47fa-88a8-227e770bfa5c
0,3b2ec510-f356-4463-893e-e8cf6c2d7625,open,3b2ec510-f356-4463-893e-e8cf6c2d7625
0,0c42878f-0773-4ae7-8f30-1f00c59463b3,open,0c42878f-0773-4ae7-8f30-1f00c59463b3
0,08a3f3af-acd3-4c22-b359-2a3606ee538d,open,08a3f3af-acd3-4c22-b359-2a3606ee538d
0,12a29cf7-15ea-42be-9799-2ff9c7252082,open,12a29cf7-15ea-42be-9799-2ff9c7252082
0,a2accec2-b4ea-4742-96b7-472a9c5c73e5,open,a2accec2-b4ea-4742-96b7-472a9c5c73e5
0,b03c96fb-1f03-485d-a3f5-b51f8970aeed,open,b03c96fb-1f03-485d-a3f5-b51f8970aeed
0,afbe0c26-9aa6-4c5f-b3ab-0ad90402af4d,open,afbe0c26-9aa6-4c5f-b3ab-0ad90402af4d
0,34a356bf-c727-4501-adf9-1eb3bfe7677b,open,34a356bf-c727-4501-adf9-1eb3bfe7677b
0,e87863d9-e00a-44d8-8331-bb9214b5554a,open,e87863d9-e00a-44d8-8331-bb9214b5554a
0,a1e31ae4-2a40-438d-b78e-9b9087c442da,open,a1e31ae4-2a40-438d-b78e-9b9087c442da
0,9c08c635-2c10-4c46-9ec1-31be9a1f73ce,open,9c08c635-2c10-4c46-9ec1-31be9a1f73ce
0,44d1d9ff-9c80-4a9a-8d14-95ef2fa4dc10,open,44d1d9ff-9c80-4a9a-8d14-95ef2fa4dc10
0,0782ceff-811e-4d82-b462-dab1aca4f55f,open,0782ceff-811e-4d82-b462-dab1aca4f55f
0,3e276e0e-20d5-4902-840f-b91c76e8813a,open,3e276e0e-20d5-4902-840f-b91c76e8813a
0,be64ebd0-d325-4da0-8956-a4e8c6935901,open,be64ebd0-d325-4da0-8956-a4e8c6935901
0,2fea8fe4-1b6e-490d-bf92-98f0e3090e7e,open,2fea8fe4-1b6e-490d-bf92-98f0e3090e7e
0,e37e0d5f-9fc7-4a0a-b268-ba2a2dcdce17,open,e37e0d5f-9fc7-4a0a-b268-ba2a2dcdce17
0,12068a03-a09f-4abd-9776-e91ab0631fb6,open,12068a03-a09f-4abd-9776-e91ab0631fb6
0,0769979c-c70e-428a-b198-add14b57063f,open,0769979c-c70e-428a-b198-add14b57063f
0,2b7d7feb-a8fa-417f-8e20-389b5ec5f76b,open,2b7d7feb-a8fa-417f-8e20-389b5ec5f76b
0,53bb6a64-86ae-4778-95d0-9d17b9cf62bf,open,53bb6a64-86ae-4778-95d0-9d17b9cf62bf
0,4ba8871a-6921-4a00-b7fd-35dcf014a338,open,4ba8871a-6921-4a00-b7fd-35dcf014a338
0,722e7d9f-4859-4391-ad9a-1958adc3ad86,open,722e7d9f-4859-4391-ad9a-1958adc3ad86
0,e2d9d802-f7fa-4537-9b71-0a54ca2dad65,open,e2d9d802-f7fa-4537-9b71-0a54ca2dad65
0,149c722c-9816-4fac-bf08-c08f3f2bba08,open,149c722c-9816-4fac-bf08-c08f3f2bba08
0,49df135d-39e6-481a-97f8-1ffbff428d05,open,49df135d-39e6-481a-97f8-1ffbff428d05
0,c670fb2a-1849-4f16-a1ab-532079c1f6f7,open,c670fb2a-1849-4f16-a1ab-532079c1f6f7
0,ef610224-b325-4c67-96b4-fb92e67ccd0d,open,ef610224-b325-4c67-96b4-fb92e67ccd0d
0,281f0162-369f-4671-9230-b3f9f9d5dad0,open,281f0162-369f-4671-9230-b3f9f9d5dad0
0,5c9d7cb8-7aaf-4a91-81b5-70513388e9f8,open,5c9d7cb8-7aaf-4a91-81b5-70513388e9f8
0,e577f770-b0e2-4671-bc0e-a4efa01e3b62,open,e577f770-b0e2-4671-bc0e-a4efa01e3b62
0,922abf15-6509-456e-80da-7bc5ed9e7a3c,open,922abf15-6509-456e-80da-7bc5ed9e7a3c
0,af1f9474-b759-4f93-b043-f2814f9ad773,open,af1f9474-b759-4f93-b043-f2814f9ad773
0,32d21731-f511-472f-afab-51bc45325605,open,32d21731-f511-472f-afab-51bc45325605
0,2cfa9f0a-8231-4fcc-9aba-0ec52fdfdffd,open,2cfa9f0a-8231-4fcc-9aba-0ec52fdfdffd
0,163fcafd-4fbd-40f5-95e6-f97fd177224a,open,163fcafd-4fbd-40f5-95e6-f97fd177224a
0,bfb26464-6c18-4cc2-8ece-3cbca16d16be,open,bfb26464-6c18-4cc2-8ece-3cbca16d16be
0,4ffe5f69-da65-4d70-8fdf-d61436d66439,open,4ffe5f69-da65-4d70-8fdf-d61436d66439
0,199c9a54-e844-477c-8ab4-d9556f070acf,open,199c9a54-e844-477c-8ab4-d9556f070acf
0,d1958d26-d3b4-42aa-93c8-8a53d2ebf7a3,open,d1958d26-d3b4-42aa-93c8-8a53d2ebf7a3
0,9324ca47-970f-411e-aefb-7a467e048402,open,9324ca47-970f-411e-aefb-7a467e048402
0,2a57c1b8-1063-415a-bfd4-dde114235828,open,2a57c1b8-1063-415a-bfd4-dde114235828
0,02a9ad76-2595-49db-9a7d-7cacfdeb5eab,open,02a9ad76-2595-49db-9a7d-7cacfdeb5eab
0,0ccbe176-30d5-46b1-ae91-c39cabd25b36,open,0ccbe176-30d5-46b1-ae91-c39cabd25b36
0,77a145e7-3a04-4d64-92e6-10214035ed44,open,77a145e7-3a04-4d64-92e6-10214035ed44
0,5a18f89b-a4a2-4d80-81ec-c1a19c22ddf1,open,5a18f89b-a4a2-4d80-81ec-c1a19c22ddf1
0,467c2d87-22e4-4270-af83-d7341ddc138b,open,467c2d87-22e4-4270-af83-d7341ddc138b
0,4617eaf7-7a0d-4adb-9b5e-6b9131424029,open,4617eaf7-7a0d-4adb-9b5e-6b9131424029
0,44fd50e2-67e6-4fda-92e5-0e23b6462fb4,open,44fd50e2-67e6-4fda-92e5-0e23b6462fb4
0,1e7701ba-86fc-4aff-877d-b6d509b3ff98,open,1e7701ba-86fc-4aff-877d-b6d509b3ff98
0,d5898e0a-494a-4187-bc08-53f49c85724f,open,d5898e0a-494a-4187-bc08-53f49c85724f
0,72124038-26b1-4e98-bbcf-230934cc708d,open,72124038-26b1-4e98-bbcf-230934cc708d
0,92788cfb-0a02-4db4-b60c-e43fe2ce5ffc,open,92788cfb-0a02-4db4-b60c-e43fe2ce5ffc
0,91786597-c39c-47af-898f-d58047dc31cd,open,91786597-c39c-47af-898f-d58047dc31cd
0,4dfd3e4c-5a42-4dd9-874f-8b91342d030b,open,4dfd3e4c-5a42-4dd9-874f-8b91342d030b
0,102471c8-7e2b-4568-8c97-a9f1ba427b14,open,102471c8-7e2b-4568-8c97-a9f1ba427b14
0,d5e88a4c-e90d-4683-ae56-7d86adbad982,open,d5e88a4c-e90d-4683-ae56-7d86adbad982
0,1508d6d2-e6cd-4ed0-9032-0c0f092b2f23,open,1508d6d2-e6cd-4ed0-9032-0c0f092b2f23
0,41c9b429-912f-47f8-9158-c873855c416e,open,41c9b429-912f-47f8-9158-c873855c416e
0,3ab054d4-a153-40b6-b09e-1851fd230890,open,3ab054d4-a153-40b6-b09e-1851fd230890
0,b8039522-4ab3-49fc-9c1d-259c934499a7,open,b8039522-4ab3-49fc-9c1d-259c934499a7
0,8336d65c-b8e1-473c-ae4e-f16a17eed8ea,open,8336d65c-b8e1-473c-ae4e-f16a17eed8ea
0,4f4039f8-c4f9-4529-bbaf-ff206a296cba,open,4f4039f8-c4f9-4529-bbaf-ff206a296cba
0,a3c41af7-58b6-45fe-abe8-d89057407b54,open,a3c41af7-58b6-45fe-abe8-d89057407b54
0,902f16c0-57f0-4292-8848-d6b87908956b,open,902f16c0-57f0-4292-8848-d6b87908956b
0,7feb39c6-d0b6-4212-a1cf-14123a3b207c,open,7feb39c6-d0b6-4212-a1cf-14123a3b207c
0,2dc4c965-8305-4aa1-ac72-34ae57a05210,open,2dc4c965-8305-4aa1-ac72-34ae57a05210
0,3f44312d-eb5f-458b-b3da-8fdde0cbd419,open,3f44312d-eb5f-458b-b3da-8fdde0cbd419
0,cb4817d7-2762-43ba-8014-8ebf0893bcee,open,cb4817d7-2762-43ba-8014-8ebf0893bcee
0,b7d1d61c-3212-4c1b-910f-1e275b10e96d,open,b7d1d61c-3212-4c1b-910f-1e275b10e96d
0,480256f9-b778-42cc-b1f0-3e3a4bf78388,open,480256f9-b778-42cc-b1f0-3e3a4bf78388
0,34223f18-c549-4832-8a48-6702816f26d1,open,34223f18-c549-4832-8a48-6702816f26d1
0,48754646-5a25-4d75-8036-1f0f181ec7f0,open,48754646-5a25-4d75-8036-1f0f181ec7f0
0,2e2125a1-5a14-419f-b5ae-02e94783823c,open,2e2125a1-5a14-419f-b5ae-02e94783823c
0,625b8b17-22c0-4abf-baf6-e1bd0aecbfaf,open,625b8b17-22c0-4abf-baf6-e1bd0aecbfaf
0,85a72897-d499-4d92-a6f2-7eb4166dbec6,open,85a72897-d499-4d92-a6f2-7eb4166dbec6
0,574d7b2c-fc26-4685-8100-ab23da6bb569,open,574d7b2c-fc26-4685-8100-ab23da6bb569
0,a9588855-49ff-4664-a68a-4b2e429d7771,open,a9588855-49ff-4664-a68a-4b2e429d7771
0,f925419f-ea68-4dfd-86ae-e6e6e0ca91d9,open,f925419f-ea68-4dfd-86ae-e6e6e0ca91d9
0,4479c4cb-9c5d-4da3-852a-fca699689fb9,open,4479c4cb-9c5d-4da3-852a-fca699689fb9
0,95d8bdea-9565-42f8-9f3a-4450cc27f411,open,95d8bdea-9565-42f8-9f3a-4450cc27f411
0,4c9f0ae4-cea7-4bec-840c-1ca575b0a425,open,4c9f0ae4-cea7-4bec-840c-1ca575b0a425
0,e8e4b374-7517-468d-a310-fdb0bf34054e,open,e8e4b374-7517-468d-a310-fdb0bf34054e
0,00cbb873-d96d-4580-943c-9809d816635f,open,00cbb873-d96d-4580-943c-9809d816635f
0,2dde461f-d60b-42ff-bf3f-650802ff341c,open,2dde461f-d60b-42ff-bf3f-650802ff341c
0,1fb00c07-bba7-4eb5-be2c-4295f1527966,open,1fb00c07-bba7-4eb5-be2c-4295f1527966
0,5dca6df7-0cc4-4a43-8aff-b1efaa60df3c,open,5dca6df7-0cc4-4a43-8aff-b1efaa60df3c
0,82775cb9-b334-4e42-bfd1-cb4aa79c8b79,open,82775cb9-b334-4e42-bfd1-cb4aa79c8b79
0,f0314fcf-7915-4308-9dbb-9217b8ded683,open,f0314fcf-7915-4308-9dbb-9217b8ded683
0,424da8ff-20b8-4e30-8d83-d35af0bef4f3,open,424da8ff-20b8-4e30-8d83-d35af0bef4f3
0,fa67dad9-e3e8-4568-9268-c9e4f57f5afb,open,fa67dad9-e3e8-4568-9268-c9e4f57f5afb
0,d6cda05d-7275-4ea2-9bb6-d4e7b91b9c35,open,d6cda05d-7275-4ea2-9bb6-d4e7b91b9c35
0,e3fc1e4f-accd-4911-a9c5-f5ed9cfe462c,open,e3fc1e4f-accd-4911-a9c5-f5ed9cfe462c
0,f70ef4ed-6ff7-4bff-9f09-516a1bfa64ee,open,f70ef4ed-6ff7-4bff-9f09-516a1bfa64ee
0,67f16f73-2789-43a5-bc88-96fad319813e,open,67f16f73-2789-43a5-bc88-96fad319813e
0,e334dd24-84b2-4a94-bdc5-4a14dae9efd8,open,e334dd24-84b2-4a94-bdc5-4a14dae9efd8
0,871e3213-c10d-4c91-b27c-10da6fc01c48,open,871e3213-c10d-4c91-b27c-10da6fc01c48
0,6bc92313-05cd-4118-a876-dc12072befaa,open,6bc92313-05cd-4118-a876-dc12072befaa
0,f2128d3b-dccf-4fcc-b0e9-cf7228f8ad9f,open,f2128d3b-dccf-4fcc-b0e9-cf7228f8ad9f
0,6efa1ba0-4bbf-46a1-b3f0-03c402833c8d,open,6efa1ba0-4bbf-46a1-b3f0-03c402833c8d
0,0f2d9665-3e2a-4b2a-94fc-b723c9d41831,open,0f2d9665-3e2a-4b2a-94fc-b723c9d41831
0,ad6436b8-ee2e-443a-88f5-a4afa1886a44,open,ad6436b8-ee2e-443a-88f5-a4afa1886a44
0,cd5fcabf-4701-42d2-8e9c-ca5a30976704,open,cd5fcabf-4701-42d2-8e9c-ca5a30976704
0,37da743c-01df-4bbb-9e2c-8ed54062498b,open,37da743c-01df-4bbb-9e2c-8ed54062498b
0,7669c0f9-4354-420d-9ba2-9bff11fbb25d,open,7669c0f9-4354-420d-9ba2-9bff11fbb25d
0,414c0a8b-146c-4bd5-b297-0829ae228c13,open,414c0a8b-146c-4bd5-b297-0829ae228c13
0,71e72556-a32e-4629-ad49-d5dc4536b4f4,open,71e72556-a32e-4629-ad49-d5dc4536b4f4
0,78f5571c-bf69-44e0-863e-fc7dba90833a,open,78f5571c-bf69-44e0-863e-fc7dba90833a
0,0926ffa9-6ee4-4eba-aaa7-9ef8484f6a45,open,0926ffa9-6ee4-4eba-aaa7-9ef8484f6a45
0,97f2849e-c313-4f8f-a6c7-8cb3a6e9e005,open,97f2849e-c313-4f8f-a6c7-8cb3a6e9e005
0,7b7d42ff-a676-4a92-a765-f80454396a9a,open,7b7d42ff-a676-4a92-a765-f80454396a9a
0,c0bc37be-e3d9-4cf7-8610-6e22c48c38a8,open,c0bc37be-e3d9-4cf7-8610-6e22c48c38a8
0,af2c11be-b9a5-4bce-9eac-7baf5959a1c4,open,af2c11be-b9a5-4bce-9eac-7baf5959a1c4
0,6001a584-a1c9-4137-9fcb-56769c59d8ca,open,6001a584-a1c9-4137-9fcb-56769c59d8ca
0,f628073b-e17c-483b-acc7-64ef73f48097,open,f628073b-e17c-483b-acc7-64ef73f48097
0,4205b627-c072-4e6b-8080-2fcec685e12e,open,4205b627-c072-4e6b-8080-2fcec685e12e
0,4d677cf9-8f83-49d2-a76e-640378feee54,open,4d677cf9-8f83-49d2-a76e-640378feee54
0,0a79908c-e89a-4d5a-af97-54532fa2a4f0,open,0a79908c-e89a-4d5a-af97-54532fa2a4f0
0,5b0d0bc5-f6b9-4db3-b9b9-b47117359107,open,5b0d0bc5-f6b9-4db3-b9b9-b47117359107
0,fdd16208-7b7c-45d2-92a4-d3b588d67a61,open,fdd16208-7b7c-45d2-92a4-d3b588d67a61
0,cd1a927a-e5de-4811-9897-6a0255e3e4ab,open,cd1a927a-e5de-4811-9897-6a0255e3e4ab
0,45e9b0f1-c73f-4438-a866-739fdacfe633,open,45e9b0f1-c73f-4438-a866-739fdacfe633
0,c6dc63cf-0167-46d9-8aa1-5e972ba8e0b7,open,c6dc63cf-0167-46d9-8aa1-5e972ba8e0b7
0,901852b4-7cd0-4e67-bf7f-0834e8c58d77,open,901852b4-7cd0-4e67-bf7f-0834e8c58d77
0,181cdee6-af2b-4e3d-b192-1d6dce4deb7c,open,181cdee6-af2b-4e3d-b192-1d6dce4deb7c
0,c1a4a9b3-71e2-44c2-bf3e-e4e40d1f7e11,open,c1a4a9b3-71e2-44c2-bf3e-e4e40d1f7e11
0,27b70b51-342c-4dbc-840a-49a45b079590,open,27b70b51-342c-4dbc-840a-49a45b079590
0,134f1636-df6b-4df7-a832-6d495f94aab3,open,134f1636-df6b-4df7-a832-6d495f94aab3
0,9b4e853c-7d46-4e75-b55e-f12375464bf6,open,9b4e853c-7d46-4e75-b55e-f12375464bf6
0,8edd3903-854b-4e31-8a98-be40152c8516,open,8edd3903-854b-4e31-8a98-be40152c8516
0,8d949820-53d9-40e0-b730-7d321d30cb5d,open,8d949820-53d9-40e0-b730-7d321d30cb5d
0,c3a665ad-7119-4c71-86f0-c47781ba0931,open,c3a665ad-7119-4c71-86f0-c47781ba0931
0,b5222479-beee-413c-a51c-cf49049cf9fd,open,b5222479-beee-413c-a51c-cf49049cf9fd
0,d52748be-293b-4544-96e2-ea339ea95a60,open,d52748be-293b-4544-96e2-ea339ea95a60
0,931aa1d7-728d-44a1-899a-152587217a4c,open,931aa1d7-728d-44a1-899a-152587217a4c
0,cda2eb61-7b92-4e3f-9736-21f0349fea93,open,cda2eb61-7b92-4e3f-9736-21f0349fea93
0,7af812b1-e22f-4fb7-9768-f132abb2bb26,open,7af812b1-e22f-4fb7-9768-f132abb2bb26
0,681d210f-c2ca-41eb-bf56-1da46ea74640,open,681d210f-c2ca-41eb-bf56-1da46ea74640
0,44a2ced0-bda4-4785-8bd2-bcc7d98353bf,open,44a2ced0-bda4-4785-8bd2-bcc7d98353bf
0,e8e6ea8d-5790-41ae-abe0-4aa4cac76f46,open,e8e6ea8d-5790-41ae-abe0-4aa4cac76f46
0,f450f7b6-c841-4b8a-a58b-6f2a77ba2a67,open,f450f7b6-c841-4b8a-a58b-6f2a77ba2a67
0,8faa3272-2200-4751-96e7-1b33c407e37e,open,8faa3272-2200-4751-96e7-1b33c407e37e
0,6cc2bbb3-53db-4f39-b267-57790b86f7a3,open,6cc2bbb3-53db-4f39-b267-57790b86f7a3
0,23b7835b-e55f-4c7a-b2e0-7918da5c947f,open,23b7835b-e55f-4c7a-b2e0-7918da5c947f
0,c7038479-798c-46eb-9267-acccceb38913,open,c7038479-798c-46eb-9267-acccceb38913
0,ac9bb699-8a2d-49dc-a440-2254d61be763,open,ac9bb699-8a2d-49dc-a440-2254d61be763
0,b9e86156-9e09-483b-88e5-38da3af2fe65,open,b9e86156-9e09-483b-88e5-38da3af2fe65
0,f501541b-4425-410e-8aff-7fdf6c7d57ce,open,f501541b-4425-410e-8aff-7fdf6c7d57ce
0,cb8e3c3a-117b-4586-8021-d0ac438a7b76,open,cb8e3c3a-117b-4586-8021-d0ac438a7b76
0,1918f1ea-e56f-4d05-86a6-8875671f1486,open,1918f1ea-e56f-4d05-86a6-8875671f1486
0,4a69ae94-86a2-4243-b3a1-b41d17ff015b,open,4a69ae94-86a2-4243-b3a1-b41d17ff015b
0,0b490885-dedb-4f99-bbeb-d92f747bec18,open,0b490885-dedb-4f99-bbeb-d92f747bec18
0,50f41d5c-8003-490b-a033-01cabbfc30ce,open,50f41d5c-8003-490b-a033-01cabbfc30ce
0,29d7c0b1-3e7a-4587-b667-e4dd09e3c5f5,open,29d7c0b1-3e7a-4587-b667-e4dd09e3c5f5
0,53c21347-f533-45c3-984f-1e215d2c6398,open,53c21347-f533-45c3-984f-1e215d2c6398
0,cb9df948-cf07-4a8e-8e3b-8e0daa3b5fbd,open,cb9df948-cf07-4a8e-8e3b-8e0daa3b5fbd
0,dc1bd3e6-35df-44a7-bf08-07e5dd14d31a,open,dc1bd3e6-35df-44a7-bf08-07e5dd14d31a
0,9ccefba7-9c96-4ee3-81be-23fe10a08d5e,open,9ccefba7-9c96-4ee3-81be-23fe10a08d5e
0,d95fece8-cab4-4a20-a0c5-732cda8eedb8,open,d95fece8-cab4-4a20-a0c5-732cda8eedb8
0,6e97c063-01c0-4cb0-a635-89fa2213aed3,open,6e97c063-01c0-4cb0-a635-89fa2213aed3
0,fbd93e79-0d6b-459c-ac33-d6eff3f86977,open,fbd93e79-0d6b-459c-ac33-d6eff3f86977
0,6113751e-4307-4b95-874e-c19522bd79ae,open,6113751e-4307-4b95-874e-c19522bd79ae
0,60efb3cb-666f-45bc-8f3b-c4ba72740a93,open,60efb3cb-666f-45bc-8f3b-c4ba72740a93
0,8188d8d1-56a8-40b8-b132-0fe3af53de2c,open,8188d8d1-56a8-40b8-b132-0fe3af53de2c
0,9c21f6de-4706-478f-ae23-8b17d529d340,open,9c21f6de-4706-478f-ae23-8b17d529d340
0,f4ace06e-191b-436c-afa1-9a22471a74b9,open,f4ace06e-191b-436c-afa1-9a22471a74b9
0,1fa01db0-4bfe-4b55-9329-01b1595b5316,open,1fa01db0-4bfe-4b55-9329-01b1595b5316
0,33019a66-b493-48f5-8080-6ca5fcc7dca4,open,33019a66-b493-48f5-8080-6ca5fcc7dca4
0,243854de-cced-4209-990d-eb977373fb4f,open,243854de-cced-4209-990d-eb977373fb4f
0,5d2c0493-ccc6-4d86-93dc-a29969c28ec2,open,5d2c0493-ccc6-4d86-93dc-a29969c28ec2
0,2ee3287e-be59-49b3-99bc-9200dd7d5943,open,2ee3287e-be59-49b3-99bc-9200dd7d5943
0,8cd523bf-777b-4568-8153-18b00ab6f486,open,8cd523bf-777b-4568-8153-18b00ab6f486
0,83b7fa98-ece5-4519-bd46-6f38dd01b4e7,open,83b7fa98-ece5-4519-bd46-6f38dd01b4e7
0,33074cf0-d74c-406f-8f9f-dce8a1a348d9,open,33074cf0-d74c-406f-8f9f-dce8a1a348d9
0,c7ab219d-63da-4e80-8e2b-e348a1a1617f,open,c7ab219d-63da-4e80-8e2b-e348a1a1617f
0,835bba52-abb3-4923-990a-6020a108f5d0,open,835bba52-abb3-4923-990a-6020a108f5d0
0,bff1e1bf-994e-420d-b240-dd783f9bc867,open,bff1e1bf-994e-420d-b240-dd783f9bc867
0,3dae8d5a-4962-4d4d-bf32-f27e18b435bb,open,3dae8d5a-4962-4d4d-bf32-f27e18b435bb
0,fc64ce8c-6341-4761-9ed2-81201d77111a,open,fc64ce8c-6341-4761-9ed2-81201d77111a
0,04d38730-491d-495d-8400-e88ede726313,open,04d38730-491d-495d-8400-e88ede726313
0,c53eb93d-b28d-47c3-981c-3338ce91641e,open,c53eb93d-b28d-47c3-981c-3338ce91641e
0,c3d06e43-f79a-4f19-ba46-c7f3beccb1f6,open,c3d06e43-f79a-4f19-ba46-c7f3beccb1f6
0,d7f92b8b-ab25-4f31-bfb9-a93d5b10ddae,open,d7f92b8b-ab25-4f31-bfb9-a93d5b10ddae
0,426fa5fe-7f17-4478-a661-220b735c024a,open,426fa5fe-7f17-4478-a661-220b735c024a
0,f72b50ed-d298-4ef0-abb7-2a9af71d0a6c,open,f72b50ed-d298-4ef0-abb7-2a9af71d0a6c
0,00f099c0-455f-4f3f-9818-e53049f681ee,open,00f099c0-455f-4f3f-9818-e53049f681ee
0,b01ee4ac-cb62-4943-88a4-df8913a3fe44,open,b01ee4ac-cb62-4943-88a4-df8913a3fe44
0,5883eef2-0a02-4ba1-8833-ff71ea52d2c0,open,5883eef2-0a02-4ba1-8833-ff71ea52d2c0
0,0823a55f-4ec8-48ed-b44e-0f4cf8444d38,open,0823a55f-4ec8-48ed-b44e-0f4cf8444d38
0,f3218517-8d85-45db-a906-7268a1ab9f38,open,f3218517-8d85-45db-a906-7268a1ab9f38
0,0ed61603-7d1a-4ac8-be6e-ca8a3b1f883d,open,0ed61603-7d1a-4ac8-be6e-ca8a3b1f883d
0,953d6587-4663-4e17-a0ad-d128810e8a56,open,953d6587-4663-4e17-a0ad-d128810e8a56
0,2c3e5413-23a0-4e5b-93cc-6a998e28a2a6,open,2c3e5413-23a0-4e5b-93cc-6a998e28a2a6
0,d2ad3c2c-ef7d-47c5-a27c-e7e738cdd872,open,d2ad3c2c-ef7d-47c5-a27c-e7e738cdd872
0,532d7159-d8b4-4fc4-9769-992b9f75255c,open,532d7159-d8b4-4fc4-9769-992b9f75255c
0,71207b5b-5625-48a4-9ce4-cba0039f6fb0,open,71207b5b-5625-48a4-9ce4-cba0039f6fb0
0,d3a726ca-8934-40d8-9781-5e5dc72456b3,open,d3a726ca-8934-40d8-9781-5e5dc72456b3
0,6cff8b92-b8a2-4c06-904c-56a81e72f66e,open,6cff8b92-b8a2-4c06-904c-56a81e72f66e
0,9da9ccb8-affe-4cfe-b9f1-412230375f78,open,9da9ccb8-affe-4cfe-b9f1-412230375f78
0,4a4dbcac-5ee2-4532-a941-489ccadf7e9c,open,4a4dbcac-5ee2-4532-a941-489ccadf7e9c
0,0862c140-e6a5-4bf3-acd8-e5c0d52f660c,open,0862c140-e6a5-4bf3-acd8-e5c0d52f660c
0,e4335383-91dd-454b-b323-8f710a529539,open,e4335383-91dd-454b-b323-8f710a529539
0,60de4c13-2949-489c-ad7e-7f0ba277f3b6,open,60de4c13-2949-489c-ad7e-7f0ba277f3b6
0,81076dd2-5d92-41b1-ad27-477dded20ae4,open,81076dd2-5d92-41b1-ad27-477dded20ae4
0,e1b982a9-173d-41b9-9e68-d0270bf81626,open,e1b982a9-173d-41b9-9e68-d0270bf81626
0,7d94e4d5-af22-43c9-a60d-a795a5cddbad,open,7d94e4d5-af22-43c9-a60d-a795a5cddbad
0,984984c0-2d55-4693-ad1f-97f083ebba34,open,984984c0-2d55-4693-ad1f-97f083ebba34
0,3577c3c5-6c44-4951-bc21-2c0cd9c93308,open,3577c3c5-6c44-4951-bc21-2c0cd9c93308
0,f3af7d7e-3089-4433-8892-a7fedd5234ee,open,f3af7d7e-3089-4433-8892-a7fedd5234ee
0,ae220879-01a5-4eea-ad95-0df741707dcd,open,ae220879-01a5-4eea-ad95-0df741707dcd
0,43d8c900-3852-45aa-a102-c7494c68df62,open,43d8c900-3852-45aa-a102-c7494c68df62
0,7ef4ee6c-03f3-44ce-8d5d-669e7e10c0ea,open,7ef4ee6c-03f3-44ce-8d5d-669e7e10c0ea
0,8c9fd3d1-abc9-4c51-8957-12be3edc0741,open,8c9fd3d1-abc9-4c51-8957-12be3edc0741
0,819954ca-ae8d-4069-b5fe-a0923fc152b0,open,819954ca-ae8d-4069-b5fe-a0923fc152b0
0,46a3f91c-13e7-465d-922e-bc5c42ab9073,open,46a3f91c-13e7-465d-922e-bc5c42ab9073
0,4a1c1105-343c-4d17-a075-07002a4ffe8c,open,4a1c1105-343c-4d17-a075-07002a4ffe8c
0,3a0e356c-4f2f-4350-a8aa-ec5ae1eb91f8,open,3a0e356c-4f2f-4350-a8aa-ec5ae1eb91f8
0,b0456cf2-91f3-4390-b180-75eca8e7f9ab,open,b0456cf2-91f3-4390-b180-75eca8e7f9ab
0,4e11adf6-9e96-4a8a-a13f-098fc31d162d,open,4e11adf6-9e96-4a8a-a13f-098fc31d162d
0,39fa6f81-37b0-4dea-9217-a75ba9d45c68,open,39fa6f81-37b0-4dea-9217-a75ba9d45c68
0,7ca41c44-a23e-49c0-827b-99a930d96e31,open,7ca41c44-a23e-49c0-827b-99a930d96e31
0,05a721ef-0cb7-4f2b-9978-8183fa2a146a,open,05a721ef-0cb7-4f2b-9978-8183fa2a146a
0,150de38d-a2e0-4462-ae19-1de7ce45cbdb,open,150de38d-a2e0-4462-ae19-1de7ce45cbdb
0,ec7f635c-5f29-4478-bab4-e176a3ab74da,open,ec7f635c-5f29-4478-bab4-e176a3ab74da
0,5ce4eb44-40c2-42f6-88ba-8af5955fb8b5,open,5ce4eb44-40c2-42f6-88ba-8af5955fb8b5
0,636754ea-e490-4f20-bb0b-bd48f559d786,open,636754ea-e490-4f20-bb0b-bd48f559d786
0,4ed20001-ba48-448e-9e72-aef694d9ced8,open,4ed20001-ba48-448e-9e72-aef694d9ced8
0,c9ec21ed-3d1d-40d4-8992-4febb2d9d1ae,open,c9ec21ed-3d1d-40d4-8992-4febb2d9d1ae
0,4a5d01b8-4cf9-48e3-ab28-2ce9f900a404,open,4a5d01b8-4cf9-48e3-ab28-2ce9f900a404
0,f90037cf-f705-4cd2-8323-d6f8aa24cc83,open,f90037cf-f705-4cd2-8323-d6f8aa24cc83
0,e80d8e16-c90c-4b1c-9b1f-dd5133995819,open,e80d8e16-c90c-4b1c-9b1f-dd5133995819
0,5158a1a5-4505-46da-abaf-ad97b93ad9c3,open,5158a1a5-4505-46da-abaf-ad97b93ad9c3
0,dafa26d7-9d2f-4b49-8ef9-1147c257a077,open,dafa26d7-9d2f-4b49-8ef9-1147c257a077
0,1c6220c9-61d5-4e57-b584-eabfc44a1371,open,1c6220c9-61d5-4e57-b584-eabfc44a1371
0,9af9bc18-fc79-4dbd-aee8-bcff01a8fb36,open,9af9bc18-fc79-4dbd-aee8-bcff01a8fb36
0,8a96fa56-7589-4b57-892c-1207eab17bba,open,8a96fa56-7589-4b57-892c-1207eab17bba
0,2df74b95-88c7-4d50-910b-3b7940105df8,open,2df74b95-88c7-4d50-910b-3b7940105df8
0,0d5d6ed2-e3ee-4713-bdd4-79c7749de68e,open,0d5d6ed2-e3ee-4713-bdd4-79c7749de68e
0,45462dd4-6019-4e7d-81cc-b8f3f9a29ab0,open,45462dd4-6019-4e7d-81cc-b8f3f9a29ab0
0,e3e8d27c-c1e1-481c-9beb-289413386365,open,e3e8d27c-c1e1-481c-9beb-289413386365
0,79cae5c1-163f-40ec-a361-8d693b6f4bae,open,79cae5c1-163f-40ec-a361-8d693b6f4bae
0,91b7e3ce-d2d8-4f49-b11c-d79739f402fe,open,91b7e3ce-d2d8-4f49-b11c-d79739f402fe
0,d8cf1016-35c3-4ab9-8aef-69b4c0a228f8,open,d8cf1016-35c3-4ab9-8aef-69b4c0a228f8
0,dbe0c404-8832-4266-afcc-ab49dac8e482,open,dbe0c404-8832-4266-afcc-ab49dac8e482
0,5577a112-4bb6-4bab-bb6c-5901ff99e382,open,5577a112-4bb6-4bab-bb6c-5901ff99e382
0,e91248b5-05d3-4a06-87d0-b206dbfd94f2,open,e91248b5-05d3-4a06-87d0-b206dbfd94f2
0,0cb10524-a93e-4acc-b22e-f74cecf6fb90,open,0cb10524-a93e-4acc-b22e-f74cecf6fb90
0,62fda615-1467-4b70-906d-fdee13b19f36,open,62fda615-1467-4b70-906d-fdee13b19f36
0,f5c20615-dc51-410c-b897-96da407dcaf8,open,f5c20615-dc51-410c-b897-96da407dcaf8
0,5279b37b-ffde-4643-a252-e13e53ff93d3,open,5279b37b-ffde-4643-a252-e13e53ff93d3
0,98b3a60a-7464-4786-a5fc-48048b7b6158,open,98b3a60a-7464-4786-a5fc-48048b7b6158
0,e0f665d2-c6c0-4f63-9e5a-c515b3141e3a,open,e0f665d2-c6c0-4f63-9e5a-c515b3141e3a
0,ab3cb9e5-9ad3-445a-8512-faee4c02a598,open,ab3cb9e5-9ad3-445a-8512-faee4c02a598
0,b60b3d19-323f-4239-a225-f5022bdc4d8b,open,b60b3d19-323f-4239-a225-f5022bdc4d8b
0,b8660e38-d2d5-4da7-bded-e5eec38081cd,open,b8660e38-d2d5-4da7-bded-e5eec38081cd
0,be1da64f-4200-4624-a044-b7518463b71e,open,be1da64f-4200-4624-a044-b7518463b71e
0,2d0ba824-7031-4dfe-8a8b-8c898b00e7ce,open,2d0ba824-7031-4dfe-8a8b-8c898b00e7ce
0,eed76c92-3c5c-4f7d-9c93-8143da022fd6,open,eed76c92-3c5c-4f7d-9c93-8143da022fd6
0,ef929495-d66c-4680-be17-b899661031bd,open,ef929495-d66c-4680-be17-b899661031bd
0,8d666c35-e3dc-4a3c-a243-8dedf345d82c,open,8d666c35-e3dc-4a3c-a243-8dedf345d82c
0,dcfce53e-c984-46bd-83c4-bae9d2331578,open,dcfce53e-c984-46bd-83c4-bae9d2331578
0,072eb85e-1c9b-44b6-ae96-2dde3dc279f1,open,072eb85e-1c9b-44b6-ae96-2dde3dc279f1
0,e506f053-5221-4e7a-898a-8bb58fd46ccc,open,e506f053-5221-4e7a-898a-8bb58fd46ccc
0,4a0f7e61-ba13-4ffc-88e1-ca4ce24c9ea6,open,4a0f7e61-ba13-4ffc-88e1-ca4ce24c9ea6
0,f8feec98-91ed-43f8-8f68-dda2031004c7,open,f8feec98-91ed-43f8-8f68-dda2031004c7
0,badd9a7e-514f-483e-b732-80d0cccceaa8,open,badd9a7e-514f-483e-b732-80d0cccceaa8
0,393585ec-19d4-4242-8e4f-3fbeaea66c74,open,393585ec-19d4-4242-8e4f-3fbeaea66c74
0,2b27d98b-c6f6-4405-9855-532b310a5918,open,2b27d98b-c6f6-4405-9855-532b310a5918
0,d5423e90-4951-4e2d-84fb-2ced65cdba34,open,d5423e90-4951-4e2d-84fb-2ced65cdba34
0,16ddc7cc-a2fe-4220-a0b0-03a86c432188,open,16ddc7cc-a2fe-4220-a0b0-03a86c432188
0,34d22d4f-752f-4ad6-92a9-1cad90b0ea7f,open,34d22d4f-752f-4ad6-92a9-1cad90b0ea7f
0,5d54187c-1323-4216-af2f-605d5b70ace2,open,5d54187c-1323-4216-af2f-605d5b70ace2
0,3b884675-e842-407b-97d6-3afc0db2074c,open,3b884675-e842-407b-97d6-3afc0db2074c
0,9f913672-1aa9-4367-8117-416f913b4eb0,open,9f913672-1aa9-4367-8117-416f913b4eb0
0,db3ff18a-039c-4633-923f-482386f8ed4b,open,db3ff18a-039c-4633-923f-482386f8ed4b
0,e1b5faea-2447-43a8-b77b-440240458dd9,open,e1b5faea-2447-43a8-b77b-440240458dd9
0,95bae4c3-9915-4a02-b11e-2fc29a14b58b,open,95bae4c3-9915-4a02-b11e-2fc29a14b58b
0,d006b7f8-339a-45c9-8e21-eb12f7b39cc7,open,d006b7f8-339a-45c9-8e21-eb12f7b39cc7
0,dacd59de-588e-49be-b0a2-a2e4550f0d57,open,dacd59de-588e-49be-b0a2-a2e4550f0d57
0,419dff9f-8390-4637-bae9-573db324e08a,open,419dff9f-8390-4637-bae9-573db324e08a
0,b6c2a91a-6366-44d5-82b8-60438c462d61,open,b6c2a91a-6366-44d5-82b8-60438c462d61
0,04fc2711-175a-404e-bdf7-72ce0982b51c,open,04fc2711-175a-404e-bdf7-72ce0982b51c
0,386812e2-08cf-4616-bf97-aa4f84f18dad,open,386812e2-08cf-4616-bf97-aa4f84f18dad
0,adb77c85-9469-48a2-812b-1bd5470e62d1,open,adb77c85-9469-48a2-812b-1bd5470e62d1
0,46307021-656b-4de4-a41b-463a296d0dc4,open,46307021-656b-4de4-a41b-463a296d0dc4
0,a6b23b13-8519-41f1-8970-22dcde55d893,open,a6b23b13-8519-41f1-8970-22dcde55d893
0,9e25136d-6311-429f-b35e-30706aa091da,open,9e25136d-6311-429f-b35e-30706aa091da
0,d0bc6b2e-00e0-4d58-a05b-5cb1aab0903f,open,d0bc6b2e-00e0-4d58-a05b-5cb1aab0903f
0,ec4503d3-23dc-419d-980b-abe866364431,open,ec4503d3-23dc-419d-980b-abe866364431
0,ba13140d-0fbe-4dfc-b540-0b3ea1812669,open,ba13140d-0fbe-4dfc-b540-0b3ea1812669
0,9ceef5a9-144a-486f-8a50-9dd69d00b1d9,open,9ceef5a9-144a-486f-8a50-9dd69d00b1d9
0,4fb5d618-27f4-4769-ac37-2bcb4db655d8,open,4fb5d618-27f4-4769-ac37-2bcb4db655d8
0,6421e3fa-eb8a-425d-a80d-c1fd98562975,open,6421e3fa-eb8a-425d-a80d-c1fd98562975
0,a89f48aa-61cd-42e1-91d4-a661ab9ebe83,open,a89f48aa-61cd-42e1-91d4-a661ab9ebe83
0,d51cecf5-cb52-45d0-b69f-27d4cf0bbffa,open,d51cecf5-cb52-45d0-b69f-27d4cf0bbffa
0,173f03ca-1053-4cfb-959c-b641c5d80472,open,173f03ca-1053-4cfb-959c-b641c5d80472
0,8f7df6f7-8bb0-4f94-ac9a-34babf81ce7f,open,8f7df6f7-8bb0-4f94-ac9a-34babf81ce7f
0,7a3a7eff-f042-49e8-ae76-737ba33d843b,open,7a3a7eff-f042-49e8-ae76-737ba33d843b
0,88fe3722-79a0-4ac0-937c-4805946dfd34,open,88fe3722-79a0-4ac0-937c-4805946dfd34
0,a7f84d13-bb43-4b32-b519-7d70d8b1f67b,open,a7f84d13-bb43-4b32-b519-7d70d8b1f67b
0,17f00ec4-f411-43ad-9cb3-225f566826d4,open,17f00ec4-f411-43ad-9cb3-225f566826d4
0,11e00261-ad21-4cd5-84e5-b142c8dac71c,open,11e00261-ad21-4cd5-84e5-b142c8dac71c
0,88282030-6893-43e5-9a9f-9447edbc3d05,open,88282030-6893-43e5-9a9f-9447edbc3d05
0,7257aa0e-287e-4df6-b3ca-aa7429876342,open,7257aa0e-287e-4df6-b3ca-aa7429876342
0,fafc9de4-2b50-45df-9695-50b9cc22d8f7,open,fafc9de4-2b50-45df-9695-50b9cc22d8f7
0,e42e4d4f-e1d3-419e-8d23-4719ee40067d,open,e42e4d4f-e1d3-419e-8d23-4719ee40067d
0,b69eeece-7cc8-4299-bfcb-3617f239338c,open,b69eeece-7cc8-4299-bfcb-3617f239338c
0,a965238a-b05a-408b-bc94-45094dc10857,open,a965238a-b05a-408b-bc94-45094dc10857
0,71928086-7e09-4677-bb9d-b14a0abd301d,open,71928086-7e09-4677-bb9d-b14a0abd301d
0,1066807a-f5c8-4477-8bc8-5f2207601408,open,1066807a-f5c8-4477-8bc8-5f2207601408
0,6f58bd3b-aa32-4662-8fbd-67436c409a2b,open,6f58bd3b-aa32-4662-8fbd-67436c409a2b
0,7ffc5567-f547-4885-a7c5-496b254c6df3,open,7ffc5567-f547-4885-a7c5-496b254c6df3
0,1f3095c5-c39e-48a5-9d62-afadfe53dda9,open,1f3095c5-c39e-48a5-9d62-afadfe53dda9
0,b7b5a468-8f62-49b3-b3cb-94033ae10053,open,b7b5a468-8f62-49b3-b3cb-94033ae10053
0,7f97fd71-fb33-425c-ab1e-e7ae53375106,open,7f97fd71-fb33-425c-ab1e-e7ae53375106
0,33da291f-3a77-4a69-a179-67b3304ec22b,open,33da291f-3a77-4a69-a179-67b3304ec22b
0,275e3ded-d683-40f9-9a47-20d3409bfed3,open,275e3ded-d683-40f9-9a47-20d3409bfed3
0,e4f0014b-dbd8-465b-8e48-a442c30e1ba7,open,e4f0014b-dbd8-465b-8e48-a442c30e1ba7
0,9376e96f-cd9e-4d7a-af84-57d40e0daf56,open,9376e96f-cd9e-4d7a-af84-57d40e0daf56
0,f74907e6-a112-4828-b33a-d369c8b551bd,open,f74907e6-a112-4828-b33a-d369c8b551bd
0,d6de88f7-5338-493f-92ea-68d2d81fbe6d,open,d6de88f7-5338-493f-92ea-68d2d81fbe6d
0,27eddc52-e3bc-4d7d-aa6b-6ed53e903da8,open,27eddc52-e3bc-4d7d-aa6b-6ed53e903da8
0,a3fc931d-1be8-4229-b8f7-3d76cd6fb9cf,open,a3fc931d-1be8-4229-b8f7-3d76cd6fb9cf
0,c9fb32f3-d68b-498f-92b2-14f220304087,open,c9fb32f3-d68b-498f-92b2-14f220304087
0,320963b6-de6e-4f70-8b43-bef733262606,open,320963b6-de6e-4f70-8b43-bef733262606
0,a4fa7001-9e09-4ab1-9bde-a4203615a912,open,a4fa7001-9e09-4ab1-9bde-a4203615a912
0,64ecc4e6-be47-45ec-9a31-b32ca12b3f1e,open,64ecc4e6-be47-45ec-9a31-b32ca12b3f1e
0,4d33368f-f800-42ca-9088-10042a57bb3a,open,4d33368f-f800-42ca-9088-10042a57bb3a
0,67dc1a41-c09f-4ccd-be8e-201cffa10799,open,67dc1a41-c09f-4ccd-be8e-201cffa10799
0,a86f08f8-4e03-4f84-a344-8b242952e1e7,open,a86f08f8-4e03-4f84-a344-8b242952e1e7
0,2b9c8975-1b0a-4109-bd2d-b4363f3ea44f,open,2b9c8975-1b0a-4109-bd2d-b4363f3ea44f
0,d992540b-974b-4a66-9ad4-217f7ec5964d,open,d992540b-974b-4a66-9ad4-217f7ec5964d
0,986e4a8c-995c-4a23-acad-952c5b7b8a26,open,986e4a8c-995c-4a23-acad-952c5b7b8a26
0,c35c7f67-b626-4a46-b811-ff6fb827251c,open,c35c7f67-b626-4a46-b811-ff6fb827251c
0,4569cd3c-7d84-43b5-b049-8e4e6688f28a,open,4569cd3c-7d84-43b5-b049-8e4e6688f28a
0,37ff6517-ce1c-496c-9d57-78b33b76c699,open,37ff6517-ce1c-496c-9d57-78b33b76c699
0,91d527e3-e62e-4702-8ecc-98e3526de225,open,91d527e3-e62e-4702-8ecc-98e3526de225
0,600dd19f-ec75-4c86-99a5-1938719551a4,open,600dd19f-ec75-4c86-99a5-1938719551a4
0,c221a12a-bce9-4c18-a759-c4926a60325e,open,c221a12a-bce9-4c18-a759-c4926a60325e
0,fd8f3101-1248-40c2-b82c-438d6c8112b7,open,fd8f3101-1248-40c2-b82c-438d6c8112b7
0,33c9a46e-9f33-41f9-94de-3ee64215b0a4,open,33c9a46e-9f33-41f9-94de-3ee64215b0a4
0,a8860588-8224-4353-bc1c-2a3cf3e168bc,open,a8860588-8224-4353-bc1c-2a3cf3e168bc
0,20c8deb6-3c52-4e71-a266-7cf1161263b8,open,20c8deb6-3c52-4e71-a266-7cf1161263b8
0,ece43824-d8a0-4cff-8188-a3a26cf9e18d,open,ece43824-d8a0-4cff-8188-a3a26cf9e18d
0,a684d1f5-6234-43b3-8e59-309d0bfd6839,open,a684d1f5-6234-43b3-8e59-309d0bfd6839
0,21349e65-11d4-43ec-80fa-3e88d25aa31f,open,21349e65-11d4-43ec-80fa-3e88d25aa31f
0,2de2d304-b194-42a6-b6f8-161b134f9d61,open,2de2d304-b194-42a6-b6f8-161b134f9d61
0,3c3ffae6-f31c-4b5d-9b2e-912c178dc6b9,open,3c3ffae6-f31c-4b5d-9b2e-912c178dc6b9
0,6ed742b2-bd74-4720-9992-7e1b5a284049,open,6ed742b2-bd74-4720-9992-7e1b5a284049
0,412312d4-685c-4ea2-a846-828d93c89fbf,open,412312d4-685c-4ea2-a846-828d93c89fbf
0,6dbee44e-0da3-46ae-bfbe-8cae16f173e3,open,6dbee44e-0da3-46ae-bfbe-8cae16f173e3
0,8810f2db-f0b3-45b3-83b0-eef60580f851,open,8810f2db-f0b3-45b3-83b0-eef60580f851
0,22108dc9-a2b7-4936-b3cf-f1656b0ca185,open,22108dc9-a2b7-4936-b3cf-f1656b0ca185
0,de71e94d-1794-4dc9-bf12-a5f854ded77a,open,de71e94d-1794-4dc9-bf12-a5f854ded77a
0,f3179501-2511-4eaa-8fb1-27082468f04c,open,f3179501-2511-4eaa-8fb1-27082468f04c
0,4dbbb3e1-ff79-4004-b8c1-00e4b4f52f87,open,4dbbb3e1-ff79-4004-b8c1-00e4b4f52f87
0,b089eefd-9233-4276-a534-96ef1e2af8ba,open,b089eefd-9233-4276-a534-96ef1e2af8ba
0,4efd7434-07c8-4573-b834-ea76f8cf3a8d,open,4efd7434-07c8-4573-b834-ea76f8cf3a8d
0,e4492d3d-0acf-4251-a717-6e888ffe2c7c,open,e4492d3d-0acf-4251-a717-6e888ffe2c7c
0,1e1d0c1b-a0e9-4bd5-99ee-de1ee1493140,open,1e1d0c1b-a0e9-4bd5-99ee-de1ee1493140
0,4797287d-e5ed-44ce-9a37-baed5a92017c,open,4797287d-e5ed-44ce-9a37-baed5a92017c
0,a841986a-72a9-4e0a-9787-545e49b669e8,open,a841986a-72a9-4e0a-9787-545e49b669e8
0,90bde7ad-0bff-4daa-9621-b12ead31abb5,open,90bde7ad-0bff-4daa-9621-b12ead31abb5
0,74e20d63-a07f-41e6-9133-d6646e66bb2d,open,74e20d63-a07f-41e6-9133-d6646e66bb2d
0,c6ef05ab-10bc-4986-a73d-bffe60d02b38,open,c6ef05ab-10bc-4986-a73d-bffe60d02b38
0,a6f9176b-d782-4e47-8ced-bc7d857052aa,open,a6f9176b-d782-4e47-8ced-bc7d857052aa
0,e98e4d50-91b1-4125-a212-a41752fbfa70,open,e98e4d50-91b1-4125-a212-a41752fbfa70
0,48253f0a-1f67-49aa-9069-e8ec713f5283,open,48253f0a-1f67-49aa-9069-e8ec713f5283
0,c0bc4f7c-5dad-4215-b850-5ea89032abb4,open,c0bc4f7c-5dad-4215-b850-5ea89032abb4
0,d3eb4bf8-84b4-4e76-acc8-9b664ac7a270,open,d3eb4bf8-84b4-4e76-acc8-9b664ac7a270
0,45f9f79d-125d-4a54-8dd1-55a9a0ae7b0a,open,45f9f79d-125d-4a54-8dd1-55a9a0ae7b0a
0,02ff61cc-b1c2-4869-afb3-6b8b0112e972,open,02ff61cc-b1c2-4869-afb3-6b8b0112e972
0,3d24083c-6d98-4dad-ac26-88a2507ee93c,open,3d24083c-6d98-4dad-ac26-88a2507ee93c
0,49f443eb-2a4f-4748-9f83-6ad7d14f15a2,open,49f443eb-2a4f-4748-9f83-6ad7d14f15a2
0,642968cd-85ca-4d3a-8c04-90ae846ca6ae,open,642968cd-85ca-4d3a-8c04-90ae846ca6ae
0,2913101f-78d8-4a83-aac9-426828dc190c,open,2913101f-78d8-4a83-aac9-426828dc190c
0,4e12aa0c-6ead-4aa8-b39a-132f3e887400,open,4e12aa0c-6ead-4aa8-b39a-132f3e887400
0,003a4bcf-a266-47dd-a6ac-9a741e2e261c,open,003a4bcf-a266-47dd-a6ac-9a741e2e261c
0,d2660978-155f-45ca-9800-305f6715d56a,open,d2660978-155f-45ca-9800-305f6715d56a
0,c6f9fe48-ce30-4f14-9e34-f90324678f1f,open,c6f9fe48-ce30-4f14-9e34-f90324678f1f
0,c5dccb44-71de-4913-85ec-db654d95fb0c,open,c5dccb44-71de-4913-85ec-db654d95fb0c
0,adf11982-f437-4c5e-bcbe-39bc37ac8c0d,open,adf11982-f437-4c5e-bcbe-39bc37ac8c0d
0,6f3ea85b-3318-4e06-8959-fd59044a36c2,open,6f3ea85b-3318-4e06-8959-fd59044a36c2
0,e4ed87d6-958d-46c5-aaeb-5320a071e618,open,e4ed87d6-958d-46c5-aaeb-5320a071e618
0,1f6006b6-9eaf-4bf3-96ba-844b03a1015f,open,1f6006b6-9eaf-4bf3-96ba-844b03a1015f
0,ce60faa7-6458-4d5f-bb16-d07ac13c667b,open,ce60faa7-6458-4d5f-bb16-d07ac13c667b
0,2705d429-2c77-454b-a15a-5515a5739718,open,2705d429-2c77-454b-a15a-5515a5739718
0,3710812b-290b-4f6c-b81f-285d28fe524f,open,3710812b-290b-4f6c-b81f-285d28fe524f
0,dbd1b8a2-a3b2-4c10-bbd1-fb274e314556,open,dbd1b8a2-a3b2-4c10-bbd1-fb274e314556
0,a1ec71b2-291c-4d1e-a069-a87ac79ddaad,open,a1ec71b2-291c-4d1e-a069-a87ac79ddaad
0,a5a882de-3498-4c33-b351-fb6a9a15c07c,open,a5a882de-3498-4c33-b351-fb6a9a15c07c
0,45282fbd-95c4-443c-9f5e-f76e3dc6c27d,open,45282fbd-95c4-443c-9f5e-f76e3dc6c27d
0,5c51948b-bd5e-4a92-95e6-bb95c04b83dc,open,5c51948b-bd5e-4a92-95e6-bb95c04b83dc
0,fca3c725-ff87-4a06-92b6-519a34c8edb0,open,fca3c725-ff87-4a06-92b6-519a34c8edb0
0,186e2847-fcb6-4e5d-9a9e-53fc8fcf89f5,open,186e2847-fcb6-4e5d-9a9e-53fc8fcf89f5
0,eabd87e4-1e15-45b0-baba-5a11f62a3cfa,open,eabd87e4-1e15-45b0-baba-5a11f62a3cfa
0,ce1e7aeb-bbde-42f3-b711-39f97b97b3cf,open,ce1e7aeb-bbde-42f3-b711-39f97b97b3cf
0,0cca15d3-0fe9-4868-ace6-e7751395d85b,open,0cca15d3-0fe9-4868-ace6-e7751395d85b
0,b1b2c156-6966-41ed-abfd-32eac0ac8257,open,b1b2c156-6966-41ed-abfd-32eac0ac8257
0,5e5564c8-f16b-4a85-946c-753edadabafd,open,5e5564c8-f16b-4a85-946c-753edadabafd
0,30003167-bdf8-4f83-95fc-338475d58e9b,open,30003167-bdf8-4f83-95fc-338475d58e9b
0,d3936bfc-b74e-4ba6-b903-b8537f09f541,open,d3936bfc-b74e-4ba6-b903-b8537f09f541
0,6b7d46ff-e3ae-4069-a1d0-82db8238ec7f,open,6b7d46ff-e3ae-4069-a1d0-82db8238ec7f
0,e824ed51-2862-4923-bfdb-228f1f1b82ca,open,e824ed51-2862-4923-bfdb-228f1f1b82ca
0,1f4e6177-4ecc-4b15-a435-a308550578d7,open,1f4e6177-4ecc-4b15-a435-a308550578d7
0,2a813a0d-d307-42b6-a8f7-d34af0a1466e,open,2a813a0d-d307-42b6-a8f7-d34af0a1466e
0,67d35e1e-ec10-470c-bc1d-d9cbccaa618f,open,67d35e1e-ec10-470c-bc1d-d9cbccaa618f
0,0960c4a7-3b25-4119-bfea-c82408fe1bc0,open,0960c4a7-3b25-4119-bfea-c82408fe1bc0
0,6007dc5f-d7f2-4d2d-af4f-688577fa8608,open,6007dc5f-d7f2-4d2d-af4f-688577fa8608
0,80531007-e62c-40e1-a778-215384a36608,open,80531007-e62c-40e1-a778-215384a36608
0,433d63a2-1b3a-435f-8728-7d0361a719b1,open,433d63a2-1b3a-435f-8728-7d0361a719b1
0,f3e67e23-444d-44db-ad15-c6b05250ac32,open,f3e67e23-444d-44db-ad15-c6b05250ac32
0,8b9cbdf5-9b45-484a-838f-35a66d9b7a9b,open,8b9cbdf5-9b45-484a-838f-35a66d9b7a9b
0,f50d1a33-ee24-492d-b13f-64f1f6a9c0b8,open,f50d1a33-ee24-492d-b13f-64f1f6a9c0b8
0,9799b0c7-6422-4469-8e1a-1093f8119646,open,9799b0c7-6422-4469-8e1a-1093f8119646
0,281a79a3-5527-45bb-932d-971f9209e317,open,281a79a3-5527-45bb-932d-971f9209e317
0,f53366e2-4f9f-4aa2-90b4-2bbdea7f89d0,open,f53366e2-4f9f-4aa2-90b4-2bbdea7f89d0
0,36885aba-22b0-40f4-a474-130f3b1636da,open,36885aba-22b0-40f4-a474-130f3b1636da
0,f33cf3df-f225-46d3-a18f-b76385891aad,open,f33cf3df-f225-46d3-a18f-b76385891aad
0,fd8b81c9-d354-4e3c-86df-e00703e8e9b0,open,fd8b81c9-d354-4e3c-86df-e00703e8e9b0
0,50ffc3e3-34ab-4933-bb35-5c05d925de74,open,50ffc3e3-34ab-4933-bb35-5c05d925de74
0,95f906c3-ab55-449e-aee5-bd5ac5208e7d,open,95f906c3-ab55-449e-aee5-bd5ac5208e7d
0,18ed9596-94e4-4cb2-afdd-5892ae89a678,open,18ed9596-94e4-4cb2-afdd-5892ae89a678
0,0ed3735b-1881-4813-939e-5305aa176158,open,0ed3735b-1881-4813-939e-5305aa176158
0,98a08b04-e3b0-4d57-9967-d48e10cce564,open,98a08b04-e3b0-4d57-9967-d48e10cce564
0,dc8b4815-614f-4e30-8da6-0a77a80f8ef8,open,dc8b4815-614f-4e30-8da6-0a77a80f8ef8
0,e3bebf17-33b8-467f-8735-e40df403fad9,open,e3bebf17-33b8-467f-8735-e40df403fad9
0,81931e3f-999f-4c61-b4ef-4fafdc35fdd0,open,81931e3f-999f-4c61-b4ef-4fafdc35fdd0
0,d7c25123-831c-4360-a97a-0e473b7425d6,open,d7c25123-831c-4360-a97a-0e473b7425d6
0,5dcf92ce-8c48-41b5-897a-d1356ef498b0,open,5dcf92ce-8c48-41b5-897a-d1356ef498b0
0,796625c1-b790-422d-b92d-4944fb9be170,open,796625c1-b790-422d-b92d-4944fb9be170
0,568d81a2-345f-4109-95e5-04e55025ad4a,open,568d81a2-345f-4109-95e5-04e55025ad4a
0,0273a772-621c-42a7-a5ad-d8d76d7deabe,open,0273a772-621c-42a7-a5ad-d8d76d7deabe
0,aa2f0c00-4898-476c-848c-2eee2a3fe005,open,aa2f0c00-4898-476c-848c-2eee2a3fe005
0,a8f7296c-cd64-4577-bf51-eb47323fa90f,open,a8f7296c-cd64-4577-bf51-eb47323fa90f
0,f1c1ae48-6c74-458a-a038-9a672ab1aee7,open,f1c1ae48-6c74-458a-a038-9a672ab1aee7
0,487d085b-41c7-48d8-a4c9-f0015e0f1539,open,487d085b-41c7-48d8-a4c9-f0015e0f1539
0,a156d334-9542-4d78-9493-d2a008fe7b6f,open,a156d334-9542-4d78-9493-d2a008fe7b6f
0,9dd64ada-e2c9-4a84-a485-2f6dd9a285fa,open,9dd64ada-e2c9-4a84-a485-2f6dd9a285fa
0,29410526-3c86-4002-9adf-c0e526dcf5b4,open,29410526-3c86-4002-9adf-c0e526dcf5b4
0,abe11118-b569-4f2e-89c6-1d4e59ba5724,open,abe11118-b569-4f2e-89c6-1d4e59ba5724
0,3dfd1f0e-dcc3-4947-b68e-7a23241207c4,open,3dfd1f0e-dcc3-4947-b68e-7a23241207c4
0,9514e800-7b46-4711-8cbf-b6c6583fddd1,open,9514e800-7b46-4711-8cbf-b6c6583fddd1
0,7aabb0b5-9093-4375-8ffb-658e2e3df470,open,7aabb0b5-9093-4375-8ffb-658e2e3df470
0,b7b7b813-1d01-486a-923e-7cc80c4faddc,open,b7b7b813-1d01-486a-923e-7cc80c4faddc
0,3ee6cc0b-fe3f-45ef-a93f-8dba89811bf4,open,3ee6cc0b-fe3f-45ef-a93f-8dba89811bf4
0,be9918e4-2933-43b8-9973-c76499bf8ee4,open,be9918e4-2933-43b8-9973-c76499bf8ee4
0,04181447-c0ee-4a65-99ba-9d1279576f50,open,04181447-c0ee-4a65-99ba-9d1279576f50
0,a39c5993-5fe9-4fc4-8a28-8e521662c49b,open,a39c5993-5fe9-4fc4-8a28-8e521662c49b
0,7fc90e32-e2c1-4ddf-ac91-8321e84410a4,open,7fc90e32-e2c1-4ddf-ac91-8321e84410a4
0,a4e78453-2138-48ba-9011-b409b3a2b3fe,open,a4e78453-2138-48ba-9011-b409b3a2b3fe
0,00a693df-4842-4cc9-bad0-b7d70127dc85,open,00a693df-4842-4cc9-bad0-b7d70127dc85
0,83b2121d-169e-4fd3-9e14-3fd339cb0442,open,83b2121d-169e-4fd3-9e14-3fd339cb0442
0,b504480a-ae56-4ffb-a459-53bd5b69bd26,open,b504480a-ae56-4ffb-a459-53bd5b69bd26
0,4b76d952-a61a-439d-ad84-9023da16ba4b,open,4b76d952-a61a-439d-ad84-9023da16ba4b
0,cfa5c047-cad6-43cb-b84f-58279e223541,open,cfa5c047-cad6-43cb-b84f-58279e223541
0,ddb2f7da-9492-4204-8334-684fd18c738d,open,ddb2f7da-9492-4204-8334-684fd18c738d
0,02272fc1-b1d5-43f6-b252-1f49f5d13247,open,02272fc1-b1d5-43f6-b252-1f49f5d13247
0,561772eb-4734-4626-9f6e-4ad5e41fa0f2,open,561772eb-4734-4626-9f6e-4ad5e41fa0f2
0,d19949c6-f7a2-4327-ba0f-947cd567ed81,open,d19949c6-f7a2-4327-ba0f-947cd567ed81
0,bcdd6364-1324-4a23-981c-7a572def58c2,open,bcdd6364-1324-4a23-981c-7a572def58c2
0,87b1caff-cb40-403f-88c7-27241abb56d0,open,87b1caff-cb40-403f-88c7-27241abb56d0
0,00eff228-603f-459a-a5e9-47c7e23b72ab,open,00eff228-603f-459a-a5e9-47c7e23b72ab
0,6d109844-aad2-4b97-827e-d0d9e266fc53,open,6d109844-aad2-4b97-827e-d0d9e266fc53
0,e8007f3d-6a8a-418d-b967-760423b30783,open,e8007f3d-6a8a-418d-b967-760423b30783
0,fa7a70bd-3c89-4d3b-89ff-957c9c127a54,open,fa7a70bd-3c89-4d3b-89ff-957c9c127a54
0,042bb608-0cdc-4d1e-914e-5d5c376a0cc4,open,042bb608-0cdc-4d1e-914e-5d5c376a0cc4
0,91e49ce3-6f6e-44d0-a1bc-c539c0f53732,open,91e49ce3-6f6e-44d0-a1bc-c539c0f53732
0,1c5cd37b-aae9-489b-8767-54c013297aa3,open,1c5cd37b-aae9-489b-8767-54c013297aa3
0,435fc3f0-db80-4bdc-9b8b-31728153bf42,open,435fc3f0-db80-4bdc-9b8b-31728153bf42
0,805a6ee1-a3cc-47db-8380-667bfa978b2b,open,805a6ee1-a3cc-47db-8380-667bfa978b2b
0,29a79092-509a-4c1b-a19f-c1e106954ed1,open,29a79092-509a-4c1b-a19f-c1e106954ed1
0,d44c0a33-63f6-4737-8b2a-eca13d6d913c,open,d44c0a33-63f6-4737-8b2a-eca13d6d913c
0,9cdaded0-cfa3-40d1-b8c1-c5e14c8191ef,open,9cdaded0-cfa3-40d1-b8c1-c5e14c8191ef
0,25c01d20-0d04-4360-aef9-9ec84e8a08fc,open,25c01d20-0d04-4360-aef9-9ec84e8a08fc
0,db86d78c-d6e7-4c62-8942-91b839270b2b,open,db86d78c-d6e7-4c62-8942-91b839270b2b
0,1f0a2b13-c9de-4637-9834-9a70c433e96a,open,1f0a2b13-c9de-4637-9834-9a70c433e96a
0,ac315621-d448-47a6-986d-521e67445b26,open,ac315621-d448-47a6-986d-521e67445b26
0,f0676a02-8fd8-4fa3-a3a7-2df7e0d03ac2,open,f0676a02-8fd8-4fa3-a3a7-2df7e0d03ac2
0,73a21d63-2b61-414b-9fa0-11a6a626b150,open,73a21d63-2b61-414b-9fa0-11a6a626b150
0,0bedd88e-59b8-4c81-91a0-6dfc2477460e,open,0bedd88e-59b8-4c81-91a0-6dfc2477460e
0,969a6e11-7bf1-41e8-9989-044a7eed26a5,open,969a6e11-7bf1-41e8-9989-044a7eed26a5
0,12c269a0-c91c-4a93-8b89-8f7b0decf508,open,12c269a0-c91c-4a93-8b89-8f7b0decf508
0,bd65806e-b434-40b4-ba23-d575b4a3b44e,open,bd65806e-b434-40b4-ba23-d575b4a3b44e
0,82778a2e-c000-4628-90e2-fed136021522,open,82778a2e-c000-4628-90e2-fed136021522
0,80464539-190b-493b-ad7b-4934720e0783,open,80464539-190b-493b-ad7b-4934720e0783
0,b90b0c24-be5e-49d5-ba9c-b9f501ce3a84,open,b90b0c24-be5e-49d5-ba9c-b9f501ce3a84
0,8b94c0c9-c2b9-4bb6-8279-743fca22c917,open,8b94c0c9-c2b9-4bb6-8279-743fca22c917
0,3495112d-32e6-4fd0-aef9-2f0544827df7,open,3495112d-32e6-4fd0-aef9-2f0544827df7
0,e8ffdee8-248c-4069-946a-25fc08d0e7b7,open,e8ffdee8-248c-4069-946a-25fc08d0e7b7
0,be2710d6-e439-4b34-ae3b-322b4c9324bc,open,be2710d6-e439-4b34-ae3b-322b4c9324bc
0,0148077c-ae95-46b2-b5c3-19650426ff92,open,0148077c-ae95-46b2-b5c3-19650426ff92
0,f850e9fd-e508-4bc1-adfb-3ab39b27f963,open,f850e9fd-e508-4bc1-adfb-3ab39b27f963
0,f588162d-8292-4e3d-a8ea-c456569b65c2,open,f588162d-8292-4e3d-a8ea-c456569b65c2
0,5d7bcfb1-526b-46a8-aa28-4b208c0543e4,open,5d7bcfb1-526b-46a8-aa28-4b208c0543e4
0,4b7ccd36-5e7f-419e-9336-0e46b8e5c775,open,4b7ccd36-5e7f-419e-9336-0e46b8e5c775
0,13d6df11-b0c1-4c0a-bcca-5222c96779f5,open,13d6df11-b0c1-4c0a-bcca-5222c96779f5
0,4e96409b-b9f4-49f3-91b1-c5bd793c7c68,open,4e96409b-b9f4-49f3-91b1-c5bd793c7c68
0,473abd20-e572-4ddc-b66a-a63d9c3b90f5,open,473abd20-e572-4ddc-b66a-a63d9c3b90f5
0,4f8b00c2-2ea6-43b0-bdb6-73a5f0f48bfc,open,4f8b00c2-2ea6-43b0-bdb6-73a5f0f48bfc
0,d26d6bcd-a4ae-436d-b933-9f8166b7321e,open,d26d6bcd-a4ae-436d-b933-9f8166b7321e
0,0258125c-a3bb-4ab1-9e18-b6c594914b97,open,0258125c-a3bb-4ab1-9e18-b6c594914b97
0,84ecfafd-7068-41a5-97b0-534f9c6532b0,open,84ecfafd-7068-41a5-97b0-534f9c6532b0
0,7e152bf8-6f49-4ccd-b5a2-7b0c0da14f8e,open,7e152bf8-6f49-4ccd-b5a2-7b0c0da14f8e
0,76bd0946-7879-4635-9225-24d272973540,open,76bd0946-7879-4635-9225-24d272973540
0,b27e4799-dac6-424b-bf64-36db62503e2a,open,b27e4799-dac6-424b-bf64-36db62503e2a
0,163652a9-47d0-44d0-b60a-42de690033ed,open,163652a9-47d0-44d0-b60a-42de690033ed
0,7e78502f-e165-488e-ac94-c43dedb0a5b0,open,7e78502f-e165-488e-ac94-c43dedb0a5b0
0,c3e5b19f-edee-411d-a9c3-0c5c0c3b57de,open,c3e5b19f-edee-411d-a9c3-0c5c0c3b57de
0,351f7005-f218-4bff-b0cd-fd7c44f6e06a,open,351f7005-f218-4bff-b0cd-fd7c44f6e06a
0,8d67c93a-b0ec-456e-8c68-38577303b529,open,8d67c93a-b0ec-456e-8c68-38577303b529
0,5983d583-91af-476f-b073-1e70b30b293d,open,5983d583-91af-476f-b073-1e70b30b293d
0,cf44145c-ed71-40af-8c00-4f7005f0b12c,open,cf44145c-ed71-40af-8c00-4f7005f0b12c
0,5f1298e3-bbaf-47f8-9b7d-fd39596c24f1,open,5f1298e3-bbaf-47f8-9b7d-fd39596c24f1
0,4f0ec33a-2d27-4626-b014-1fc75a22529e,open,4f0ec33a-2d27-4626-b014-1fc75a22529e
0,cca98c86-8899-4d0d-8453-4244cd938524,open,cca98c86-8899-4d0d-8453-4244cd938524
0,faf471fb-307c-4da8-9e74-3adc6e3a12e3,open,faf471fb-307c-4da8-9e74-3adc6e3a12e3
0,229f3763-f2ed-4347-ae8f-317a5f652b3a,open,229f3763-f2ed-4347-ae8f-317a5f652b3a
0,72d8e4f2-eea4-41d6-b19f-a90f9c585778,open,72d8e4f2-eea4-41d6-b19f-a90f9c585778
0,bf15564c-8833-4dd9-9943-d26e7339659a,open,bf15564c-8833-4dd9-9943-d26e7339659a
0,a4d13869-424b-4494-aab1-ae51b6630ee1,open,a4d13869-424b-4494-aab1-ae51b6630ee1
0,19259452-1a78-46b5-8147-3987f8c1abc5,open,19259452-1a78-46b5-8147-3987f8c1abc5
0,4f8f0db6-d2d3-4d5f-b596-f2bac675b23b,open,4f8f0db6-d2d3-4d5f-b596-f2bac675b23b
0,5d475862-a849-41c7-a304-b2bf7af6aec4,open,5d475862-a849-41c7-a304-b2bf7af6aec4
0,9f82c8ec-d484-4c0b-9f53-9f3bd2d46878,open,9f82c8ec-d484-4c0b-9f53-9f3bd2d46878
0,f947d8df-d29b-4fa1-8fc7-8c1e88e0a03d,open,f947d8df-d29b-4fa1-8fc7-8c1e88e0a03d
0,5a49d097-eeb0-4785-a430-58008cbb387d,open,5a49d097-eeb0-4785-a430-58008cbb387d
0,f241581d-dae8-4795-a86c-7ed1145d8bb0,open,f241581d-dae8-4795-a86c-7ed1145d8bb0
0,6a7d023b-b118-4f05-9914-421acffdda5a,open,6a7d023b-b118-4f05-9914-421acffdda5a
0,90a9807c-b04b-43a8-82d8-98bdaef947ea,open,90a9807c-b04b-43a8-82d8-98bdaef947ea
0,54980b3d-e480-4606-917c-19615d774ecc,open,54980b3d-e480-4606-917c-19615d774ecc
0,a3b9044e-91c2-42b1-a7b7-4b8f47e48077,open,a3b9044e-91c2-42b1-a7b7-4b8f47e48077
0,5c789713-682e-42ca-ba2b-e577f6b70800,open,5c789713-682e-42ca-ba2b-e577f6b70800
0,c942c556-f086-48a7-b626-8640c7a767b8,open,c942c556-f086-48a7-b626-8640c7a767b8
0,4b0625f2-6bc9-42ae-a100-600da32145b3,open,4b0625f2-6bc9-42ae-a100-600da32145b3
0,a4cf9c4b-bd8a-475a-9394-bda2dcc49ee9,open,a4cf9c4b-bd8a-475a-9394-bda2dcc49ee9
0,2fdf9398-3fa7-453b-8eb5-76e525b9c21f,open,2fdf9398-3fa7-453b-8eb5-76e525b9c21f
0,50f637f5-87b4-4a2e-bb2e-6261682a4a9b,open,50f637f5-87b4-4a2e-bb2e-6261682a4a9b
0,412b781a-5761-43f0-a0bb-2da38965f1d5,open,412b781a-5761-43f0-a0bb-2da38965f1d5
0,28746520-3b35-46ab-9bb6-b9e213507466,open,28746520-3b35-46ab-9bb6-b9e213507466
0,f5028782-ad90-4ecf-a359-d661c277ff98,open,f5028782-ad90-4ecf-a359-d661c277ff98
0,b95193b9-6939-4a54-9f0a-72a14e9e1727,open,b95193b9-6939-4a54-9f0a-72a14e9e1727
0,d81cc597-3365-49a3-80db-d3ee46c6ba42,open,d81cc597-3365-49a3-80db-d3ee46c6ba42
0,56d78865-19c6-4cba-90b0-8e3cba157e23,open,56d78865-19c6-4cba-90b0-8e3cba157e23
0,867e0f55-0e91-41af-8db2-29558624d94e,open,867e0f55-0e91-41af-8db2-29558624d94e
0,a60ee06e-ad70-4f50-8253-276c0a5ce528,open,a60ee06e-ad70-4f50-8253-276c0a5ce528
0,2f974ecc-3e05-404b-8492-6b9221fbaa49,open,2f974ecc-3e05-404b-8492-6b9221fbaa49
0,e15a5731-f0ff-41a7-a31f-70b13efaa22c,open,e15a5731-f0ff-41a7-a31f-70b13efaa22c
0,abf4b987-d176-46b0-bad4-7145ba204496,open,abf4b987-d176-46b0-bad4-7145ba204496
0,8344f858-a9c0-43b7-bd9a-b9dfdda7e537,open,8344f858-a9c0-43b7-bd9a-b9dfdda7e537
0,e0977d4a-7e68-4936-b4cf-de153455c85f,open,e0977d4a-7e68-4936-b4cf-de153455c85f
0,ff6aa7e3-adde-4e06-a354-94a587cdbd52,open,ff6aa7e3-adde-4e06-a354-94a587cdbd52
0,d70637f8-cc3d-4832-ac86-215c5a185e81,open,d70637f8-cc3d-4832-ac86-215c5a185e81
0,1207086d-a85c-40e7-b988-4d34ad4ee630,open,1207086d-a85c-40e7-b988-4d34ad4ee630
0,a6f9381b-0a19-4d48-a17f-f52eb56bc994,open,a6f9381b-0a19-4d48-a17f-f52eb56bc994
0,f010ee2d-85ef-4749-ae00-07470647bbc3,open,f010ee2d-85ef-4749-ae00-07470647bbc3
0,69698210-fded-493c-b66d-f67e8a0d4f37,open,69698210-fded-493c-b66d-f67e8a0d4f37
0,f87a15bf-0dd1-4baf-97ae-d16ed94ce3e8,open,f87a15bf-0dd1-4baf-97ae-d16ed94ce3e8
0,da1fdaf6-bac5-4cb6-8517-fcd180a4dac2,open,da1fdaf6-bac5-4cb6-8517-fcd180a4dac2
0,d04b6b92-3ae4-4eae-b376-34aa1cf38587,open,d04b6b92-3ae4-4eae-b376-34aa1cf38587
0,431afc5e-0588-4bd9-a9b6-264d139ace91,open,431afc5e-0588-4bd9-a9b6-264d139ace91
0,2745ac38-8416-4318-9e97-11a99d18da77,open,2745ac38-8416-4318-9e97-11a99d18da77
0,0a78f449-602a-42ff-af14-f3beab156dc5,open,0a78f449-602a-42ff-af14-f3beab156dc5
0,e258d6b1-0586-4aa8-99a3-ca771802c83c,open,e258d6b1-0586-4aa8-99a3-ca771802c83c
0,8e892699-8f10-4392-bb15-9cd0cab082ea,open,8e892699-8f10-4392-bb15-9cd0cab082ea
0,5c12919b-d78a-4fd3-8a7e-3b82e5cbb2f7,open,5c12919b-d78a-4fd3-8a7e-3b82e5cbb2f7
0,3d020a20-c122-49bc-b282-1408657a2015,open,3d020a20-c122-49bc-b282-1408657a2015
0,982143aa-5a61-4d1e-9f98-3a0d77a1e585,open,982143aa-5a61-4d1e-9f98-3a0d77a1e585
0,ab3e325a-5124-4103-8380-805217b37b6b,open,ab3e325a-5124-4103-8380-805217b37b6b
0,ad8ebc30-950d-4ff9-821a-cc78701b8269,open,ad8ebc30-950d-4ff9-821a-cc78701b8269
0,91f7e904-2f2f-4ffe-b62a-081181033339,open,91f7e904-2f2f-4ffe-b62a-081181033339
0,ef7ccc50-0f2d-42a4-ba71-3b9843a57d5e,open,ef7ccc50-0f2d-42a4-ba71-3b9843a57d5e
0,d4e2c820-91de-49bb-a8c7-8b90bb487467,open,d4e2c820-91de-49bb-a8c7-8b90bb487467
0,90a86c5f-be52-4974-ab24-38bc34eb7c14,open,90a86c5f-be52-4974-ab24-38bc34eb7c14
0,2f8ffd9e-b7db-4a20-81a9-39d46ae68d8a,open,2f8ffd9e-b7db-4a20-81a9-39d46ae68d8a
0,08acef2a-c507-42d9-b5e7-b07a36e963df,open,08acef2a-c507-42d9-b5e7-b07a36e963df
0,7b5b0bc5-6319-4b9f-a3eb-ddc110e84a49,open,7b5b0bc5-6319-4b9f-a3eb-ddc110e84a49
0,b3e6ef44-c70e-4a9b-8d3b-4f33ffdc97f0,open,b3e6ef44-c70e-4a9b-8d3b-4f33ffdc97f0
0,02d7695d-4c77-44b5-b093-678dd6a51571,open,02d7695d-4c77-44b5-b093-678dd6a51571
0,2e3c1046-274b-4511-a337-c9b7ed9872db,open,2e3c1046-274b-4511-a337-c9b7ed9872db
0,50f25658-3a30-4273-bea4-1b98b8a2f6f4,open,50f25658-3a30-4273-bea4-1b98b8a2f6f4
0,08f10103-a356-404c-bc33-0eeff34dc3e6,open,08f10103-a356-404c-bc33-0eeff34dc3e6
0,4a255517-059a-40a5-b558-75211b7ae72d,open,4a255517-059a-40a5-b558-75211b7ae72d
0,b7743205-a577-4d54-b398-d97c83eaf78c,open,b7743205-a577-4d54-b398-d97c83eaf78c
0,bf33ef54-ff2a-49f6-a24e-6d6052df4e73,open,bf33ef54-ff2a-49f6-a24e-6d6052df4e73
0,4e59b2f2-b4b6-40e8-9821-9c30ed955028,open,4e59b2f2-b4b6-40e8-9821-9c30ed955028
0,7f813a87-ce68-49d1-b1f8-b9d3cce0f94e,open,7f813a87-ce68-49d1-b1f8-b9d3cce0f94e
0,bae1ab53-5b4c-4e95-8c2e-1a6aa485c3a2,open,bae1ab53-5b4c-4e95-8c2e-1a6aa485c3a2
0,3d339a67-7cc3-43fa-af1c-0dae4e485954,open,3d339a67-7cc3-43fa-af1c-0dae4e485954
0,880d610e-5bcb-4dee-b284-2844885d8564,open,880d610e-5bcb-4dee-b284-2844885d8564
0,49681b62-42b6-4c5c-84c2-1ed9ebce6283,open,49681b62-42b6-4c5c-84c2-1ed9ebce6283
0,552b84fe-fbf2-4e60-b4b2-51183fa0204f,open,552b84fe-fbf2-4e60-b4b2-51183fa0204f
0,11077e99-7f00-41c6-94de-27ca98ef9247,open,11077e99-7f00-41c6-94de-27ca98ef9247
0,fbd6a563-743e-41b3-9ee8-f6922a99f42a,open,fbd6a563-743e-41b3-9ee8-f6922a99f42a
0,7146cd42-e495-4262-bcb9-06b3ea5042b0,open,7146cd42-e495-4262-bcb9-06b3ea5042b0
0,e27be922-a0a0-47e5-829c-79b357028b89,open,e27be922-a0a0-47e5-829c-79b357028b89
0,54b16d7e-22f7-4489-9018-3333b443de9c,open,54b16d7e-22f7-4489-9018-3333b443de9c
0,9f578d9a-b400-4d5f-93a6-ff300f5ee62e,open,9f578d9a-b400-4d5f-93a6-ff300f5ee62e
0,b296fb0c-b7a2-46de-9144-12f19b41080d,open,b296fb0c-b7a2-46de-9144-12f19b41080d
0,447d5c76-e9c9-4d43-adea-97b4dc15a199,open,447d5c76-e9c9-4d43-adea-97b4dc15a199
0,d4953c7b-771f-45cf-8a79-edc9cc3edd93,open,d4953c7b-771f-45cf-8a79-edc9cc3edd93
0,3218a509-c6fb-4c64-a1e4-1e4e9e99ba99,open,3218a509-c6fb-4c64-a1e4-1e4e9e99ba99
0,b8060a7d-72e3-4247-8d67-05eb97573eca,open,b8060a7d-72e3-4247-8d67-05eb97573eca
0,a9ecea40-d048-4ed6-8120-2b4c7067ab1e,open,a9ecea40-d048-4ed6-8120-2b4c7067ab1e
0,83d02e94-fd2b-490a-9c49-a40122f74f5b,open,83d02e94-fd2b-490a-9c49-a40122f74f5b
0,0b905aa8-6ef7-490c-8a7c-a64694b9f513,open,0b905aa8-6ef7-490c-8a7c-a64694b9f513
0,770c523e-19ec-43f6-b945-a33243d3bbc1,open,770c523e-19ec-43f6-b945-a33243d3bbc1
0,103fed85-7c4e-4a54-a831-83b7a73e1028,open,103fed85-7c4e-4a54-a831-83b7a73e1028
0,84ebdd4f-877f-4f0c-b7b5-b0ab27af6d40,open,84ebdd4f-877f-4f0c-b7b5-b0ab27af6d40
0,f6b5d13d-fdcd-41f9-b569-ce2a084b3e15,open,f6b5d13d-fdcd-41f9-b569-ce2a084b3e15
0,b8d4f43f-f798-4a22-b236-4bc9451910b9,open,b8d4f43f-f798-4a22-b236-4bc9451910b9
0,e11252cf-05e6-4c52-9bf0-60c1df643b6e,open,e11252cf-05e6-4c52-9bf0-60c1df643b6e
0,b5ad4856-810c-4f6b-afc1-c79f0595fcac,open,b5ad4856-810c-4f6b-afc1-c79f0595fcac
0,9c31091d-2fb1-40ce-8353-aad316574f28,open,9c31091d-2fb1-40ce-8353-aad316574f28
0,539e242f-0e53-44f2-85f8-4ac8be6046ef,open,539e242f-0e53-44f2-85f8-4ac8be6046ef
0,9aedc741-69ba-4852-98d9-46650dfcb226,open,9aedc741-69ba-4852-98d9-46650dfcb226
0,c230b313-7476-4698-a3a1-c19b97e3a98c,open,c230b313-7476-4698-a3a1-c19b97e3a98c
0,ba2389ed-4085-4560-b1a4-3ebb1b5a29ca,open,ba2389ed-4085-4560-b1a4-3ebb1b5a29ca
0,c4ae4add-a41d-4cc8-ae9d-216c213b5632,open,c4ae4add-a41d-4cc8-ae9d-216c213b5632
0,7fedc10c-e8d4-40f5-915a-2a90fcf38697,open,7fedc10c-e8d4-40f5-915a-2a90fcf38697
0,1e5ff044-9b74-4660-a635-9bf35552ea00,open,1e5ff044-9b74-4660-a635-9bf35552ea00
0,03970f79-01b0-4a80-831a-392791d00163,open,03970f79-01b0-4a80-831a-392791d00163
0,9597dc73-7224-444c-8a36-184c8a79ec8b,open,9597dc73-7224-444c-8a36-184c8a79ec8b
0,392dda78-e35c-48e5-89ce-e520a8bb0151,open,392dda78-e35c-48e5-89ce-e520a8bb0151
0,a6ec83b8-fbc3-4766-834d-177509550fea,open,a6ec83b8-fbc3-4766-834d-177509550fea
0,0da8ba77-523d-4fe2-932f-8c7d81bbdeb0,open,0da8ba77-523d-4fe2-932f-8c7d81bbdeb0
0,82b0fba5-ecf7-42c9-8241-fe2f4aec19e7,open,82b0fba5-ecf7-42c9-8241-fe2f4aec19e7
0,b3f0dbe2-9e60-4cb0-a5f1-60d2f77ebe75,open,b3f0dbe2-9e60-4cb0-a5f1-60d2f77ebe75
0,b170961c-ae5f-4656-a36e-240239629bbb,open,b170961c-ae5f-4656-a36e-240239629bbb
0,c180d26b-e08e-4195-aaab-bba215074353,open,c180d26b-e08e-4195-aaab-bba215074353
0,354a021c-9484-4751-baca-19030398f14c,open,354a021c-9484-4751-baca-19030398f14c
0,0516df50-de27-49f0-bd40-b7a04674d5f8,open,0516df50-de27-49f0-bd40-b7a04674d5f8
0,8ef2d663-f8ac-4c84-ae61-77b7cf416f5d,open,8ef2d663-f8ac-4c84-ae61-77b7cf416f5d
0,49c377e4-4ba8-4af8-9b66-f2b0d448e50b,open,49c377e4-4ba8-4af8-9b66-f2b0d448e50b
0,a7f534c5-2828-45fd-a8b8-1ff45908ae70,open,a7f534c5-2828-45fd-a8b8-1ff45908ae70
0,3b4d00d0-cdd7-43e5-9208-59352ab82814,open,3b4d00d0-cdd7-43e5-9208-59352ab82814
0,b512dc87-6301-4995-a036-642862880a05,open,b512dc87-6301-4995-a036-642862880a05
0,4b9c0934-30a5-4963-813a-fb304fb4de1c,open,4b9c0934-30a5-4963-813a-fb304fb4de1c
0,81a13841-c6d2-4014-b84b-6338fdf6bab3,open,81a13841-c6d2-4014-b84b-6338fdf6bab3
0,66d3c61e-2c00-4bdb-8d1f-7ab1a20b7753,open,66d3c61e-2c00-4bdb-8d1f-7ab1a20b7753
0,c2ed303a-91d2-4b30-ac79-8928b0dcb22a,open,c2ed303a-91d2-4b30-ac79-8928b0dcb22a
0,90c050c9-b1ba-4958-9f6f-f96a953cb0ba,open,90c050c9-b1ba-4958-9f6f-f96a953cb0ba
0,8fd00959-dc91-4183-8e13-22a03c0687ab,open,8fd00959-dc91-4183-8e13-22a03c0687ab
0,c34c9f6e-0ffe-4eec-8f06-8f0468121edb,open,c34c9f6e-0ffe-4eec-8f06-8f0468121edb
0,f48d8584-734f-4613-abc1-3025b7db661f,open,f48d8584-734f-4613-abc1-3025b7db661f
0,46495754-eaa1-4ced-ae19-c4b49f59586e,open,46495754-eaa1-4ced-ae19-c4b49f59586e
0,6e1f1f80-3e3e-4e69-a608-87a7ad782496,open,6e1f1f80-3e3e-4e69-a608-87a7ad782496
0,e5dcea04-1282-4baa-b744-f6389a4a4ec1,open,e5dcea04-1282-4baa-b744-f6389a4a4ec1
0,156234a7-b8f6-40ce-a253-609165f7c4ab,open,156234a7-b8f6-40ce-a253-609165f7c4ab
0,7dfa93cc-e32c-4439-bcc0-7368974e3a7c,open,7dfa93cc-e32c-4439-bcc0-7368974e3a7c
0,d5fdc7d9-43ad-418c-8b32-0e56ea084edc,open,d5fdc7d9-43ad-418c-8b32-0e56ea084edc
0,e4392113-e74e-4941-8b54-f34eddd8241e,open,e4392113-e74e-4941-8b54-f34eddd8241e
0,8c4671bd-2a67-4d21-990c-465ae8c2ca87,open,8c4671bd-2a67-4d21-990c-465ae8c2ca87
0,c689ae54-7b76-4b14-87c3-ac547a574199,open,c689ae54-7b76-4b14-87c3-ac547a574199
0,1b57ed91-fe48-4a83-b94c-20e9ceaf8d94,open,1b57ed91-fe48-4a83-b94c-20e9ceaf8d94
0,066426b2-0966-4329-97b1-24dd51af217b,open,066426b2-0966-4329-97b1-24dd51af217b
0,d0bf43dc-9ae3-4f2a-9267-4d7fd41f88f2,open,d0bf43dc-9ae3-4f2a-9267-4d7fd41f88f2
0,08c450ac-003c-4cec-89ac-de9d1c60ce8d,open,08c450ac-003c-4cec-89ac-de9d1c60ce8d
0,d9ab6078-ff93-4870-8cab-3f623d37dd23,open,d9ab6078-ff93-4870-8cab-3f623d37dd23
0,5f5fd0a5-e876-4b40-a232-96b4047b1638,open,5f5fd0a5-e876-4b40-a232-96b4047b1638
0,34a5da73-2b2b-4986-81d3-ea27ab635795,open,34a5da73-2b2b-4986-81d3-ea27ab635795
0,61fc95f6-599d-456f-a7b0-48fbd4b43f5c,open,61fc95f6-599d-456f-a7b0-48fbd4b43f5c
0,c6414a2b-04cc-42aa-8151-c2eddc91c1b4,open,c6414a2b-04cc-42aa-8151-c2eddc91c1b4
0,6a37ca7e-ca5f-4a62-894b-16154abcf2b3,open,6a37ca7e-ca5f-4a62-894b-16154abcf2b3
0,d2833f7a-0408-4def-b778-d23e78f2ec4a,open,d2833f7a-0408-4def-b778-d23e78f2ec4a
0,ba1d64b0-3ab0-4b49-8118-20afe420bf1a,open,ba1d64b0-3ab0-4b49-8118-20afe420bf1a
0,dfb21b51-2a80-4ea1-8b74-90763367b5a8,open,dfb21b51-2a80-4ea1-8b74-90763367b5a8
0,eded569f-2d18-47bb-861a-fa2e62d93de1,open,eded569f-2d18-47bb-861a-fa2e62d93de1
0,ee0d2396-f2a1-4b9c-93ed-c7f15e989e19,open,ee0d2396-f2a1-4b9c-93ed-c7f15e989e19
0,5b842b23-f398-4336-8d36-046a55c6a426,open,5b842b23-f398-4336-8d36-046a55c6a426
0,cca6648c-4a03-4031-a292-65d976842e7b,open,cca6648c-4a03-4031-a292-65d976842e7b
0,c90134cb-80d5-4603-af17-e78fa4f98b46,open,c90134cb-80d5-4603-af17-e78fa4f98b46
0,55073dff-557e-45e7-92a5-754c2a041c07,open,55073dff-557e-45e7-92a5-754c2a041c07
0,2b769fc4-0747-4c5e-895b-85fa673a892e,open,2b769fc4-0747-4c5e-895b-85fa673a892e
0,bbfe97b2-56d9-4cb2-bf86-56928767ae7c,open,bbfe97b2-56d9-4cb2-bf86-56928767ae7c
0,040a226b-bc31-4c39-bf01-a3d0bc9bdadb,open,040a226b-bc31-4c39-bf01-a3d0bc9bdadb
0,d9542722-9574-4300-9ed6-ff4f6093fb42,open,d9542722-9574-4300-9ed6-ff4f6093fb42
0,4113f55f-67a5-4738-8c0d-d17547482603,open,4113f55f-67a5-4738-8c0d-d17547482603
0,833f43f8-5b11-4783-a070-89b407c4150f,open,833f43f8-5b11-4783-a070-89b407c4150f
0,fdbb07c8-85b6-479f-9ae5-4bf70684d471,open,fdbb07c8-85b6-479f-9ae5-4bf70684d471
0,f50fdcd8-7180-49a2-8556-518dca5fd382,open,f50fdcd8-7180-49a2-8556-518dca5fd382
0,756360b8-c928-4bdb-8fca-543cb51102b4,open,756360b8-c928-4bdb-8fca-543cb51102b4
0,8aee5dc3-9fd1-4633-b0c7-7672047b282d,open,8aee5dc3-9fd1-4633-b0c7-7672047b282d
0,c88ab0ec-71d8-4791-a4c2-182a297f945b,open,c88ab0ec-71d8-4791-a4c2-182a297f945b
0,749bed93-03cb-4bb7-999a-faf7e87af783,open,749bed93-03cb-4bb7-999a-faf7e87af783
0,86e6c7aa-f300-485d-8d3c-0a3ab869bf04,open,86e6c7aa-f300-485d-8d3c-0a3ab869bf04
0,69f53876-95b6-44e6-b3d4-a1d2ed707b9a,open,69f53876-95b6-44e6-b3d4-a1d2ed707b9a
0,4c96e76d-f1a6-446f-9cbc-e8653c86b5d0,open,4c96e76d-f1a6-446f-9cbc-e8653c86b5d0
0,7fd6a251-d3a3-4516-a648-dae62071ec2e,open,7fd6a251-d3a3-4516-a648-dae62071ec2e
0,1dc9b8cc-f054-49d9-bb78-4b763243fc96,open,1dc9b8cc-f054-49d9-bb78-4b763243fc96
0,df46e63b-9c7c-4a4d-8945-818954aa4377,open,df46e63b-9c7c-4a4d-8945-818954aa4377
0,8225914f-c033-4e24-89e7-48862cae6b6a,open,8225914f-c033-4e24-89e7-48862cae6b6a
0,c914eafc-aa11-4df1-9f1d-8b042f704243,open,c914eafc-aa11-4df1-9f1d-8b042f704243
0,6783dd87-e413-411c-ba04-5dd9b85b4e28,open,6783dd87-e413-411c-ba04-5dd9b85b4e28
0,ed3ff5ea-158f-467a-8a0c-79e7c0a1f200,open,ed3ff5ea-158f-467a-8a0c-79e7c0a1f200
0,782115d1-5828-402c-b516-ce4696f77a3c,open,782115d1-5828-402c-b516-ce4696f77a3c
0,9a873c79-4f9f-45cb-be9d-ae17422aef18,open,9a873c79-4f9f-45cb-be9d-ae17422aef18
0,309b6af3-f933-4c6f-9645-f58f95c22f5b,open,309b6af3-f933-4c6f-9645-f58f95c22f5b
0,f306da64-4286-486e-bb4f-b07ccb4dd90f,open,f306da64-4286-486e-bb4f-b07ccb4dd90f
0,5967004a-e287-430a-818a-bcbf23a1c916,open,5967004a-e287-430a-818a-bcbf23a1c916
0,cdc4da31-a879-48d1-9f72-21b3f7ce8b20,open,cdc4da31-a879-48d1-9f72-21b3f7ce8b20
0,63e11a35-add9-4c95-b094-57316eaa49d2,open,63e11a35-add9-4c95-b094-57316eaa49d2
0,fffa2a06-9cf3-4d74-8d25-30e639f427d3,open,fffa2a06-9cf3-4d74-8d25-30e639f427d3
0,1d2a52d9-eaf0-4ae6-a26c-373885de2bd1,open,1d2a52d9-eaf0-4ae6-a26c-373885de2bd1
0,bc982806-f08c-4164-83c3-501283e3e4e9,open,bc982806-f08c-4164-83c3-501283e3e4e9
0,8cde5f98-7e4d-4523-8286-d42de1a543f5,open,8cde5f98-7e4d-4523-8286-d42de1a543f5
0,f720286a-5203-43a4-b399-e23aa0adc23a,open,f720286a-5203-43a4-b399-e23aa0adc23a
0,098c67da-c61c-4401-9720-da21f65b37e5,open,098c67da-c61c-4401-9720-da21f65b37e5
0,07472f12-fea1-41ac-9b37-f71db3120287,open,07472f12-fea1-41ac-9b37-f71db3120287
0,ce034cf7-014d-42ff-aa53-af83257501b5,open,ce034cf7-014d-42ff-aa53-af83257501b5
0,9ed5c08e-319c-41a7-9b1e-fa152bdb9370,open,9ed5c08e-319c-41a7-9b1e-fa152bdb9370
0,89ae9ce6-5b94-412d-9377-57e7dfec9b61,open,89ae9ce6-5b94-412d-9377-57e7dfec9b61
0,8ff1181a-bcfe-43e4-852a-e5dc26ea4096,open,8ff1181a-bcfe-43e4-852a-e5dc26ea4096
0,6f3f381e-aa79-4754-9a67-49046568b197,open,6f3f381e-aa79-4754-9a67-49046568b197
0,217bf4da-e207-4c9b-8e9f-1ed14ea29bb1,open,217bf4da-e207-4c9b-8e9f-1ed14ea29bb1
0,f03bb596-a3d9-4154-9c25-811ab001d445,open,f03bb596-a3d9-4154-9c25-811ab001d445
0,c0bd9283-8256-4a43-aa71-9cdabd0d867c,open,c0bd9283-8256-4a43-aa71-9cdabd0d867c
0,3334ccf9-549a-46c0-acd1-b181b2c0c61f,open,3334ccf9-549a-46c0-acd1-b181b2c0c61f
0,c59c29e2-731d-43bf-afb1-be7ee10af67f,open,c59c29e2-731d-43bf-afb1-be7ee10af67f
0,6f097775-e79f-4ac7-bccc-6d51c82d69f2,open,6f097775-e79f-4ac7-bccc-6d51c82d69f2
0,86dfb607-3283-479b-8c1f-cd2abde6b49f,open,86dfb607-3283-479b-8c1f-cd2abde6b49f
0,5237438c-cdb2-4c91-8fd4-c428766da102,open,5237438c-cdb2-4c91-8fd4-c428766da102
0,6023e776-81ee-496c-ac75-0521935e25ee,open,6023e776-81ee-496c-ac75-0521935e25ee
0,28ece74c-ece6-48a6-b536-c7627c808ec6,open,28ece74c-ece6-48a6-b536-c7627c808ec6
0,63a147fb-30d4-40c5-9119-02f396a59a5c,open,63a147fb-30d4-40c5-9119-02f396a59a5c
0,38b02ce6-4db7-4595-b28f-f52aa66e592f,open,38b02ce6-4db7-4595-b28f-f52aa66e592f
0,bf7fe939-70c8-4962-81b0-a50d592dc25f,open,bf7fe939-70c8-4962-81b0-a50d592dc25f
0,86be1f6b-fc63-4ace-8335-e08b1475b8b4,open,86be1f6b-fc63-4ace-8335-e08b1475b8b4
0,fe200ab8-11a7-4e4c-9dfd-8c7c12c52dfb,open,fe200ab8-11a7-4e4c-9dfd-8c7c12c52dfb
0,d0fda02b-d322-4222-90f9-3848807d3f38,open,d0fda02b-d322-4222-90f9-3848807d3f38
0,0a426d14-6f3a-40f5-ad5f-b7f9bcba1a9f,open,0a426d14-6f3a-40f5-ad5f-b7f9bcba1a9f
0,83767b98-d240-4000-bb77-3446a746e5e0,open,83767b98-d240-4000-bb77-3446a746e5e0
0,5d5a16a0-8036-4f5c-9390-c4b8eca47f75,open,5d5a16a0-8036-4f5c-9390-c4b8eca47f75
0,2c8b732a-5b3b-46d8-89fd-d4803afd6196,open,2c8b732a-5b3b-46d8-89fd-d4803afd6196
0,f7870ee4-e148-41a7-abba-f03a6ca37f98,open,f7870ee4-e148-41a7-abba-f03a6ca37f98
0,5497805b-6ad8-4e4d-84df-f992dea4f2e2,open,5497805b-6ad8-4e4d-84df-f992dea4f2e2
0,191de55f-6363-4ce7-8d6c-9c968a758006,open,191de55f-6363-4ce7-8d6c-9c968a758006
0,1397481e-219b-4177-ae7c-6535af3e9953,open,1397481e-219b-4177-ae7c-6535af3e9953
0,ab28ad4a-0bb1-4334-93d7-3a50075e0715,open,ab28ad4a-0bb1-4334-93d7-3a50075e0715
0,fe7dd039-6500-4dc3-9a5a-4f9c8c980a3b,open,fe7dd039-6500-4dc3-9a5a-4f9c8c980a3b
0,2a504240-9058-41c1-900c-80ee70d1b2d0,open,2a504240-9058-41c1-900c-80ee70d1b2d0
0,34ef0134-7a76-4ae7-9bde-e22fba303d1a,open,34ef0134-7a76-4ae7-9bde-e22fba303d1a
0,414fc7cf-1d61-4cc1-8cd2-a62ff6a10404,open,414fc7cf-1d61-4cc1-8cd2-a62ff6a10404
0,8b40ca3c-2581-4f03-bfd6-6db388a68a44,open,8b40ca3c-2581-4f03-bfd6-6db388a68a44
0,08177568-3c31-4c4f-bea3-4432070b7109,open,08177568-3c31-4c4f-bea3-4432070b7109
0,7b3cb80d-c049-4cec-8c52-6957c7e57a82,open,7b3cb80d-c049-4cec-8c52-6957c7e57a82
0,10262a4d-8347-4958-8524-ee1bffeec45c,open,10262a4d-8347-4958-8524-ee1bffeec45c
0,22c5494c-a170-42cd-b39e-a9b046638f21,open,22c5494c-a170-42cd-b39e-a9b046638f21
0,8e569fb4-f924-4d35-9610-70245eaf80b7,open,8e569fb4-f924-4d35-9610-70245eaf80b7
0,0383a8d7-49fe-40cd-9cd5-3c5d0e9e5bd0,open,0383a8d7-49fe-40cd-9cd5-3c5d0e9e5bd0
0,586a4e81-61d6-4af6-91e4-ddf8ea75bf9d,open,586a4e81-61d6-4af6-91e4-ddf8ea75bf9d
0,b13d34a1-183b-4de8-9b91-876003a769d5,open,b13d34a1-183b-4de8-9b91-876003a769d5
0,e2f68365-7941-4286-bc8d-8965301d3dd5,open,e2f68365-7941-4286-bc8d-8965301d3dd5
0,9fd78f82-bf0d-413b-bc0b-1b50ed3efbad,open,9fd78f82-bf0d-413b-bc0b-1b50ed3efbad
0,c616e800-1fb4-4ec4-8e7d-e67802aa7aad,open,c616e800-1fb4-4ec4-8e7d-e67802aa7aad
0,859c7bff-8573-46f8-b7e7-3ff6f887bfcb,open,859c7bff-8573-46f8-b7e7-3ff6f887bfcb
0,1960dbe7-1eb9-4c31-a455-845c37bc9968,open,1960dbe7-1eb9-4c31-a455-845c37bc9968
0,3b615c5e-7ad9-4b86-bd68-e32b7e36d7c1,open,3b615c5e-7ad9-4b86-bd68-e32b7e36d7c1
0,67119be8-31e0-4fac-90ee-88d8c8b28cd5,open,67119be8-31e0-4fac-90ee-88d8c8b28cd5
0,60a33afb-c8c6-44d4-bc67-6441e2409c36,open,60a33afb-c8c6-44d4-bc67-6441e2409c36
0,b02a8b2f-77de-4d87-b23a-78105625f86e,open,b02a8b2f-77de-4d87-b23a-78105625f86e
0,701fa65d-3785-456b-a5ca-84fbe73a30a7,open,701fa65d-3785-456b-a5ca-84fbe73a30a7
0,a22b8235-7bfc-47f6-b3fa-0e1eb408fcb3,open,a22b8235-7bfc-47f6-b3fa-0e1eb408fcb3
0,932f912c-be86-46d5-91de-b1114f18d878,open,932f912c-be86-46d5-91de-b1114f18d878
0,798324eb-d6b7-4f80-b5ec-f7db88259af6,open,798324eb-d6b7-4f80-b5ec-f7db88259af6
0,41844669-31bb-4cdb-9f62-aa03f2e86287,open,41844669-31bb-4cdb-9f62-aa03f2e86287
0,da3fbc56-d4df-4e04-930f-df9c50fdc769,open,da3fbc56-d4df-4e04-930f-df9c50fdc769
0,1b0fd940-eb6a-49a4-8816-8e347a13848e,open,1b0fd940-eb6a-49a4-8816-8e347a13848e
0,e3196517-3293-43ca-8d6d-cf2f8dd385d9,open,e3196517-3293-43ca-8d6d-cf2f8dd385d9
0,2f4c0bf9-0285-4e8c-bf68-f118049d2f58,open,2f4c0bf9-0285-4e8c-bf68-f118049d2f58
0,9212664e-d893-40b0-aded-b4525b6f9c16,open,9212664e-d893-40b0-aded-b4525b6f9c16
0,a7cf62ff-f936-4aa2-a107-b18efb8b0506,open,a7cf62ff-f936-4aa2-a107-b18efb8b0506
0,8b9d642f-6be1-4843-8b81-4b0fbfe9f9ae,open,8b9d642f-6be1-4843-8b81-4b0fbfe9f9ae
0,7b566194-a011-4bfa-b789-eaaa84ea50ac,open,7b566194-a011-4bfa-b789-eaaa84ea50ac
0,c49194e5-91b9-4731-9509-50e091fa5e00,open,c49194e5-91b9-4731-9509-50e091fa5e00
0,546c4b96-51bf-48da-8238-c563f7523d5e,open,546c4b96-51bf-48da-8238-c563f7523d5e
0,7f066261-e680-4855-8f0e-8a4a7c011d4b,open,7f066261-e680-4855-8f0e-8a4a7c011d4b
0,b43327b0-9480-47de-b8a8-03a18bd7facd,open,b43327b0-9480-47de-b8a8-03a18bd7facd
0,cba25d2a-6c27-47ad-8eaa-2abceb695424,open,cba25d2a-6c27-47ad-8eaa-2abceb695424
0,8d0443a0-a742-4753-b73b-738a6b5d5b8b,open,8d0443a0-a742-4753-b73b-738a6b5d5b8b
0,f726a414-2bab-4952-b00f-e3bae629ad1f,open,f726a414-2bab-4952-b00f-e3bae629ad1f
0,923118c2-a269-4df5-966d-242ec2dca675,open,923118c2-a269-4df5-966d-242ec2dca675
0,a895d1c7-c106-4d64-91c1-041f2f164bd5,open,a895d1c7-c106-4d64-91c1-041f2f164bd5
0,7da6f4b9-0162-42fd-9c51-c0470143c1a4,open,7da6f4b9-0162-42fd-9c51-c0470143c1a4
0,73eaa365-a2fd-415f-a954-6f9ac25f4a74,open,73eaa365-a2fd-415f-a954-6f9ac25f4a74
0,849a96eb-9331-45a9-a104-223082793e42,open,849a96eb-9331-45a9-a104-223082793e42
0,116f7351-7ca9-4109-9b41-8be2f1bf170a,open,116f7351-7ca9-4109-9b41-8be2f1bf170a
0,704637fb-caef-4f65-acca-b1c99e751cfc,open,704637fb-caef-4f65-acca-b1c99e751cfc
0,6949da6b-6be6-4ddf-bf3a-b3e971ad4904,open,6949da6b-6be6-4ddf-bf3a-b3e971ad4904
0,67385790-40ac-407b-9386-02feeb1f476c,open,67385790-40ac-407b-9386-02feeb1f476c
0,7ea2b6d6-36a1-4aaa-b531-cb50db08565c,open,7ea2b6d6-36a1-4aaa-b531-cb50db08565c
0,add47359-c07e-4219-885a-05d55abd6e2d,open,add47359-c07e-4219-885a-05d55abd6e2d
0,b12d721d-315b-4343-8136-cb8fb82992a5,open,b12d721d-315b-4343-8136-cb8fb82992a5
0,419923e3-9dd6-4dee-b4e6-97f2cdf74fe5,open,419923e3-9dd6-4dee-b4e6-97f2cdf74fe5
0,40e8cde6-52f5-4fdb-9469-257e027c96bc,open,40e8cde6-52f5-4fdb-9469-257e027c96bc
0,973e1c51-b842-4f51-81b3-11c130d641d6,open,973e1c51-b842-4f51-81b3-11c130d641d6
0,c60c5fca-119f-4d93-891f-a2664d4bd110,open,c60c5fca-119f-4d93-891f-a2664d4bd110
0,db34ceff-374b-4bb3-a08d-2b04230fc8bc,open,db34ceff-374b-4bb3-a08d-2b04230fc8bc
0,1610f81b-d3dd-4246-9c3d-07b6db7d218b,open,1610f81b-d3dd-4246-9c3d-07b6db7d218b
0,e233941e-4929-445b-a1ba-20724d942765,open,e233941e-4929-445b-a1ba-20724d942765
0,e86dcf16-d999-4ce6-8dab-168eda51035c,open,e86dcf16-d999-4ce6-8dab-168eda51035c
0,b700fdaa-9e16-476c-b803-b3c7ddcb8c58,open,b700fdaa-9e16-476c-b803-b3c7ddcb8c58
0,81e09f9b-f4de-469e-862c-e2fb7689e2e6,open,81e09f9b-f4de-469e-862c-e2fb7689e2e6
0,c0b7143e-229d-4fa2-93d0-dcce8942e495,open,c0b7143e-229d-4fa2-93d0-dcce8942e495
0,19476299-7c64-434c-b494-dd5f506930ec,open,19476299-7c64-434c-b494-dd5f506930ec
0,9162309c-bd09-4668-b113-89f32c29131d,open,9162309c-bd09-4668-b113-89f32c29131d
0,40577bc7-c342-4b64-a027-0b88b3fdb8b0,open,40577bc7-c342-4b64-a027-0b88b3fdb8b0
0,ab3e39e7-5952-4d7b-9775-d08215a90abf,open,ab3e39e7-5952-4d7b-9775-d08215a90abf
0,2fe7fd34-0a2e-4a55-a294-48ea6ac94e58,open,2fe7fd34-0a2e-4a55-a294-48ea6ac94e58
0,4b0049b4-e813-4fab-81ed-7ee41e0a98a9,open,4b0049b4-e813-4fab-81ed-7ee41e0a98a9
0,8e0868bf-4030-4411-8cda-bb0017d676cc,open,8e0868bf-4030-4411-8cda-bb0017d676cc
0,884704f6-120e-4cee-ae58-6d389d987867,open,884704f6-120e-4cee-ae58-6d389d987867
0,73ee2cb1-b077-4912-8792-8897e39696d0,open,73ee2cb1-b077-4912-8792-8897e39696d0
0,ae9b0bea-f2cc-4c63-ba93-67a4aee2fb18,open,ae9b0bea-f2cc-4c63-ba93-67a4aee2fb18
0,fbb80db9-04d6-4cea-838c-f5ed7523cbdd,open,fbb80db9-04d6-4cea-838c-f5ed7523cbdd
0,d7a40b11-4f07-4cbf-ad99-947c71315dbb,open,d7a40b11-4f07-4cbf-ad99-947c71315dbb
0,59a5ac39-bc9e-4432-b005-1d37a275aea1,open,59a5ac39-bc9e-4432-b005-1d37a275aea1
0,02e8a47b-38fd-4afb-bb8c-883da7dc970b,open,02e8a47b-38fd-4afb-bb8c-883da7dc970b
0,1e8c062b-6b5d-4270-92eb-13dac4b446b8,open,1e8c062b-6b5d-4270-92eb-13dac4b446b8
0,261593ab-700c-422f-9466-d7f9a0e4e5c9,open,261593ab-700c-422f-9466-d7f9a0e4e5c9
0,2cb5a9b6-f238-44b7-a23c-593884b85987,open,2cb5a9b6-f238-44b7-a23c-593884b85987
0,8b70565a-ff12-4078-a7b9-fa366cbfa549,open,8b70565a-ff12-4078-a7b9-fa366cbfa549
0,b0b5052d-1d49-484b-87d8-3ae897a172d2,open,b0b5052d-1d49-484b-87d8-3ae897a172d2
0,d2694af3-c351-494d-b796-5a2efdd77886,open,d2694af3-c351-494d-b796-5a2efdd77886
0,6efdcb00-9ba0-4092-b9ca-4c7e2c138154,open,6efdcb00-9ba0-4092-b9ca-4c7e2c138154
0,60778de0-458a-4b58-91cd-fdb879235c0c,open,60778de0-458a-4b58-91cd-fdb879235c0c
0,86f3d13a-81f0-423e-86af-09afb9d99391,open,86f3d13a-81f0-423e-86af-09afb9d99391
0,2337f6ab-e766-4b36-8883-a85b0f303bb8,open,2337f6ab-e766-4b36-8883-a85b0f303bb8
0,89e331bb-a03d-4bbd-981e-ab43df4f03f4,open,89e331bb-a03d-4bbd-981e-ab43df4f03f4
0,bf80a75a-dd2a-495b-be8a-4621a89155db,open,bf80a75a-dd2a-495b-be8a-4621a89155db
0,4a944751-b349-4d31-8cdf-ad74746ffca5,open,4a944751-b349-4d31-8cdf-ad74746ffca5
0,df0f10c5-6b87-44a9-ae18-02966514f246,open,df0f10c5-6b87-44a9-ae18-02966514f246
0,d9bf7849-9f9d-4caf-9f05-f8111a0694c1,open,d9bf7849-9f9d-4caf-9f05-f8111a0694c1
0,26bbca48-350a-4b11-9475-e45593bafc72,open,26bbca48-350a-4b11-9475-e45593bafc72
0,b5db5df7-ce40-4f3b-ba78-50ffe730e0bd,open,b5db5df7-ce40-4f3b-ba78-50ffe730e0bd
0,4fed8f47-3a35-4e7c-a89c-5125e15aaa1e,open,4fed8f47-3a35-4e7c-a89c-5125e15aaa1e
0,c8fae1f8-d93b-4fd9-9b4b-eee54fa525cd,open,c8fae1f8-d93b-4fd9-9b4b-eee54fa525cd
0,006d1840-f464-4b79-bb0f-498d070eba93,open,006d1840-f464-4b79-bb0f-498d070eba93
0,21a0c41b-addc-4af0-90fd-3674a12fda46,open,21a0c41b-addc-4af0-90fd-3674a12fda46
0,3da1275b-9d90-43f4-9a12-c9d2d5d42d09,open,3da1275b-9d90-43f4-9a12-c9d2d5d42d09
0,f341d358-db88-49f2-83ba-b291ce0ad8b5,open,f341d358-db88-49f2-83ba-b291ce0ad8b5
0,5564f861-772c-48e3-bf2a-49d3a6a4d01e,open,5564f861-772c-48e3-bf2a-49d3a6a4d01e
0,58afc57c-54d5-455e-9df6-9e16a03dcbc3,open,58afc57c-54d5-455e-9df6-9e16a03dcbc3
0,1940f594-40c2-474b-8fee-97964e8e7b04,open,1940f594-40c2-474b-8fee-97964e8e7b04
0,bc2c4be2-9088-4b5a-8589-4f21b4d31698,open,bc2c4be2-9088-4b5a-8589-4f21b4d31698
0,b2b629a9-a008-4fa6-9380-0f1f0e999c23,open,b2b629a9-a008-4fa6-9380-0f1f0e999c23
0,e3731233-07b6-4ef2-85a6-afbe7080edd2,open,e3731233-07b6-4ef2-85a6-afbe7080edd2
0,ba932456-6e8f-4ab6-846c-356b1fd28dab,open,ba932456-6e8f-4ab6-846c-356b1fd28dab
0,a1916e93-8b60-4bc6-ad30-fa724411e407,open,a1916e93-8b60-4bc6-ad30-fa724411e407
0,2ddeb0f4-0de9-402e-ba8d-5fba1fc16cdf,open,2ddeb0f4-0de9-402e-ba8d-5fba1fc16cdf
0,95ed0a54-d2ac-433f-970e-734e664efb5d,open,95ed0a54-d2ac-433f-970e-734e664efb5d
0,25aa114c-9d76-4e53-8bbc-e12e9ae23988,open,25aa114c-9d76-4e53-8bbc-e12e9ae23988
0,3d7e31dc-92ea-49cf-8305-301a8098fb58,open,3d7e31dc-92ea-49cf-8305-301a8098fb58
0,2a8ce765-78be-4df8-8825-04a6e27bd146,open,2a8ce765-78be-4df8-8825-04a6e27bd146
0,a222c1d6-f6f9-4dfd-8708-de86f5d2c83e,open,a222c1d6-f6f9-4dfd-8708-de86f5d2c83e
0,ce697552-addd-4088-adab-f69c7b4e5219,open,ce697552-addd-4088-adab-f69c7b4e5219
0,34322c6e-52db-4bb3-a4cb-d8f66c20008c,open,34322c6e-52db-4bb3-a4cb-d8f66c20008c
0,8b716578-e306-48d8-a14a-858e28806f3c,open,8b716578-e306-48d8-a14a-858e28806f3c
0,536b65f4-9f85-49d3-9b2f-4b701768444f,open,536b65f4-9f85-49d3-9b2f-4b701768444f
0,09485d26-780d-46ae-b8a9-165636515d33,open,09485d26-780d-46ae-b8a9-165636515d33
0,c4e8eec0-36d4-4185-9dd2-3a53dc510ae4,open,c4e8eec0-36d4-4185-9dd2-3a53dc510ae4
0,4c9e938d-91d0-4644-bd8c-202b8b14b3d7,open,4c9e938d-91d0-4644-bd8c-202b8b14b3d7
0,2315fb5c-fb73-424c-98c7-ecb50091afb8,open,2315fb5c-fb73-424c-98c7-ecb50091afb8
0,78ca4f3a-86ee-4d7f-acbd-502addaa2618,open,78ca4f3a-86ee-4d7f-acbd-502addaa2618
0,883b0bf6-f464-4454-8326-038b70500870,open,883b0bf6-f464-4454-8326-038b70500870
0,cb8620e5-67b0-459c-8ca8-5359ab053eec,open,cb8620e5-67b0-459c-8ca8-5359ab053eec
0,663be517-1f82-4d7b-9021-1cc630bd21fe,open,663be517-1f82-4d7b-9021-1cc630bd21fe
0,394a8195-2bd3-470e-ba32-de1f7ce0842b,open,394a8195-2bd3-470e-ba32-de1f7ce0842b
0,7e817925-8e45-42bc-89fb-a7e91800d07c,open,7e817925-8e45-42bc-89fb-a7e91800d07c
0,a72ae347-eb16-4689-b80f-0b1028510ec6,open,a72ae347-eb16-4689-b80f-0b1028510ec6
0,1f7dd122-5cf9-4d68-97cc-b94ba38be654,open,1f7dd122-5cf9-4d68-97cc-b94ba38be654
0,a0b1327d-4607-43d5-a145-6aed2b79d0d2,open,a0b1327d-4607-43d5-a145-6aed2b79d0d2
0,0067e648-d7d8-40f4-8211-6aa0aed8b399,open,0067e648-d7d8-40f4-8211-6aa0aed8b399
0,5f3a6843-38f1-46d9-90f0-b3d3b2c8e15a,open,5f3a6843-38f1-46d9-90f0-b3d3b2c8e15a
0,b5d369cd-9d52-45da-af85-d8e5d47b7528,open,b5d369cd-9d52-45da-af85-d8e5d47b7528
0,debd1d78-24f3-4a2f-a71f-0a31521c1b84,open,debd1d78-24f3-4a2f-a71f-0a31521c1b84
0,c021500b-1445-42d0-8bf6-28af3515733e,open,c021500b-1445-42d0-8bf6-28af3515733e
0,5c1aa9d0-a0cf-4c50-bf80-3c091e9b922b,open,5c1aa9d0-a0cf-4c50-bf80-3c091e9b922b
0,a557d44c-c6ad-4e3f-8a3b-5c69081ed9ab,open,a557d44c-c6ad-4e3f-8a3b-5c69081ed9ab
0,e3707538-0142-4aa9-b9a7-433341ff2386,open,e3707538-0142-4aa9-b9a7-433341ff2386
0,3be162b2-3231-48d1-8148-2055f5f97e98,open,3be162b2-3231-48d1-8148-2055f5f97e98
0,efbb6c31-75eb-4e7f-9191-4996db4edbed,open,efbb6c31-75eb-4e7f-9191-4996db4edbed
0,5618dd81-d68f-48f9-8b78-814cc9b6c4b3,open,5618dd81-d68f-48f9-8b78-814cc9b6c4b3
0,946631c8-2285-4aab-8df2-9e3cda48019c,open,946631c8-2285-4aab-8df2-9e3cda48019c
0,752f7d86-88d5-49ad-8d4f-1513c8a3fbd0,open,752f7d86-88d5-49ad-8d4f-1513c8a3fbd0
0,87ef1613-a031-4e9a-9bd7-b34187c76011,open,87ef1613-a031-4e9a-9bd7-b34187c76011
0,3e72e61c-db73-407a-8a1c-16fdb20d5758,open,3e72e61c-db73-407a-8a1c-16fdb20d5758
0,49b42d42-9522-4f27-9b20-31e67a19ccd8,open,49b42d42-9522-4f27-9b20-31e67a19ccd8
0,d22964e9-014d-4fc3-832d-5e5690bbf264,open,d22964e9-014d-4fc3-832d-5e5690bbf264
0,7281cb79-aeff-4d05-abcd-2a7a1f048663,open,7281cb79-aeff-4d05-abcd-2a7a1f048663
0,cde83227-7654-463b-8a5e-2daee4a6ba0c,open,cde83227-7654-463b-8a5e-2daee4a6ba0c
0,23da4782-e9dc-481c-a3cb-e876da289876,open,23da4782-e9dc-481c-a3cb-e876da289876
0,682620c1-a127-4ad5-bb75-c21239bdb4ca,open,682620c1-a127-4ad5-bb75-c21239bdb4ca
0,e31d0463-ed5f-4eaf-883e-af2578b1a2e9,open,e31d0463-ed5f-4eaf-883e-af2578b1a2e9
0,5def9878-5f53-41d2-8e48-0790bce4c215,open,5def9878-5f53-41d2-8e48-0790bce4c215
0,dae59019-4a4f-4b74-84f4-5c4887e85f1d,open,dae59019-4a4f-4b74-84f4-5c4887e85f1d
0,c9b8d49d-fe91-4313-b411-3c480b328878,open,c9b8d49d-fe91-4313-b411-3c480b328878
0,abd66c0c-2e63-407e-af82-8c15854fe22a,open,abd66c0c-2e63-407e-af82-8c15854fe22a
0,89f54c9b-ebb7-49bf-a822-6d99fe0b8ff7,open,89f54c9b-ebb7-49bf-a822-6d99fe0b8ff7
0,a827f18c-1f2a-472d-964a-cc7c26d32744,open,a827f18c-1f2a-472d-964a-cc7c26d32744
0,ac4e699e-bd7e-402e-ac10-a9c0c4a284c4,open,ac4e699e-bd7e-402e-ac10-a9c0c4a284c4
0,76a35952-0248-403f-8aad-41fdd577df0d,open,76a35952-0248-403f-8aad-41fdd577df0d
0,2167b659-3ebc-4a48-9f87-4818393d1342,open,2167b659-3ebc-4a48-9f87-4818393d1342
0,312083a5-f85a-464e-94e3-c38d58c940b7,open,312083a5-f85a-464e-94e3-c38d58c940b7
0,0bb63221-2a86-49cf-9827-95cbb955f226,open,0bb63221-2a86-49cf-9827-95cbb955f226
0,32c852b7-57ae-4665-b740-f832d44c1280,open,32c852b7-57ae-4665-b740-f832d44c1280
0,1e2ea08e-72f9-4d59-9de1-37e7fdc0419d,open,1e2ea08e-72f9-4d59-9de1-37e7fdc0419d
0,b14e6703-2cf3-4423-8930-afb91d4672ea,open,b14e6703-2cf3-4423-8930-afb91d4672ea
0,7486cabc-c5e9-4761-a46c-dc3a1a21f854,open,7486cabc-c5e9-4761-a46c-dc3a1a21f854
0,4c2f4dcf-8ad9-42b3-95d3-418cbb7d9749,open,4c2f4dcf-8ad9-42b3-95d3-418cbb7d9749
0,62985acd-77e3-4ade-b8ff-cfe7888c3746,open,62985acd-77e3-4ade-b8ff-cfe7888c3746
0,ea675cf0-60ae-47b2-85c3-8247512c94a6,open,ea675cf0-60ae-47b2-85c3-8247512c94a6
0,b8b1be79-01d3-4bf0-9d12-b33963ceef02,open,b8b1be79-01d3-4bf0-9d12-b33963ceef02
0,f081588f-76cb-473e-adfa-4ae87b2359ac,open,f081588f-76cb-473e-adfa-4ae87b2359ac
0,7af53a57-5173-4381-9ea8-19f2af317268,open,7af53a57-5173-4381-9ea8-19f2af317268
0,d942776f-1008-4956-884a-f2532564cc1a,open,d942776f-1008-4956-884a-f2532564cc1a
0,1dc3568f-e332-4492-805c-1390594e8960,open,1dc3568f-e332-4492-805c-1390594e8960
0,599bed2e-c2ff-4dbb-8645-bfaa50d7a5aa,open,599bed2e-c2ff-4dbb-8645-bfaa50d7a5aa
0,63332e7a-2ba9-4077-915f-5e56796875d5,open,63332e7a-2ba9-4077-915f-5e56796875d5
0,deeb99d3-2809-4bf8-85f6-ebfece00af80,open,deeb99d3-2809-4bf8-85f6-ebfece00af80
0,b68add7c-dc93-482a-878d-0683afe6dad3,open,b68add7c-dc93-482a-878d-0683afe6dad3
0,d6d5a6ad-24d4-47f3-9967-24e6e477698e,open,d6d5a6ad-24d4-47f3-9967-24e6e477698e
0,2d22e54e-98e7-43b9-b666-ca39e4d5ff86,open,2d22e54e-98e7-43b9-b666-ca39e4d5ff86
0,0694555e-c932-465d-821e-f0fb98d7591e,open,0694555e-c932-465d-821e-f0fb98d7591e
0,a98803c5-d95e-40fc-834f-948db8837dbe,open,a98803c5-d95e-40fc-834f-948db8837dbe
0,a8d0a0dd-2a5c-4ee4-a9b6-9ecfedcb6886,open,a8d0a0dd-2a5c-4ee4-a9b6-9ecfedcb6886
0,b5fa1f0d-c1c1-43cd-b4ee-8355f6140e30,open,b5fa1f0d-c1c1-43cd-b4ee-8355f6140e30
0,2bc128cd-c924-490d-b9c3-d4f4ccdc8f8b,open,2bc128cd-c924-490d-b9c3-d4f4ccdc8f8b
0,de49434b-3e65-4877-821d-070c6e943054,open,de49434b-3e65-4877-821d-070c6e943054
0,5a31d499-cf1e-4c36-8bfe-85a01503d4a1,open,5a31d499-cf1e-4c36-8bfe-85a01503d4a1
0,fd8748ee-028f-4738-a297-06e075059b5e,open,fd8748ee-028f-4738-a297-06e075059b5e
0,d7184f70-b4f7-4283-b583-95eb417cdca5,open,d7184f70-b4f7-4283-b583-95eb417cdca5
0,0f3efde7-de32-482f-bc56-d00fd571d9ec,open,0f3efde7-de32-482f-bc56-d00fd571d9ec
0,229219e2-9b56-4882-8741-cee697c4b714,open,229219e2-9b56-4882-8741-cee697c4b714
0,dfdf7db2-a8ba-4e33-8fd0-120d63a0f7b0,open,dfdf7db2-a8ba-4e33-8fd0-120d63a0f7b0
0,88962ea5-7761-4a8f-bba6-3a63662af1a3,open,88962ea5-7761-4a8f-bba6-3a63662af1a3
0,d3f0a6a7-69a1-4595-af82-be4357559e50,open,d3f0a6a7-69a1-4595-af82-be4357559e50
0,8ce0d0f7-bf69-4610-9209-a4ef8349c3a9,open,8ce0d0f7-bf69-4610-9209-a4ef8349c3a9
0,51545862-3d1c-4633-8395-cd7b64468565,open,51545862-3d1c-4633-8395-cd7b64468565
0,45469b7a-ca0c-4859-9620-37c74705e81c,open,45469b7a-ca0c-4859-9620-37c74705e81c
0,c5771c38-c08d-4f96-bc26-6e107f48015e,open,c5771c38-c08d-4f96-bc26-6e107f48015e
0,24c2a9a6-7822-4f42-adc6-a9da54d787a7,open,24c2a9a6-7822-4f42-adc6-a9da54d787a7
0,dabebdef-6ccf-4431-a792-4833d8687864,open,dabebdef-6ccf-4431-a792-4833d8687864
0,b736ca6e-53b4-4074-a446-4085aaf5a23b,open,b736ca6e-53b4-4074-a446-4085aaf5a23b
0,bfda9c14-ac57-43f3-995f-92e2b067eead,open,bfda9c14-ac57-43f3-995f-92e2b067eead
0,da450961-c375-46cd-870b-69ac8f6202cb,open,da450961-c375-46cd-870b-69ac8f6202cb
0,72148958-2c6f-4cad-9a4f-d28cc6a57f5a,open,72148958-2c6f-4cad-9a4f-d28cc6a57f5a
0,4fe27049-d2af-4e74-8fe6-54d6bad5f1ae,open,4fe27049-d2af-4e74-8fe6-54d6bad5f1ae
0,6371d927-f16e-4293-9460-0077e8a24fc0,open,6371d927-f16e-4293-9460-0077e8a24fc0
0,cc290d4a-5668-4947-9805-197ff5bb8bf0,open,cc290d4a-5668-4947-9805-197ff5bb8bf0
0,fbdc179d-08b1-40d4-8b68-a7e82c951349,open,fbdc179d-08b1-40d4-8b68-a7e82c951349
0,d075e7a3-a4fb-4c53-88e5-b06fed6fd15c,open,d075e7a3-a4fb-4c53-88e5-b06fed6fd15c
0,5e00e4c4-1384-4ece-b6fc-6183d0dc4e04,open,5e00e4c4-1384-4ece-b6fc-6183d0dc4e04
0,ae9c1737-7008-4caf-a68e-be7732df82a7,open,ae9c1737-7008-4caf-a68e-be7732df82a7
0,5d5937b4-81f2-48ef-8707-143a8da3e1f7,open,5d5937b4-81f2-48ef-8707-143a8da3e1f7
0,7734ff93-8cad-48fd-bffd-a93c68fd3c45,open,7734ff93-8cad-48fd-bffd-a93c68fd3c45
0,8a80d1b1-a524-4467-8adb-34ccb158180b,open,8a80d1b1-a524-4467-8adb-34ccb158180b
0,e51edcc2-e935-404d-ae43-eb3495e62df8,open,e51edcc2-e935-404d-ae43-eb3495e62df8
0,91d5adf4-7f10-48d5-8607-3afc225c4ada,open,91d5adf4-7f10-48d5-8607-3afc225c4ada
0,2ad27f4f-ba04-4b27-873f-92547e3bca0a,open,2ad27f4f-ba04-4b27-873f-92547e3bca0a
0,826ea5c4-3391-45ef-98a3-610ce73753cc,open,826ea5c4-3391-45ef-98a3-610ce73753cc
0,ea5ce183-553e-4acb-ab61-570f69382bb0,open,ea5ce183-553e-4acb-ab61-570f69382bb0
0,d9aab833-df58-49eb-a990-4db47819bf05,open,d9aab833-df58-49eb-a990-4db47819bf05
0,021c1079-09e2-4e73-889c-f2153f10fbac,open,021c1079-09e2-4e73-889c-f2153f10fbac
0,9c45a255-3a7b-49dc-a090-e573969d3e61,open,9c45a255-3a7b-49dc-a090-e573969d3e61
0,574dcc61-3e70-4b1a-8c4c-f8b8fcd74596,open,574dcc61-3e70-4b1a-8c4c-f8b8fcd74596
0,e1de6c24-4a2d-4d17-9d61-ef48926a84cb,open,e1de6c24-4a2d-4d17-9d61-ef48926a84cb
0,fcaef1e7-a217-4e07-800a-c671c556f207,open,fcaef1e7-a217-4e07-800a-c671c556f207
0,b678fd64-b6cb-4bd4-8bf0-af0f96cebc54,open,b678fd64-b6cb-4bd4-8bf0-af0f96cebc54
0,526e680d-9769-4f37-a327-4fa397daa090,open,526e680d-9769-4f37-a327-4fa397daa090
0,1fe504d8-0199-4d71-9e11-7cabeeefec3e,open,1fe504d8-0199-4d71-9e11-7cabeeefec3e
0,3774e733-2fd7-40f7-a909-b30b13c033aa,open,3774e733-2fd7-40f7-a909-b30b13c033aa
0,96174718-f7fb-4b68-8194-86c6f63c6b86,open,96174718-f7fb-4b68-8194-86c6f63c6b86
0,42c93d0d-f855-4f8b-a859-1eb95d00496d,open,42c93d0d-f855-4f8b-a859-1eb95d00496d
0,6a18fed1-ff58-411a-8b92-266d69a3f37d,open,6a18fed1-ff58-411a-8b92-266d69a3f37d
0,ac614f53-ee43-4bbe-89ae-62a2600ada15,open,ac614f53-ee43-4bbe-89ae-62a2600ada15
0,772c2011-0ea9-45cb-a8d8-d86ac8b6e3dd,open,772c2011-0ea9-45cb-a8d8-d86ac8b6e3dd
0,e62f93f3-c8d1-46dd-b24c-db5bbeb66bba,open,e62f93f3-c8d1-46dd-b24c-db5bbeb66bba
0,5d1e483e-e376-4bad-badd-9b391515f90b,open,5d1e483e-e376-4bad-badd-9b391515f90b
0,3acfdb09-8895-483c-a364-1d94857ffa3b,open,3acfdb09-8895-483c-a364-1d94857ffa3b
0,5ab124a4-9de5-43ab-a41b-cfb6da5cabe2,open,5ab124a4-9de5-43ab-a41b-cfb6da5cabe2
0,a330c6e1-60fc-4d01-907e-531774215596,open,a330c6e1-60fc-4d01-907e-531774215596
0,d7efc7ab-2397-4903-b25c-5c5645acc198,open,d7efc7ab-2397-4903-b25c-5c5645acc198
0,8a9228be-79e2-4ed7-92c5-2450c575a143,open,8a9228be-79e2-4ed7-92c5-2450c575a143
0,c34e6804-7207-4b41-9534-348ba57402b5,open,c34e6804-7207-4b41-9534-348ba57402b5
0,4104f86c-a42f-4a9b-a183-d4741b0355c6,open,4104f86c-a42f-4a9b-a183-d4741b0355c6
0,9d09f334-20b2-44ac-b8ad-d8dc324849be,open,9d09f334-20b2-44ac-b8ad-d8dc324849be
0,93467e1c-cf13-46c9-869f-c15979a9e13e,open,93467e1c-cf13-46c9-869f-c15979a9e13e
0,e8057a73-f3a6-4303-960d-46549f27f2b4,open,e8057a73-f3a6-4303-960d-46549f27f2b4
0,9eabede9-7e6c-4b92-a0ed-1e85b2e734da,open,9eabede9-7e6c-4b92-a0ed-1e85b2e734da
0,4aa06ce8-be01-4cf1-9336-b09f0cac15d0,open,4aa06ce8-be01-4cf1-9336-b09f0cac15d0
0,bdfbd56e-a929-4394-bb4e-d52241bcc8d0,open,bdfbd56e-a929-4394-bb4e-d52241bcc8d0
0,c71a1f31-2fa2-439e-8728-5978fd85b3d6,open,c71a1f31-2fa2-439e-8728-5978fd85b3d6
0,430b8101-7789-433d-80f2-30659606b2d9,open,430b8101-7789-433d-80f2-30659606b2d9
0,846ef768-fea4-481b-8d6c-3d278d0cac29,open,846ef768-fea4-481b-8d6c-3d278d0cac29
0,21b64f9c-dfc2-4f00-93ed-01e0933596e9,open,21b64f9c-dfc2-4f00-93ed-01e0933596e9
0,9fabee8f-fe3c-4bdd-ba68-6ad50c795870,open,9fabee8f-fe3c-4bdd-ba68-6ad50c795870
0,3774e60f-3326-409c-8077-def47cae82de,open,3774e60f-3326-409c-8077-def47cae82de
0,6508a674-a8f6-4458-9f73-dc4e78241d95,open,6508a674-a8f6-4458-9f73-dc4e78241d95
0,1dc3de00-f0cd-4f1e-abd0-794205d4a3e3,open,1dc3de00-f0cd-4f1e-abd0-794205d4a3e3
0,557ca0cb-0afe-42e4-be2a-26d2ebc13300,open,557ca0cb-0afe-42e4-be2a-26d2ebc13300
0,c5c31327-966b-4f50-9a09-520d3385b117,open,c5c31327-966b-4f50-9a09-520d3385b117
0,221bdfc3-abc9-48ba-8c94-66f28ebf2028,open,221bdfc3-abc9-48ba-8c94-66f28ebf2028
0,c76744c3-6c9a-4f3f-a144-07f44c053cdb,open,c76744c3-6c9a-4f3f-a144-07f44c053cdb
0,142f9b7f-419a-4812-9596-b91f186d2f39,open,142f9b7f-419a-4812-9596-b91f186d2f39
0,71d889c1-a48a-47d3-933b-871acb1a0c2e,open,71d889c1-a48a-47d3-933b-871acb1a0c2e
0,0e0645ce-257c-4425-812b-4b614cc8a51b,open,0e0645ce-257c-4425-812b-4b614cc8a51b
0,cd0c67ff-b36d-475e-835b-24d9e6688d73,open,cd0c67ff-b36d-475e-835b-24d9e6688d73
0,91752d65-02a2-406c-84f4-6dbd66ea0da1,open,91752d65-02a2-406c-84f4-6dbd66ea0da1
0,2bee79df-9f36-4b73-9330-c1ade5aaa8b7,open,2bee79df-9f36-4b73-9330-c1ade5aaa8b7
0,3dc424ce-3e7a-4e36-8344-1c8d42a2028e,open,3dc424ce-3e7a-4e36-8344-1c8d42a2028e
0,456916ea-2081-478e-9602-e88d46f56c0d,open,456916ea-2081-478e-9602-e88d46f56c0d
0,d7516d1f-4a1f-4ef2-ac51-f316492e49f8,open,d7516d1f-4a1f-4ef2-ac51-f316492e49f8
0,a713621b-eec7-4c9b-be1e-1491af2af99f,open,a713621b-eec7-4c9b-be1e-1491af2af99f
0,a1511b08-e6ad-403a-830f-0752c8168598,open,a1511b08-e6ad-403a-830f-0752c8168598
0,c5235f84-4567-4b7e-8338-9cf567f863d3,open,c5235f84-4567-4b7e-8338-9cf567f863d3
0,3f25ae24-fa66-43ac-a18d-54a3c316e5df,open,3f25ae24-fa66-43ac-a18d-54a3c316e5df
0,d12ee4e7-4b2e-4c9a-b22c-0838c9ab52d8,open,d12ee4e7-4b2e-4c9a-b22c-0838c9ab52d8
0,1278926b-a94e-415e-96f1-4cbc03dbfb52,open,1278926b-a94e-415e-96f1-4cbc03dbfb52
0,63d00802-f438-44ac-901e-edbeae754ff8,open,63d00802-f438-44ac-901e-edbeae754ff8
0,6e796807-7c46-4d47-9bb2-41cee0f5e000,open,6e796807-7c46-4d47-9bb2-41cee0f5e000
0,6769b812-fc55-4ee2-9f73-24293df2d710,open,6769b812-fc55-4ee2-9f73-24293df2d710
0,ff603b58-4eb8-44b3-b56d-fab22a1783ff,open,ff603b58-4eb8-44b3-b56d-fab22a1783ff
0,3d8d7f4c-c3f2-4677-a783-42b05d0101b5,open,3d8d7f4c-c3f2-4677-a783-42b05d0101b5
0,a61cf0e2-1260-4775-a057-a67bcdf52845,open,a61cf0e2-1260-4775-a057-a67bcdf52845
0,c7a5dc3a-2003-456e-ba63-060201e11363,open,c7a5dc3a-2003-456e-ba63-060201e11363
0,08cd32bb-337a-4d92-8046-9c0eca04df18,open,08cd32bb-337a-4d92-8046-9c0eca04df18
0,e44f27b7-a5e8-49be-b3d0-0dc139146931,open,e44f27b7-a5e8-49be-b3d0-0dc139146931
0,3fc07dc1-ab4d-45f9-84f6-5cef9a85c08c,open,3fc07dc1-ab4d-45f9-84f6-5cef9a85c08c
0,a3fc8af9-c8ef-4323-b33b-2b1f9d6cf02d,open,a3fc8af9-c8ef-4323-b33b-2b1f9d6cf02d
0,49f6484e-cfe4-40d0-9c3e-4f14d4176b49,open,49f6484e-cfe4-40d0-9c3e-4f14d4176b49
0,d61172b8-ac22-4bf5-bab5-2faadaf2dc9c,open,d61172b8-ac22-4bf5-bab5-2faadaf2dc9c
0,623cd22d-6333-4cc3-9a7d-fd69270fd713,open,623cd22d-6333-4cc3-9a7d-fd69270fd713
0,a97e1a0f-c104-4ab0-b938-d145ec754e8b,open,a97e1a0f-c104-4ab0-b938-d145ec754e8b
0,7c1fa04a-da0b-4dea-962f-594e0f79d58c,open,7c1fa04a-da0b-4dea-962f-594e0f79d58c
0,ae3bf034-ce6e-4545-a702-718fda068045,open,ae3bf034-ce6e-4545-a702-718fda068045
0,efefebbe-0967-4bc6-bb47-a2ba36f4e9ac,open,efefebbe-0967-4bc6-bb47-a2ba36f4e9ac
0,89ca3615-f26b-4e15-9e99-a4cdd8e322c4,open,89ca3615-f26b-4e15-9e99-a4cdd8e322c4
0,3cb6ce7b-9e5e-4fd2-a1f6-90a932a4b4ad,open,3cb6ce7b-9e5e-4fd2-a1f6-90a932a4b4ad
0,576fdfa1-64c2-4695-bac0-8982239320cb,open,576fdfa1-64c2-4695-bac0-8982239320cb
0,1358f883-163e-4d33-aaf6-2aadd60f8473,open,1358f883-163e-4d33-aaf6-2aadd60f8473
0,b9beb093-abf2-4262-894f-9e5c0f9524d1,open,b9beb093-abf2-4262-894f-9e5c0f9524d1
0,64a21b3e-6b86-44b9-81a9-1d5dd2de7a92,open,64a21b3e-6b86-44b9-81a9-1d5dd2de7a92
0,abc26371-2d45-4e65-b5ee-32e8476dad4d,open,abc26371-2d45-4e65-b5ee-32e8476dad4d
0,e79fce4f-e65d-4038-a8e8-2bd8bf229304,open,e79fce4f-e65d-4038-a8e8-2bd8bf229304
0,68ab556c-a01c-45be-b0ee-1bc2ab2f4356,open,68ab556c-a01c-45be-b0ee-1bc2ab2f4356
0,23bfbb14-7911-48e6-9408-74a21316e211,open,23bfbb14-7911-48e6-9408-74a21316e211
0,df63a84b-0324-4778-9566-c614e7c67179,open,df63a84b-0324-4778-9566-c614e7c67179
0,a474b63e-fb21-4a66-9b2b-af95eacf232d,open,a474b63e-fb21-4a66-9b2b-af95eacf232d
0,8634a033-3631-40a6-b26d-9617ed238813,open,8634a033-3631-40a6-b26d-9617ed238813
0,bc684765-b8ba-43eb-99d6-58b344234a65,open,bc684765-b8ba-43eb-99d6-58b344234a65
0,5e0e9246-112f-46d6-85da-f0b78f303dea,open,5e0e9246-112f-46d6-85da-f0b78f303dea
0,63b6af38-5911-4bd7-902d-0eb25b2a82bf,open,63b6af38-5911-4bd7-902d-0eb25b2a82bf
0,39c0d19e-7900-451c-b6b9-deebe7218464,open,39c0d19e-7900-451c-b6b9-deebe7218464
0,71a8a08e-e0ef-41a2-b9c5-9233d368d9d3,open,71a8a08e-e0ef-41a2-b9c5-9233d368d9d3
0,b5064809-8872-45c8-a1b7-9e9de869a8ef,open,b5064809-8872-45c8-a1b7-9e9de869a8ef
0,f293965b-bbcc-4a1b-a0a6-b999b628c523,open,f293965b-bbcc-4a1b-a0a6-b999b628c523
0,2c725edb-65ba-4bbd-b326-411c360d47b7,open,2c725edb-65ba-4bbd-b326-411c360d47b7
0,b5d2fdae-9b83-44c1-82c0-3e09a9beb172,open,b5d2fdae-9b83-44c1-82c0-3e09a9beb172
0,27bf4ebb-803f-4ae5-a829-7b37ba11b2d1,open,27bf4ebb-803f-4ae5-a829-7b37ba11b2d1
0,26309dd6-7452-4191-8a6e-28535a3a85c2,open,26309dd6-7452-4191-8a6e-28535a3a85c2
0,3c9a6ff2-1c11-4d59-9b19-861035d0cd0e,open,3c9a6ff2-1c11-4d59-9b19-861035d0cd0e
0,4c457cb1-5c05-4715-95bf-f9ded1986cea,open,4c457cb1-5c05-4715-95bf-f9ded1986cea
0,722ddaa2-3ca9-4be8-9086-824cb5782c1e,open,722ddaa2-3ca9-4be8-9086-824cb5782c1e
0,6a45a675-c533-4d3a-8cef-9a2f439e5477,open,6a45a675-c533-4d3a-8cef-9a2f439e5477
0,0f30fb25-b300-46c8-9c23-d2ba6b75bc96,open,0f30fb25-b300-46c8-9c23-d2ba6b75bc96
0,454191dc-a58b-48c8-bb18-162a2dcd0bef,open,454191dc-a58b-48c8-bb18-162a2dcd0bef
0,9737c403-08e4-4ace-bf9b-88e84a51cb84,open,9737c403-08e4-4ace-bf9b-88e84a51cb84
0,9e75bcad-dd6b-43ff-ab49-974ab63dc76f,open,9e75bcad-dd6b-43ff-ab49-974ab63dc76f
0,91ed487f-e381-4650-ada9-5dd53febd552,open,91ed487f-e381-4650-ada9-5dd53febd552
0,2df06865-0760-4b21-bbb8-5c7638356efb,open,2df06865-0760-4b21-bbb8-5c7638356efb
0,de5b3a30-bd89-4fe4-b3d5-f06e7765a799,open,de5b3a30-bd89-4fe4-b3d5-f06e7765a799
0,2a33b765-e128-405c-b566-0a29f8c7e9fd,open,2a33b765-e128-405c-b566-0a29f8c7e9fd
0,673a654a-2060-4846-84fd-76ebe9f0c5ec,open,673a654a-2060-4846-84fd-76ebe9f0c5ec
0,c09aa29f-7c26-40cb-9c3a-11f512511d58,open,c09aa29f-7c26-40cb-9c3a-11f512511d58
0,3cf7a6a4-c126-44f4-8ee3-d7ef4757e213,open,3cf7a6a4-c126-44f4-8ee3-d7ef4757e213
0,ab24b5ee-de30-45da-9b9c-8c1438bf892f,open,ab24b5ee-de30-45da-9b9c-8c1438bf892f
0,f803ff57-8acd-40c3-8b12-9ea258ebb78b,open,f803ff57-8acd-40c3-8b12-9ea258ebb78b
0,5cb57592-b26c-42d4-95e7-463abca43004,open,5cb57592-b26c-42d4-95e7-463abca43004
0,fb782219-5fa9-4e53-a291-ff518a5d6eee,open,fb782219-5fa9-4e53-a291-ff518a5d6eee
0,f3d72af0-2838-434b-8105-507030871144,open,f3d72af0-2838-434b-8105-507030871144
0,3fa3859f-8db0-4145-966b-c1fe0a242361,open,3fa3859f-8db0-4145-966b-c1fe0a242361
0,3c81aefd-2225-46da-aceb-f4a8efdd6bc3,open,3c81aefd-2225-46da-aceb-f4a8efdd6bc3
0,6bb56c1f-4caf-4d2c-aa00-2f404caa7adb,open,6bb56c1f-4caf-4d2c-aa00-2f404caa7adb
0,68660dd0-69a0-455d-9d69-92444538aabd,open,68660dd0-69a0-455d-9d69-92444538aabd
0,9d6ae543-b48f-4c0c-b1cf-073583c240ed,open,9d6ae543-b48f-4c0c-b1cf-073583c240ed
0,9cce4138-fbc5-4d14-81c0-2bb9d5971a8b,open,9cce4138-fbc5-4d14-81c0-2bb9d5971a8b
0,801e732c-b51c-4db7-84a7-63a421e62b3b,open,801e732c-b51c-4db7-84a7-63a421e62b3b
0,cbc2b4f2-686f-4d15-8dce-f744d77772d1,open,cbc2b4f2-686f-4d15-8dce-f744d77772d1
0,400864ce-65d5-40a5-96ab-84271a2a744a,open,400864ce-65d5-40a5-96ab-84271a2a744a
0,f18e11cd-5cf7-4529-85f7-4a19b0a8039e,open,f18e11cd-5cf7-4529-85f7-4a19b0a8039e
0,7978cb74-0cd0-4cbe-8425-c1b0762daa2a,open,7978cb74-0cd0-4cbe-8425-c1b0762daa2a
0,aafa0414-48bd-461b-828e-24de12186b1f,open,aafa0414-48bd-461b-828e-24de12186b1f
0,a1ba3acc-ad94-44a4-aae3-e65f1410ff9a,open,a1ba3acc-ad94-44a4-aae3-e65f1410ff9a
0,1e85519a-d005-4e92-9c33-80fd40151e43,open,1e85519a-d005-4e92-9c33-80fd40151e43
0,0779cd92-f58f-405b-875f-88e6fb41d96a,open,0779cd92-f58f-405b-875f-88e6fb41d96a
0,29ee11cf-f6e2-431c-aff2-8e34ba821868,open,29ee11cf-f6e2-431c-aff2-8e34ba821868
0,9db51366-c3ea-4510-904f-883f1a316cfe,open,9db51366-c3ea-4510-904f-883f1a316cfe
0,63b9589e-bff4-4651-bc66-457c3ef8bd11,open,63b9589e-bff4-4651-bc66-457c3ef8bd11
0,35201799-2269-42cb-8531-7805d068980b,open,35201799-2269-42cb-8531-7805d068980b
0,116a4328-b7d2-42e3-ab0f-7acf5b0f3351,open,116a4328-b7d2-42e3-ab0f-7acf5b0f3351
0,0ddf01ab-6019-4d3c-86aa-ab7369ccad86,open,0ddf01ab-6019-4d3c-86aa-ab7369ccad86
0,da115eb1-d254-4374-8fd3-bc8a5fd93ce7,open,da115eb1-d254-4374-8fd3-bc8a5fd93ce7
0,ef66807b-5fd0-4a41-97f8-ec0238d56f1c,open,ef66807b-5fd0-4a41-97f8-ec0238d56f1c
0,7e8b7fc1-333e-4785-a28b-6d56d215d311,open,7e8b7fc1-333e-4785-a28b-6d56d215d311
0,0ccb22a4-ee25-4ced-be2e-45a61f63f257,open,0ccb22a4-ee25-4ced-be2e-45a61f63f257
0,71ed9425-5f6a-4d79-9bf1-e8959c78c053,open,71ed9425-5f6a-4d79-9bf1-e8959c78c053
0,7edc7c72-b760-42a9-933a-5dc9a3283869,open,7edc7c72-b760-42a9-933a-5dc9a3283869
0,4a6a8918-ed96-40d4-a843-1caf146a29d4,open,4a6a8918-ed96-40d4-a843-1caf146a29d4
0,4dbd9556-e853-4836-8252-3893ea095eec,open,4dbd9556-e853-4836-8252-3893ea095eec
0,01a760c1-b072-4ba6-bfed-0a98ebc3756d,open,01a760c1-b072-4ba6-bfed-0a98ebc3756d
0,e57e15d6-b69e-4afc-83f4-a0f2ae3ac33f,open,e57e15d6-b69e-4afc-83f4-a0f2ae3ac33f
0,38d26095-b37d-49ec-b6c4-7cb1f502e9fc,open,38d26095-b37d-49ec-b6c4-7cb1f502e9fc
0,24f617fa-a5ab-4e04-a426-bb6286de51be,open,24f617fa-a5ab-4e04-a426-bb6286de51be
0,e6245c52-4833-47e7-88fa-5de5952d2c4e,open,e6245c52-4833-47e7-88fa-5de5952d2c4e
0,1e328353-bbd6-44d0-bfaf-8caf84e89b5c,open,1e328353-bbd6-44d0-bfaf-8caf84e89b5c
0,13071275-b3e1-4843-974f-333cc050748a,open,13071275-b3e1-4843-974f-333cc050748a
0,169413c3-419b-4e7b-8fca-50a4a9fd0c7b,open,169413c3-419b-4e7b-8fca-50a4a9fd0c7b
0,91e06a7a-9bf4-413d-bc68-8a967c9072a6,open,91e06a7a-9bf4-413d-bc68-8a967c9072a6
0,0c576a1a-3fd6-497c-b3d6-66d28d63719a,open,0c576a1a-3fd6-497c-b3d6-66d28d63719a
0,f20d9a70-40f6-40e7-988a-06e637743ea0,open,f20d9a70-40f6-40e7-988a-06e637743ea0
0,9ae7518a-fde5-464d-a0ed-c3ece90b4675,open,9ae7518a-fde5-464d-a0ed-c3ece90b4675
0,17ecfcdf-37a6-4d16-90d5-c51e0f33099d,open,17ecfcdf-37a6-4d16-90d5-c51e0f33099d
0,5290e788-0748-4820-90d1-4b14519d397d,open,5290e788-0748-4820-90d1-4b14519d397d
0,3dac3852-c0c3-4a06-b419-64190219ed3f,open,3dac3852-c0c3-4a06-b419-64190219ed3f
0,5efab5c6-d418-4c65-b1d8-7daa0092e857,open,5efab5c6-d418-4c65-b1d8-7daa0092e857
0,cac74f10-d3b7-4052-8ec2-fac232fb5de3,open,cac74f10-d3b7-4052-8ec2-fac232fb5de3
0,c8959157-ff8f-45fa-ba3a-472c7d54461d,open,c8959157-ff8f-45fa-ba3a-472c7d54461d
0,489a6b95-3457-463e-b0bf-cfe2a0913fc6,open,489a6b95-3457-463e-b0bf-cfe2a0913fc6
0,115aa0dd-399e-44b2-95bc-d7cb0e48eb30,open,115aa0dd-399e-44b2-95bc-d7cb0e48eb30
0,4974923f-fb82-482c-bc42-f1c1b04421ff,open,4974923f-fb82-482c-bc42-f1c1b04421ff
0,a9608c21-eadb-4501-8162-52fd4cd6e4fe,open,a9608c21-eadb-4501-8162-52fd4cd6e4fe
0,8aeca1cb-f732-4090-b35b-9cc86dbcef94,open,8aeca1cb-f732-4090-b35b-9cc86dbcef94
0,c4d24bba-832f-40f9-95ef-f8c420aafb73,open,c4d24bba-832f-40f9-95ef-f8c420aafb73
0,a207f16d-5be4-4a1f-bc5e-525c5664595e,open,a207f16d-5be4-4a1f-bc5e-525c5664595e
0,3413e60b-0610-4910-b39d-e22cc91173f4,open,3413e60b-0610-4910-b39d-e22cc91173f4
0,4b2d8e93-b329-4d9d-8e66-5dcbeaa074ac,open,4b2d8e93-b329-4d9d-8e66-5dcbeaa074ac
0,d895d02a-9afe-4dfd-9881-ec8ce1695438,open,d895d02a-9afe-4dfd-9881-ec8ce1695438
0,9c0e25cb-e601-447e-a43e-5529813a36b8,open,9c0e25cb-e601-447e-a43e-5529813a36b8
0,e319f6dd-6579-49a0-91ee-525b3ba00a2e,open,e319f6dd-6579-49a0-91ee-525b3ba00a2e
0,a18dbfce-4070-4bab-9468-dbbd0a4ee21d,open,a18dbfce-4070-4bab-9468-dbbd0a4ee21d
0,30a74211-c5da-4165-be32-3a9220723492,open,30a74211-c5da-4165-be32-3a9220723492
0,0e8c42dd-e3ac-41b4-b598-a62c52dd28d3,open,0e8c42dd-e3ac-41b4-b598-a62c52dd28d3
0,88d7cd95-6df0-4cb7-922e-de4e191a4187,open,88d7cd95-6df0-4cb7-922e-de4e191a4187
0,6edc90c4-cb2d-4223-980b-1964bc719451,open,6edc90c4-cb2d-4223-980b-1964bc719451
0,90b8ab8f-0f18-4775-aaaf-b55fa0c0d85b,open,90b8ab8f-0f18-4775-aaaf-b55fa0c0d85b
0,c7222423-3c32-47ee-b225-a3a725f02ed8,open,c7222423-3c32-47ee-b225-a3a725f02ed8
0,ed6f5b4c-307b-4e83-b5e6-797b2ae16784,open,ed6f5b4c-307b-4e83-b5e6-797b2ae16784
0,da741b02-9a02-46a6-a627-4a74ae8c9a59,open,da741b02-9a02-46a6-a627-4a74ae8c9a59
0,0bed5b98-4ee8-443d-b5f7-61e103ea29ec,open,0bed5b98-4ee8-443d-b5f7-61e103ea29ec
0,9db23f57-38c2-4b40-98cf-832003224f3c,open,9db23f57-38c2-4b40-98cf-832003224f3c
0,50a7515b-9a77-4764-9d19-6667fa32c4b3,open,50a7515b-9a77-4764-9d19-6667fa32c4b3
0,f78daba8-c727-4119-baad-40e6c176c83c,open,f78daba8-c727-4119-baad-40e6c176c83c
0,43b43179-87b2-4017-bf77-218da21e498c,open,43b43179-87b2-4017-bf77-218da21e498c
0,0432ffb9-382b-4cd6-aeaf-2d280038e497,open,0432ffb9-382b-4cd6-aeaf-2d280038e497
0,d28bbb9d-331e-4041-b166-25f86f291677,open,d28bbb9d-331e-4041-b166-25f86f291677
0,fbcbcb50-2aa8-4099-9871-1e49f576ce3a,open,fbcbcb50-2aa8-4099-9871-1e49f576ce3a
0,8a6882fa-90d8-41ac-ae6d-3bb10ea17aaa,open,8a6882fa-90d8-41ac-ae6d-3bb10ea17aaa
0,008ef869-9de7-42f4-9909-072a8e505cce,open,008ef869-9de7-42f4-9909-072a8e505cce
0,c42ed87e-f014-4114-a84a-912461bf79f7,open,c42ed87e-f014-4114-a84a-912461bf79f7
0,0fefa9d5-6d2e-48d3-a468-97bb8e17452d,open,0fefa9d5-6d2e-48d3-a468-97bb8e17452d
0,e35919bd-48fa-469c-9d4c-374b33b2d9e0,open,e35919bd-48fa-469c-9d4c-374b33b2d9e0
0,f10b2de5-29c8-431e-9660-dc40ab5d70a3,open,f10b2de5-29c8-431e-9660-dc40ab5d70a3
0,fc4e6bdc-c0d8-4472-b59e-464e5d0bb9cf,open,fc4e6bdc-c0d8-4472-b59e-464e5d0bb9cf
0,7c348848-fa01-4c1c-883b-46f8943a1007,open,7c348848-fa01-4c1c-883b-46f8943a1007
0,27f9e91a-0b0d-411f-83d7-54e4771f284e,open,27f9e91a-0b0d-411f-83d7-54e4771f284e
0,0c9f0d7a-fc42-4b71-b684-31339e2aeeed,open,0c9f0d7a-fc42-4b71-b684-31339e2aeeed
0,95767688-1b65-432b-a854-c0fa470fe436,open,95767688-1b65-432b-a854-c0fa470fe436
0,740be0d3-572e-40ae-9a18-48b6bd8c8cce,open,740be0d3-572e-40ae-9a18-48b6bd8c8cce
0,cf1bc221-0793-45ac-87a4-f30b1359751f,open,cf1bc221-0793-45ac-87a4-f30b1359751f
0,b433317c-e3c7-4313-b154-dcba24586f96,open,b433317c-e3c7-4313-b154-dcba24586f96
0,64f9ac82-be87-4bed-8ad8-d6b39343d83d,open,64f9ac82-be87-4bed-8ad8-d6b39343d83d
0,66c5fda2-ef4c-4a89-88a1-43403ed9cc7c,open,66c5fda2-ef4c-4a89-88a1-43403ed9cc7c
0,b17e24bc-425a-4851-82fd-d344ad582f9c,open,b17e24bc-425a-4851-82fd-d344ad582f9c
0,b7cab14b-24a2-4ccc-b47e-4056269ad630,open,b7cab14b-24a2-4ccc-b47e-4056269ad630
0,7460ec45-f2cd-479f-bc16-5df415ccfaf9,open,7460ec45-f2cd-479f-bc16-5df415ccfaf9
0,2aa0d618-0ad3-45f3-8914-8cb3e0ac5060,open,2aa0d618-0ad3-45f3-8914-8cb3e0ac5060
0,dc5ce9ec-d84f-4644-b1e5-a1244bc8ae80,open,dc5ce9ec-d84f-4644-b1e5-a1244bc8ae80
0,3747637e-3ef3-454c-a89a-0874b4413753,open,3747637e-3ef3-454c-a89a-0874b4413753
0,b3131812-170e-47ea-93c2-d583f56694a1,open,b3131812-170e-47ea-93c2-d583f56694a1
0,db72e4a5-1fc1-4fb2-a2c6-dcfc8b93ccef,open,db72e4a5-1fc1-4fb2-a2c6-dcfc8b93ccef
0,eb3852ec-2b19-4a8f-a50a-28008e8ea610,open,eb3852ec-2b19-4a8f-a50a-28008e8ea610
0,517ab5d7-9cc7-4fcc-b328-1ed00d75776c,open,517ab5d7-9cc7-4fcc-b328-1ed00d75776c
0,21141941-fcad-4455-992a-1e1ff446dcd1,open,21141941-fcad-4455-992a-1e1ff446dcd1
0,eda61afc-d12e-4093-81e4-5555cbdbacd7,open,eda61afc-d12e-4093-81e4-5555cbdbacd7
0,780e6ca6-e549-4c0d-b5a7-c73eced0b8ac,open,780e6ca6-e549-4c0d-b5a7-c73eced0b8ac
0,f55cdef1-31e4-4061-9767-ff6913828ae2,open,f55cdef1-31e4-4061-9767-ff6913828ae2
0,71eafb07-d88d-47d3-853b-f0b61af04bef,open,71eafb07-d88d-47d3-853b-f0b61af04bef
0,063aedd7-3c22-40f8-b24f-2fec5aca5dd5,open,063aedd7-3c22-40f8-b24f-2fec5aca5dd5
0,69ad1fde-94f9-4da5-a39e-313231bfaabf,open,69ad1fde-94f9-4da5-a39e-313231bfaabf
0,113aa6a0-682c-484c-bcb1-f3d1269a11e5,open,113aa6a0-682c-484c-bcb1-f3d1269a11e5
0,c5ae5508-5dbc-44dc-8fda-5dd1033c4666,open,c5ae5508-5dbc-44dc-8fda-5dd1033c4666
0,2667ce1d-d569-4b25-9726-bcc1a15f21ea,open,2667ce1d-d569-4b25-9726-bcc1a15f21ea
0,582e8473-6eac-4170-b27e-c6858f47667d,open,582e8473-6eac-4170-b27e-c6858f47667d
0,90f3cab1-be16-49dd-824c-bf71dcd2e384,open,90f3cab1-be16-49dd-824c-bf71dcd2e384
0,57db401e-c970-43b9-a725-f4c453c78d64,open,57db401e-c970-43b9-a725-f4c453c78d64
0,424eb3d8-b5be-4d2d-962e-603accf8f00f,open,424eb3d8-b5be-4d2d-962e-603accf8f00f
0,396fe1f7-7107-4c8e-b831-be93f569b102,open,396fe1f7-7107-4c8e-b831-be93f569b102
0,19f5f4a4-a4e8-48de-b96b-172716ec8314,open,19f5f4a4-a4e8-48de-b96b-172716ec8314
0,d5056d7f-a6f0-4203-9698-7b0af70f7222,open,d5056d7f-a6f0-4203-9698-7b0af70f7222
0,bcba6fcf-8204-40fe-86dd-9e7bb926fc90,open,bcba6fcf-8204-40fe-86dd-9e7bb926fc90
0,ee75072f-6a97-4d1d-bcd6-f6406fc69009,open,ee75072f-6a97-4d1d-bcd6-f6406fc69009
0,5bd933c0-b405-4ff8-b500-d073047b5791,open,5bd933c0-b405-4ff8-b500-d073047b5791
0,ecb0442e-5fdf-4504-ba35-56f248aac08a,open,ecb0442e-5fdf-4504-ba35-56f248aac08a
0,e12e23c9-9756-4c42-8aac-32b3475e46cc,open,e12e23c9-9756-4c42-8aac-32b3475e46cc
0,b1d5b7db-d3f6-4e20-b760-69811f346929,open,b1d5b7db-d3f6-4e20-b760-69811f346929
0,820821f4-58b8-47fe-b9e1-dde88b825643,open,820821f4-58b8-47fe-b9e1-dde88b825643
0,25790325-ccbd-4612-a04e-ce5b5f9aca2f,open,25790325-ccbd-4612-a04e-ce5b5f9aca2f
0,2e6ffd5d-f595-47df-acd0-a73435783bb1,open,2e6ffd5d-f595-47df-acd0-a73435783bb1
0,9d6d0d86-f9da-48dd-9f8a-ca998e98356c,open,9d6d0d86-f9da-48dd-9f8a-ca998e98356c
0,14f30dc2-6b77-431a-8db9-443da7b4ca81,open,14f30dc2-6b77-431a-8db9-443da7b4ca81
0,64746a7b-d050-428f-8bfe-0a3b9d758010,open,64746a7b-d050-428f-8bfe-0a3b9d758010
0,d9d19d07-0fcb-401f-ae74-ec3deddd52ad,open,d9d19d07-0fcb-401f-ae74-ec3deddd52ad
0,74393ee8-f5d8-442d-a7fa-b1ef84161d83,open,74393ee8-f5d8-442d-a7fa-b1ef84161d83
0,382ff220-7be3-450b-8517-68a359717240,open,382ff220-7be3-450b-8517-68a359717240
0,83583fc4-a3b3-4c77-a143-bb4a6f224be8,open,83583fc4-a3b3-4c77-a143-bb4a6f224be8
0,7e136d1d-3fcf-4858-ab2c-ce8471994f19,open,7e136d1d-3fcf-4858-ab2c-ce8471994f19
0,7e8d5789-9205-4d01-b5f1-a4a7a12c73f4,open,7e8d5789-9205-4d01-b5f1-a4a7a12c73f4
0,23baad4d-e008-4af6-b099-afc75b01a492,open,23baad4d-e008-4af6-b099-afc75b01a492
0,f224da16-3b6b-40ee-a69b-015dc74b9cca,open,f224da16-3b6b-40ee-a69b-015dc74b9cca
0,bd344406-f57f-4603-84a8-c92f82f2f6e8,open,bd344406-f57f-4603-84a8-c92f82f2f6e8
0,29f0d0c4-51d6-41f7-956b-de2ea828fb49,open,29f0d0c4-51d6-41f7-956b-de2ea828fb49
0,359bca64-4b26-47d1-b490-6b602f4c5bdf,open,359bca64-4b26-47d1-b490-6b602f4c5bdf
0,2c4a79d6-360c-4391-ae16-552d1b9ea9fc,open,2c4a79d6-360c-4391-ae16-552d1b9ea9fc
0,4051106f-358f-4b4a-9a92-d6e4c60de709,open,4051106f-358f-4b4a-9a92-d6e4c60de709
0,2328a9cf-9056-4007-a472-0c43c03d50d5,open,2328a9cf-9056-4007-a472-0c43c03d50d5
0,2bcfd3e8-3a57-4fd8-a870-cf7353102da8,open,2bcfd3e8-3a57-4fd8-a870-cf7353102da8
0,70d436bb-2533-48e3-a8a3-3592b17ea502,open,70d436bb-2533-48e3-a8a3-3592b17ea502
0,4aa45859-50a0-4a0f-ab42-01abcf042ba8,open,4aa45859-50a0-4a0f-ab42-01abcf042ba8
0,251888f1-f690-426b-9f7d-20e471280b0d,open,251888f1-f690-426b-9f7d-20e471280b0d
0,64825c6e-8074-4adf-8f54-462875593f95,open,64825c6e-8074-4adf-8f54-462875593f95
0,27f4a00f-b421-422e-b635-f0aded9904b6,open,27f4a00f-b421-422e-b635-f0aded9904b6
0,2de028fb-2c41-4b76-9900-72d957b94435,open,2de028fb-2c41-4b76-9900-72d957b94435
0,3123dc34-624a-4bb4-a3a2-815bcb3f8058,open,3123dc34-624a-4bb4-a3a2-815bcb3f8058
0,eb5fd6af-e0fd-425b-905c-97973bc5dc02,open,eb5fd6af-e0fd-425b-905c-97973bc5dc02
0,a8f5ec83-b4ec-4221-a97d-5ea72bce292b,open,a8f5ec83-b4ec-4221-a97d-5ea72bce292b
0,d05ea1dd-320d-4980-8bd5-5cc1d3c7f148,open,d05ea1dd-320d-4980-8bd5-5cc1d3c7f148
0,33c11851-be02-4a71-8905-72a3c1c5e24a,open,33c11851-be02-4a71-8905-72a3c1c5e24a
0,2b2d7ffd-4359-4bdd-971e-8705f680ed0b,open,2b2d7ffd-4359-4bdd-971e-8705f680ed0b
0,361eacd8-8ea3-49a2-8dc8-8077273689ca,open,361eacd8-8ea3-49a2-8dc8-8077273689ca
0,8acb8280-b8e9-42ba-8dba-03d3a08bb95b,open,8acb8280-b8e9-42ba-8dba-03d3a08bb95b
0,b2a4b0b7-384f-42ea-98ae-52aa9989c0df,open,b2a4b0b7-384f-42ea-98ae-52aa9989c0df
0,4717fae8-7782-4750-9106-c7bda927ad32,open,4717fae8-7782-4750-9106-c7bda927ad32
0,8d414512-93fd-4e06-8f69-6b52d71f96d3,open,8d414512-93fd-4e06-8f69-6b52d71f96d3
0,cd711d7f-456d-41a0-af98-7f9f3fc9f693,open,cd711d7f-456d-41a0-af98-7f9f3fc9f693
0,b53e8f9e-93aa-4682-8396-d3f192e28868,open,b53e8f9e-93aa-4682-8396-d3f192e28868
0,85f40e06-5eb6-4487-8115-b13827276362,open,85f40e06-5eb6-4487-8115-b13827276362
0,e912cfaf-890b-4d60-897c-62b59fc962ed,open,e912cfaf-890b-4d60-897c-62b59fc962ed
0,48c3a9a8-85b6-4492-a458-3bc000b90caa,open,48c3a9a8-85b6-4492-a458-3bc000b90caa
0,7d1d3a11-486e-414e-a5da-1bb966ed9d48,open,7d1d3a11-486e-414e-a5da-1bb966ed9d48
0,37d2e34e-5545-495c-83de-cd221bb9436c,open,37d2e34e-5545-495c-83de-cd221bb9436c
0,6c896ee8-dbd6-4a2d-b686-dbecb0e020e1,open,6c896ee8-dbd6-4a2d-b686-dbecb0e020e1
0,31e1b012-5661-48a6-a2ab-4d5cbfa7e3c9,open,31e1b012-5661-48a6-a2ab-4d5cbfa7e3c9
0,968042c4-f7e7-48ca-8fa0-2d976a0cc310,open,968042c4-f7e7-48ca-8fa0-2d976a0cc310
0,4ce2c974-5a15-497e-9efa-d4b91d73cbbd,open,4ce2c974-5a15-497e-9efa-d4b91d73cbbd
0,b759c1b7-4e1b-401a-995b-2ad652b8dd8f,open,b759c1b7-4e1b-401a-995b-2ad652b8dd8f
0,3b964472-b620-438e-92c6-1a98b5c137fb,open,3b964472-b620-438e-92c6-1a98b5c137fb
0,a84381e7-f97e-4b55-b013-c88a49a40574,open,a84381e7-f97e-4b55-b013-c88a49a40574
0,3b4e6c4d-d27b-43c2-87b8-5654179746bf,open,3b4e6c4d-d27b-43c2-87b8-5654179746bf
0,a7f8e1d2-7922-4de0-b7d1-5d97d98eabfa,open,a7f8e1d2-7922-4de0-b7d1-5d97d98eabfa
0,e6550b8c-2f21-4d47-96dd-0ebeef01ee49,open,e6550b8c-2f21-4d47-96dd-0ebeef01ee49
0,5e43e507-60bc-44c7-b5d9-6f71687c7326,open,5e43e507-60bc-44c7-b5d9-6f71687c7326
0,c23406a7-591e-4a79-9dd9-a870b07aec9f,open,c23406a7-591e-4a79-9dd9-a870b07aec9f
0,d0606133-3e5b-458b-a044-0383cbc70cfd,open,d0606133-3e5b-458b-a044-0383cbc70cfd
0,f16a115d-00d6-401b-8d62-1ec689a740b9,open,f16a115d-00d6-401b-8d62-1ec689a740b9
0,2e88c94d-5c0d-4d44-b61f-54e3f214bca4,open,2e88c94d-5c0d-4d44-b61f-54e3f214bca4
0,0f71e6f4-fd82-43eb-88b2-e59a0d48f621,open,0f71e6f4-fd82-43eb-88b2-e59a0d48f621
0,8a767f95-2109-43bb-80b0-b17ff79f6a1c,open,8a767f95-2109-43bb-80b0-b17ff79f6a1c
0,d95f5816-691f-4506-ba1c-f0f6528f656b,open,d95f5816-691f-4506-ba1c-f0f6528f656b
0,a252f92d-c9ab-4e7b-afa8-8fac93d96097,open,a252f92d-c9ab-4e7b-afa8-8fac93d96097
0,748fb42b-bbfc-4317-a2b6-0f6ac4a423c5,open,748fb42b-bbfc-4317-a2b6-0f6ac4a423c5
0,5321c605-73f7-460b-9ecd-da37ddebd204,open,5321c605-73f7-460b-9ecd-da37ddebd204
0,212f979b-04ff-46ca-b326-6217e06b761d,open,212f979b-04ff-46ca-b326-6217e06b761d
0,c02e87d5-184f-47de-be55-c69ccc3c6130,open,c02e87d5-184f-47de-be55-c69ccc3c6130
0,b03c0750-027a-4527-af7a-d2e461493423,open,b03c0750-027a-4527-af7a-d2e461493423
0,bc4acdf1-7214-4555-a8dc-e18c1985c450,open,bc4acdf1-7214-4555-a8dc-e18c1985c450
0,73ec43cf-9562-451a-abae-7276a5d99961,open,73ec43cf-9562-451a-abae-7276a5d99961
0,20392c19-b2cc-4668-afca-66e13bda56d1,open,20392c19-b2cc-4668-afca-66e13bda56d1
0,a0856ccd-36ca-4b84-b023-d9893f4dd043,open,a0856ccd-36ca-4b84-b023-d9893f4dd043
0,3ff12184-6fc7-4dd0-a1f1-6622e3ec0aa5,open,3ff12184-6fc7-4dd0-a1f1-6622e3ec0aa5
0,53e56e7e-f3e2-4c83-a307-efaf52406ee8,open,53e56e7e-f3e2-4c83-a307-efaf52406ee8
0,f76e6128-71cf-474a-aefc-68e815a39e92,open,f76e6128-71cf-474a-aefc-68e815a39e92
0,434df960-a068-47d2-8917-67907f63fb2b,open,434df960-a068-47d2-8917-67907f63fb2b
0,10360021-a197-46aa-9c8e-feb3f542164d,open,10360021-a197-46aa-9c8e-feb3f542164d
0,2ab63c33-783a-415a-8d0f-14cbe1890188,open,2ab63c33-783a-415a-8d0f-14cbe1890188
0,7d628236-1055-4c01-af83-bd14d839cb90,open,7d628236-1055-4c01-af83-bd14d839cb90
0,bc61d0d8-7114-4e3a-bc87-0c499c1b095c,open,bc61d0d8-7114-4e3a-bc87-0c499c1b095c
0,896dfb15-a6b7-4856-8a31-c6b97202de8b,open,896dfb15-a6b7-4856-8a31-c6b97202de8b
0,a4dbd8fe-015a-47d7-b768-014a3b7f02e5,open,a4dbd8fe-015a-47d7-b768-014a3b7f02e5
0,ea4487be-1320-4c57-b29f-d21d6d89fa34,open,ea4487be-1320-4c57-b29f-d21d6d89fa34
0,10c58ffc-9994-49d0-92e4-b339dd97e478,open,10c58ffc-9994-49d0-92e4-b339dd97e478
0,6d3b908f-9aec-44d3-9fb4-a44943a1ab83,open,6d3b908f-9aec-44d3-9fb4-a44943a1ab83
0,efdf8408-222a-494e-829e-b838b6680968,open,efdf8408-222a-494e-829e-b838b6680968
0,cb47aab8-3f47-4010-9b3c-7fcfb9161243,open,cb47aab8-3f47-4010-9b3c-7fcfb9161243
0,b9614f75-b9e0-45dd-9fe1-31e51f7b0ad9,open,b9614f75-b9e0-45dd-9fe1-31e51f7b0ad9
0,a0a5323c-a4f5-416a-9728-ba9caac34f18,open,a0a5323c-a4f5-416a-9728-ba9caac34f18
0,1b8ab236-7fa1-4d83-8b0e-63156bb92c20,open,1b8ab236-7fa1-4d83-8b0e-63156bb92c20
0,bb5fe9cd-be9a-4247-b5e2-1149c1d2f828,open,bb5fe9cd-be9a-4247-b5e2-1149c1d2f828
0,ec3545e6-f677-47e9-bfaf-6835416d2f46,open,ec3545e6-f677-47e9-bfaf-6835416d2f46
0,1d5c509c-5325-4d00-9235-f4291296ff8b,open,1d5c509c-5325-4d00-9235-f4291296ff8b
0,794759b0-8023-4383-b1fd-f713b1edda5d,open,794759b0-8023-4383-b1fd-f713b1edda5d
0,631f1fcb-d42f-4979-9669-b1089367ffa0,open,631f1fcb-d42f-4979-9669-b1089367ffa0
0,4ae1e44d-4438-4143-be61-534d0c7dcc73,open,4ae1e44d-4438-4143-be61-534d0c7dcc73
0,86a701fe-cc2e-4fb2-be25-d102c6a1ab91,open,86a701fe-cc2e-4fb2-be25-d102c6a1ab91
0,6573ed91-4b4c-4de8-b831-21194f11c538,open,6573ed91-4b4c-4de8-b831-21194f11c538
0,83c4f129-3791-4a51-a28f-ff804e67097d,open,83c4f129-3791-4a51-a28f-ff804e67097d
0,81cae4d7-4035-47c7-aff7-29d672f710c5,open,81cae4d7-4035-47c7-aff7-29d672f710c5
0,f25c852b-562b-4742-8c87-e11746ec4519,open,f25c852b-562b-4742-8c87-e11746ec4519
0,beac0f87-a216-47c7-98b5-09eb553cce04,open,beac0f87-a216-47c7-98b5-09eb553cce04
0,60182c4c-27de-42a6-ad57-3bee33ef9c9a,open,60182c4c-27de-42a6-ad57-3bee33ef9c9a
0,d4484f8d-2891-4a5a-85f3-0b59ada859a6,open,d4484f8d-2891-4a5a-85f3-0b59ada859a6
0,b3e7ae3f-ec23-45e7-9ef1-98a0d4d8da69,open,b3e7ae3f-ec23-45e7-9ef1-98a0d4d8da69
0,3454b9c8-42a7-4c91-bf22-c71d59b3f33f,open,3454b9c8-42a7-4c91-bf22-c71d59b3f33f
0,2a1582da-5726-4696-b248-eab3cc900b42,open,2a1582da-5726-4696-b248-eab3cc900b42
0,910074f2-ce45-4dec-a9e0-4d7763ad463b,open,910074f2-ce45-4dec-a9e0-4d7763ad463b
0,1f8e8c0c-9652-4db6-9d58-d538887d5d2d,open,1f8e8c0c-9652-4db6-9d58-d538887d5d2d
0,da8bab60-e3a1-4834-b113-d568ebf96053,open,da8bab60-e3a1-4834-b113-d568ebf96053
0,c31124a8-fdf6-4e22-9144-5ff6c75c80f1,open,c31124a8-fdf6-4e22-9144-5ff6c75c80f1
0,2aeaa160-47dc-4d86-8ef3-e550b98ad494,open,2aeaa160-47dc-4d86-8ef3-e550b98ad494
0,fe0e95dd-cfee-4681-a615-b3cd5ba2032e,open,fe0e95dd-cfee-4681-a615-b3cd5ba2032e
0,88aa4a93-3b35-4793-9aa5-4f40995bff16,open,88aa4a93-3b35-4793-9aa5-4f40995bff16
0,a473f47f-d4bf-48dc-85c4-6ffdf7234c29,open,a473f47f-d4bf-48dc-85c4-6ffdf7234c29
0,1a8b12b3-3278-432f-85e2-2a0706260f5b,open,1a8b12b3-3278-432f-85e2-2a0706260f5b
0,d4058ac4-7f21-4302-b2d5-bce8731e4c0c,open,d4058ac4-7f21-4302-b2d5-bce8731e4c0c
0,9e152e99-d881-4d44-8c4e-5242c7bfae82,open,9e152e99-d881-4d44-8c4e-5242c7bfae82
0,960284b8-6fc6-40d8-bcdb-60c095ff655e,open,960284b8-6fc6-40d8-bcdb-60c095ff655e
0,da05713f-d27c-4781-ac3f-945126afffdf,open,da05713f-d27c-4781-ac3f-945126afffdf
0,d71798c8-1875-4339-8ecb-685aa9d1afc6,open,d71798c8-1875-4339-8ecb-685aa9d1afc6
0,2837f751-c582-4c4f-b505-276763fc21ec,open,2837f751-c582-4c4f-b505-276763fc21ec
0,12c6cbfd-e585-435e-8de1-d9ab3cf3bb03,open,12c6cbfd-e585-435e-8de1-d9ab3cf3bb03
0,469d4d73-b37f-459c-866d-3c9c66e6e0be,open,469d4d73-b37f-459c-866d-3c9c66e6e0be
0,610426de-3581-43ea-a5a8-421b2b5f5ae0,open,610426de-3581-43ea-a5a8-421b2b5f5ae0
0,210eaaa0-a77d-4f74-a350-3fe1d4e4673f,open,210eaaa0-a77d-4f74-a350-3fe1d4e4673f
0,ea58a1be-157e-42fa-8c4b-d01da2b530a5,open,ea58a1be-157e-42fa-8c4b-d01da2b530a5
0,5c47459f-3fa6-4acf-8735-ed3d1bb5d4fd,open,5c47459f-3fa6-4acf-8735-ed3d1bb5d4fd
0,6a936606-557f-4f52-b778-5394aa305c3e,open,6a936606-557f-4f52-b778-5394aa305c3e
0,76949bc9-e6ca-4174-a78b-e3b52d827d74,open,76949bc9-e6ca-4174-a78b-e3b52d827d74
0,1ca40614-da70-4606-9fca-4aa0d54f9f70,open,1ca40614-da70-4606-9fca-4aa0d54f9f70
0,8c5bf146-1743-4c73-87a5-356aba1b05fe,open,8c5bf146-1743-4c73-87a5-356aba1b05fe
0,40e0c3d2-eba8-4f3e-8287-70c5a1abd14c,open,40e0c3d2-eba8-4f3e-8287-70c5a1abd14c
0,7c19ae5e-4fd8-4e05-ac06-26ab56972816,open,7c19ae5e-4fd8-4e05-ac06-26ab56972816
0,5bec2b19-8027-46c0-afa6-f03adf8b1a2f,open,5bec2b19-8027-46c0-afa6-f03adf8b1a2f
0,cd00437f-18b7-4d96-bd1f-7357c688bac0,open,cd00437f-18b7-4d96-bd1f-7357c688bac0
0,bc1ecf25-51b1-48d8-89fd-c2e0d8e073e0,open,bc1ecf25-51b1-48d8-89fd-c2e0d8e073e0
0,7d088374-a4dc-427f-a258-34968cb8fa1e,open,7d088374-a4dc-427f-a258-34968cb8fa1e
0,4c456dda-b00c-48e1-bd38-0a4328347f0e,open,4c456dda-b00c-48e1-bd38-0a4328347f0e
0,72b292dd-cd2a-48b4-9852-e089e530575d,open,72b292dd-cd2a-48b4-9852-e089e530575d
0,fa1169e3-86aa-475f-9ba1-7aebea7daafb,open,fa1169e3-86aa-475f-9ba1-7aebea7daafb
0,8a1247f0-7b39-4027-a5ed-869887c6ce26,open,8a1247f0-7b39-4027-a5ed-869887c6ce26
0,6b156399-3c41-4448-9437-625d80a53910,open,6b156399-3c41-4448-9437-625d80a53910
0,3fddaf76-88c6-43f0-9ef4-ebfe772681ab,open,3fddaf76-88c6-43f0-9ef4-ebfe772681ab
0,8de3ea8d-e3b5-4167-960a-a2fa088a0828,open,8de3ea8d-e3b5-4167-960a-a2fa088a0828
0,d0fa136d-d805-4c87-9c97-016a96712095,open,d0fa136d-d805-4c87-9c97-016a96712095
0,ceb13502-704d-46a2-b974-a89d896f530c,open,ceb13502-704d-46a2-b974-a89d896f530c
0,6a632833-9e30-4846-a3b3-55f7e59c1370,open,6a632833-9e30-4846-a3b3-55f7e59c1370
0,c9dc79e0-b315-4cb5-a416-988ca44b6e75,open,c9dc79e0-b315-4cb5-a416-988ca44b6e75
0,a652447c-7756-4f83-ba26-db375e9a6f93,open,a652447c-7756-4f83-ba26-db375e9a6f93
0,de64b102-fcfa-4193-95b4-28fbf749d38a,open,de64b102-fcfa-4193-95b4-28fbf749d38a
0,a91ba515-6aa0-4f13-97ac-602ba5874dbf,open,a91ba515-6aa0-4f13-97ac-602ba5874dbf
0,ba15f438-aecb-4389-8fd4-6808e292f292,open,ba15f438-aecb-4389-8fd4-6808e292f292
0,6effed55-987d-4fea-bfde-088fda69aaed,open,6effed55-987d-4fea-bfde-088fda69aaed
0,40fcfc8a-ed3a-4a11-83b1-db37146cea5c,open,40fcfc8a-ed3a-4a11-83b1-db37146cea5c
0,717b01aa-aa68-4c7c-8fe6-817bb1d34c2e,open,717b01aa-aa68-4c7c-8fe6-817bb1d34c2e
0,a2a4f375-cbe8-444a-8696-9c3de6677132,open,a2a4f375-cbe8-444a-8696-9c3de6677132
0,2adaf3d9-d3f8-4c83-aad3-acea7b8e5586,open,2adaf3d9-d3f8-4c83-aad3-acea7b8e5586
0,3f1b9d76-cfce-446c-89f9-c4a4f4063586,open,3f1b9d76-cfce-446c-89f9-c4a4f4063586
0,d9b9bfe0-def4-4344-bdb2-dd7b7c54cac0,open,d9b9bfe0-def4-4344-bdb2-dd7b7c54cac0
0,d4f312c4-9701-41bd-a2ed-34f6108af266,open,d4f312c4-9701-41bd-a2ed-34f6108af266
0,914459bf-c407-48f3-8fdf-e927ae9cd694,open,914459bf-c407-48f3-8fdf-e927ae9cd694
0,0a8949d9-3f5f-4c43-a09e-b58a324e567d,open,0a8949d9-3f5f-4c43-a09e-b58a324e567d
0,5dff0be5-cf2f-409b-8f6e-435dbd4c5213,open,5dff0be5-cf2f-409b-8f6e-435dbd4c5213
0,e7ad8320-7961-44bf-ad3c-e2dbad5258b2,open,e7ad8320-7961-44bf-ad3c-e2dbad5258b2
0,af3ad8f8-41b8-42a5-b17d-2d9c22727bd9,open,af3ad8f8-41b8-42a5-b17d-2d9c22727bd9
0,738f7909-87e8-4c40-b4fd-97875359f7ed,open,738f7909-87e8-4c40-b4fd-97875359f7ed
0,97630708-1965-4ba7-9bbb-e8d66a9d0d90,open,97630708-1965-4ba7-9bbb-e8d66a9d0d90
0,0c77f0bb-d4cb-48ee-99fa-484b33b557a5,open,0c77f0bb-d4cb-48ee-99fa-484b33b557a5
0,f8362aa0-3b85-4eeb-8498-79d4f99bc4ab,open,f8362aa0-3b85-4eeb-8498-79d4f99bc4ab
0,c354144f-0e0b-46a2-a669-73040536d6f4,open,c354144f-0e0b-46a2-a669-73040536d6f4
0,4c3365e4-c651-4ad1-aa7d-9b8fb3c35881,open,4c3365e4-c651-4ad1-aa7d-9b8fb3c35881
0,2b5ff03a-9888-4f00-adb1-6e632fa3198b,open,2b5ff03a-9888-4f00-adb1-6e632fa3198b
0,853df7d2-4bdb-490b-9f6f-1f0802b2109c,open,853df7d2-4bdb-490b-9f6f-1f0802b2109c
0,4c48fddd-dae9-4d1a-a3e8-1446da7e6299,open,4c48fddd-dae9-4d1a-a3e8-1446da7e6299
0,ae85e546-0b16-407d-b284-6a07222ec8a9,open,ae85e546-0b16-407d-b284-6a07222ec8a9
0,6747588d-8499-40f0-a119-1ac63fafbca4,open,6747588d-8499-40f0-a119-1ac63fafbca4
0,8299c440-d0c2-4b9a-b43f-ded479b5867a,open,8299c440-d0c2-4b9a-b43f-ded479b5867a
0,d61bd216-47ea-4eb5-979c-9fa114aa1a0b,open,d61bd216-47ea-4eb5-979c-9fa114aa1a0b
0,7edca556-7199-4ffa-83d1-06fb38ec4d9b,open,7edca556-7199-4ffa-83d1-06fb38ec4d9b
0,e039033c-6c92-44fa-a147-d8a4640851f6,open,e039033c-6c92-44fa-a147-d8a4640851f6
0,0c079834-d7db-4cd6-897d-3bca2f8e7ad5,open,0c079834-d7db-4cd6-897d-3bca2f8e7ad5
0,1d312905-1dfb-4287-a423-20ee9bd44b2b,open,1d312905-1dfb-4287-a423-20ee9bd44b2b
0,db443b43-cce9-4739-a725-984aa6748c08,open,db443b43-cce9-4739-a725-984aa6748c08
0,6e53004a-05e7-446d-815d-3e05a7c8933a,open,6e53004a-05e7-446d-815d-3e05a7c8933a
0,79fe4d72-ac65-4a29-ab54-0137fef3b958,open,79fe4d72-ac65-4a29-ab54-0137fef3b958
0,fc185229-3f8c-4053-8be2-3fd896c49e57,open,fc185229-3f8c-4053-8be2-3fd896c49e57
0,d9986fe0-f10b-447f-bd01-3b4c7d4cfc2f,open,d9986fe0-f10b-447f-bd01-3b4c7d4cfc2f
0,e2aa04a2-cf59-4d97-8ca2-0f7473498adc,open,e2aa04a2-cf59-4d97-8ca2-0f7473498adc
0,947d7596-a4c8-49d9-a2f3-23d95f9f5eee,open,947d7596-a4c8-49d9-a2f3-23d95f9f5eee
0,49e34eb2-46f8-4d13-8d92-e6e555f4e080,open,49e34eb2-46f8-4d13-8d92-e6e555f4e080
0,5fd42aab-4c3d-4379-aade-c6ffdda38902,open,5fd42aab-4c3d-4379-aade-c6ffdda38902
0,b87fb4ae-170b-483e-8236-caf69d91a102,open,b87fb4ae-170b-483e-8236-caf69d91a102
0,b13b14f6-5251-486b-b631-bc3b2990ce92,open,b13b14f6-5251-486b-b631-bc3b2990ce92
0,a9c692d3-80da-4f72-94ca-1af959cc4f0b,open,a9c692d3-80da-4f72-94ca-1af959cc4f0b
0,ab25eee7-4fee-406f-b53a-5108db3a6f89,open,ab25eee7-4fee-406f-b53a-5108db3a6f89
0,ad349f8c-1a77-4607-a16d-36c743401ab9,open,ad349f8c-1a77-4607-a16d-36c743401ab9
0,8446ed43-5232-46aa-935f-8f0b8d19d343,open,8446ed43-5232-46aa-935f-8f0b8d19d343
0,2395e974-f11a-47f6-a6c5-1bf4e800e711,open,2395e974-f11a-47f6-a6c5-1bf4e800e711
0,17dde9c5-6cf1-485d-9fb0-63df1a10b7d4,open,17dde9c5-6cf1-485d-9fb0-63df1a10b7d4
0,8a8e7cfd-98fe-4f7b-8118-b6b947fd1ee4,open,8a8e7cfd-98fe-4f7b-8118-b6b947fd1ee4
0,0789b420-9771-45e8-b3e8-fe78ba9aceb6,open,0789b420-9771-45e8-b3e8-fe78ba9aceb6
0,18edf6e4-8f92-4726-9563-056229e87cdc,open,18edf6e4-8f92-4726-9563-056229e87cdc
0,f7a61016-cca5-4ed8-84e1-7dce1466675d,open,f7a61016-cca5-4ed8-84e1-7dce1466675d
0,5a21c645-5e05-4cd0-88a6-62ba17080949,open,5a21c645-5e05-4cd0-88a6-62ba17080949
0,3310961d-3ab8-478e-a171-23e3657188b3,open,3310961d-3ab8-478e-a171-23e3657188b3
0,c9671697-35f6-47ae-8838-cf8eb5afcc8f,open,c9671697-35f6-47ae-8838-cf8eb5afcc8f
0,144d41c4-b29f-4f8a-a49a-b9a1f13a2f52,open,144d41c4-b29f-4f8a-a49a-b9a1f13a2f52
0,caf8fb81-65e9-4f05-967b-62ee0c1262c3,open,caf8fb81-65e9-4f05-967b-62ee0c1262c3
0,a5e493da-a214-4192-ba4c-7044cf4188e0,open,a5e493da-a214-4192-ba4c-7044cf4188e0
0,e233f0c8-fdf8-463e-868d-c06dea026c72,open,e233f0c8-fdf8-463e-868d-c06dea026c72
0,d2cbfbee-8811-41f3-9879-eb339008b2a1,open,d2cbfbee-8811-41f3-9879-eb339008b2a1
0,7c493c45-57bb-4b56-b9c0-349ded112d76,open,7c493c45-57bb-4b56-b9c0-349ded112d76
0,e50a268b-ffaf-4a8d-ab1f-f77cd04f1e9c,open,e50a268b-ffaf-4a8d-ab1f-f77cd04f1e9c
0,f80a8064-df92-4980-8457-853b96cb5e92,open,f80a8064-df92-4980-8457-853b96cb5e92
0,d47483e4-95e0-4713-93b2-d5a4bc9b7813,open,d47483e4-95e0-4713-93b2-d5a4bc9b7813
0,cbfad95d-dbf8-4688-9563-977a7fdfb4fa,open,cbfad95d-dbf8-4688-9563-977a7fdfb4fa
0,d45c4e60-dbc5-44f1-841c-d193be8730be,open,d45c4e60-dbc5-44f1-841c-d193be8730be
0,31991bb9-cead-40ea-833f-f7310253b58c,open,31991bb9-cead-40ea-833f-f7310253b58c
0,6a082522-6730-4359-923b-f05f7e6c2b70,open,6a082522-6730-4359-923b-f05f7e6c2b70
0,ef43e730-c0ee-400f-8848-69d15746dc74,open,ef43e730-c0ee-400f-8848-69d15746dc74
0,566a23f4-3083-492d-9d7f-2a68f8124506,open,566a23f4-3083-492d-9d7f-2a68f8124506
0,2236fdd8-ee20-4232-a971-b59c409298da,open,2236fdd8-ee20-4232-a971-b59c409298da
0,4f0d45ea-4570-483d-994f-9e9b804f91ad,open,4f0d45ea-4570-483d-994f-9e9b804f91ad
0,581b016f-d785-4a8a-a82d-01163f7a6752,open,581b016f-d785-4a8a-a82d-01163f7a6752
0,86a8d4f3-33e3-4dd4-bb1d-8261b4122fdc,open,86a8d4f3-33e3-4dd4-bb1d-8261b4122fdc
0,3153cd97-1e58-4af1-b397-8f20402ec6de,open,3153cd97-1e58-4af1-b397-8f20402ec6de
0,16c0356a-a6c8-4be0-8209-e30d69ec897a,open,16c0356a-a6c8-4be0-8209-e30d69ec897a
0,39db295a-c8d2-403b-9859-42487778c383,open,39db295a-c8d2-403b-9859-42487778c383
0,472b120b-ab65-4bcc-95d0-287b5282d14e,open,472b120b-ab65-4bcc-95d0-287b5282d14e
0,d37590f8-46b2-4999-b5fa-fafab650ec6b,open,d37590f8-46b2-4999-b5fa-fafab650ec6b
0,a1439c19-5574-418d-a11b-a273b99e5ea1,open,a1439c19-5574-418d-a11b-a273b99e5ea1
0,86da8dd5-6fc1-4d2f-bc8e-c262044e2d5d,open,86da8dd5-6fc1-4d2f-bc8e-c262044e2d5d
0,9bf30207-faa2-4e09-bfa3-e41e6d3037c2,open,9bf30207-faa2-4e09-bfa3-e41e6d3037c2
0,a721783a-96e9-488d-813b-adf0de42c713,open,a721783a-96e9-488d-813b-adf0de42c713
0,87a25883-3b1f-48d3-bee4-44898e63da8d,open,87a25883-3b1f-48d3-bee4-44898e63da8d
0,c2938074-1b61-4d1e-8891-d97234f635cd,open,c2938074-1b61-4d1e-8891-d97234f635cd
0,c094ef39-df85-4ff1-960c-77ae45249859,open,c094ef39-df85-4ff1-960c-77ae45249859
0,592ea3ae-5d88-4f36-a604-9f6515648532,open,592ea3ae-5d88-4f36-a604-9f6515648532
0,183ac64a-442a-44c0-be53-402098e2e13b,open,183ac64a-442a-44c0-be53-402098e2e13b
0,5776af6a-0d18-4087-b260-dc2510376300,open,5776af6a-0d18-4087-b260-dc2510376300
0,e80a7dfc-bbed-4513-8046-6c4f4c81b6e1,open,e80a7dfc-bbed-4513-8046-6c4f4c81b6e1
0,a4c6c924-0587-4bdc-9acd-1f4645787112,open,a4c6c924-0587-4bdc-9acd-1f4645787112
0,1c67f1ab-f184-4a44-8169-d61dd38c4759,open,1c67f1ab-f184-4a44-8169-d61dd38c4759
0,351397c7-53c2-4f55-a60d-a19cdd679397,open,351397c7-53c2-4f55-a60d-a19cdd679397
0,714dffe9-ecaf-4b8c-a7b5-6ad04bf6ae7b,open,714dffe9-ecaf-4b8c-a7b5-6ad04bf6ae7b
0,db9823f2-7d78-423a-b8c1-f3a4afb0340b,open,db9823f2-7d78-423a-b8c1-f3a4afb0340b
0,c9273120-901a-4b6d-acd0-585913968090,open,c9273120-901a-4b6d-acd0-585913968090
0,ef0f0c1e-8357-4a99-80fc-7e888e9ae288,open,ef0f0c1e-8357-4a99-80fc-7e888e9ae288
0,fa1ee253-2c10-4c74-834e-1397e7314bcd,open,fa1ee253-2c10-4c74-834e-1397e7314bcd
0,c78285a0-435e-405f-b7fb-c2725f4883f2,open,c78285a0-435e-405f-b7fb-c2725f4883f2
0,10d3c4ba-e856-4f83-8481-f93efca4df5b,open,10d3c4ba-e856-4f83-8481-f93efca4df5b
0,d28f80e8-fdbe-4316-89bf-1924d60957f2,open,d28f80e8-fdbe-4316-89bf-1924d60957f2
0,fadc7d6b-9d0f-4753-b86c-97597add5401,open,fadc7d6b-9d0f-4753-b86c-97597add5401
0,5867b4c2-7e78-4352-90d6-cc936642f925,open,5867b4c2-7e78-4352-90d6-cc936642f925
0,6a6bce98-326d-4853-bbc3-facc52c95161,open,6a6bce98-326d-4853-bbc3-facc52c95161
0,7b74cf86-5c75-411c-9579-39f8dd579458,open,7b74cf86-5c75-411c-9579-39f8dd579458
0,5136cbfd-77d8-4c73-9648-fce26cf578e4,open,5136cbfd-77d8-4c73-9648-fce26cf578e4
0,c1d0b2e6-4a34-40bb-adfa-089efc3255d7,open,c1d0b2e6-4a34-40bb-adfa-089efc3255d7
0,5af27779-0a4b-4ffd-995b-5a53af3ebdbe,open,5af27779-0a4b-4ffd-995b-5a53af3ebdbe
0,14c17443-c214-4957-aa07-bfed929be454,open,14c17443-c214-4957-aa07-bfed929be454
0,612fce89-829d-4bf0-b77b-87068105e8a7,open,612fce89-829d-4bf0-b77b-87068105e8a7
0,0b95625f-86b1-41db-91d4-18b4ebbf72b4,open,0b95625f-86b1-41db-91d4-18b4ebbf72b4
0,a54f5ce7-cc91-48b5-84f9-23e732d43432,open,a54f5ce7-cc91-48b5-84f9-23e732d43432
0,fa6833cd-5e5b-4d34-a0d8-30fa9aec9c01,open,fa6833cd-5e5b-4d34-a0d8-30fa9aec9c01
0,452e3e57-09bb-4996-bb16-76ef375733b9,open,452e3e57-09bb-4996-bb16-76ef375733b9
0,9785383f-7e81-40ea-b0e8-05dce988b21d,open,9785383f-7e81-40ea-b0e8-05dce988b21d
0,09d05faa-3af6-4fed-949c-055d93d7fecd,open,09d05faa-3af6-4fed-949c-055d93d7fecd
0,d7c88a9a-2291-4f96-9154-0fe560651fa9,open,d7c88a9a-2291-4f96-9154-0fe560651fa9
0,9b8a7a9c-e1bb-4fe5-a08e-a9c6ac54b83b,open,9b8a7a9c-e1bb-4fe5-a08e-a9c6ac54b83b
0,1593417e-3b2e-4a98-8029-143b3e7e0765,open,1593417e-3b2e-4a98-8029-143b3e7e0765
0,dab2d53f-9ec5-4d9e-a815-c8d64ed078d8,open,dab2d53f-9ec5-4d9e-a815-c8d64ed078d8
0,f2843b1d-1ed8-47b1-b55e-323bf168dcf7,open,f2843b1d-1ed8-47b1-b55e-323bf168dcf7
0,b69095a2-6c31-43e3-8f59-f3c5fdd37088,open,b69095a2-6c31-43e3-8f59-f3c5fdd37088
0,42f0ddec-40ea-4411-ae03-6e9d30029187,open,42f0ddec-40ea-4411-ae03-6e9d30029187
0,d359b1c1-eb38-48bf-af22-2be83d4d429d,open,d359b1c1-eb38-48bf-af22-2be83d4d429d
0,797974d9-5fbe-429d-af8b-85d57dbb80ef,open,797974d9-5fbe-429d-af8b-85d57dbb80ef
0,e13d1006-ed22-4ce2-9ac8-e0eef221149f,open,e13d1006-ed22-4ce2-9ac8-e0eef221149f
0,cad846f9-a774-4547-93e8-00cc49db8d4b,open,cad846f9-a774-4547-93e8-00cc49db8d4b
0,439a3ea6-0c64-472d-a7da-933fc1290a9a,open,439a3ea6-0c64-472d-a7da-933fc1290a9a
0,92a8fb1a-5853-4d8d-94f9-8fbd42b088f9,open,92a8fb1a-5853-4d8d-94f9-8fbd42b088f9
0,96b89d0b-7ea4-4801-b344-96715d8bd7f5,open,96b89d0b-7ea4-4801-b344-96715d8bd7f5
0,79114a17-7055-451c-81d7-1b1c535e3f6e,open,79114a17-7055-451c-81d7-1b1c535e3f6e
0,36861dfa-9738-4c2c-b6cb-efd2cd8efe38,open,36861dfa-9738-4c2c-b6cb-efd2cd8efe38
0,8a615c0f-aae9-41fa-80ac-37395f06eb1b,open,8a615c0f-aae9-41fa-80ac-37395f06eb1b
0,ee33bee5-88a4-4816-b277-9e43ce83847c,open,ee33bee5-88a4-4816-b277-9e43ce83847c
0,402444ae-f506-48e6-933e-9d2e13eb7c74,open,402444ae-f506-48e6-933e-9d2e13eb7c74
0,78ff30ec-8600-4540-b03a-9a44fee14250,open,78ff30ec-8600-4540-b03a-9a44fee14250
0,43410838-87a5-41cd-a0cb-2c6de0dbacb1,open,43410838-87a5-41cd-a0cb-2c6de0dbacb1
0,8dbcfb9f-c961-4a75-a654-5e8639651b76,open,8dbcfb9f-c961-4a75-a654-5e8639651b76
0,cb811cb1-0f46-4256-9076-315bcd906c29,open,cb811cb1-0f46-4256-9076-315bcd906c29
0,76f59eaa-f2e7-4c02-bae1-3ca166daa15b,open,76f59eaa-f2e7-4c02-bae1-3ca166daa15b
0,0e452508-7ada-48ee-a0f9-ad0308cd8cdf,open,0e452508-7ada-48ee-a0f9-ad0308cd8cdf
0,575a6278-51d3-4b0a-ae50-e0d58a12ab6d,open,575a6278-51d3-4b0a-ae50-e0d58a12ab6d
0,e372d60c-f06e-471b-af9f-d8704c8de421,open,e372d60c-f06e-471b-af9f-d8704c8de421
0,0475a808-701f-4d30-9d0a-5b2838168c33,open,0475a808-701f-4d30-9d0a-5b2838168c33
0,dc4d1a63-4c75-4093-84de-5cf1201b7c3a,open,dc4d1a63-4c75-4093-84de-5cf1201b7c3a
0,fc09ada5-4126-49c9-9906-5ebac5bd4559,open,fc09ada5-4126-49c9-9906-5ebac5bd4559
0,7fdefd17-e36c-4672-a941-fa6272cc5933,open,7fdefd17-e36c-4672-a941-fa6272cc5933
0,2f2c5daf-3a83-4f68-a3be-8eeb5b44c8b3,open,2f2c5daf-3a83-4f68-a3be-8eeb5b44c8b3
0,42a2a9c1-0787-4b9d-98d3-c4fe34b1dec8,open,42a2a9c1-0787-4b9d-98d3-c4fe34b1dec8
0,7747a025-f25e-4a0e-89be-2c7ebe2e998f,open,7747a025-f25e-4a0e-89be-2c7ebe2e998f
0,3059cbb3-3179-4ef6-8640-01a45c91d014,open,3059cbb3-3179-4ef6-8640-01a45c91d014
0,97673db3-a9bf-4da5-bc73-12a6f63686c7,open,97673db3-a9bf-4da5-bc73-12a6f63686c7
0,daf6a840-4bf1-401f-a18b-2dbda793cbfc,open,daf6a840-4bf1-401f-a18b-2dbda793cbfc
0,6adc4bfd-26eb-45d0-96b1-d6b05bf576ff,open,6adc4bfd-26eb-45d0-96b1-d6b05bf576ff
0,cd405255-8f9b-40c8-bf1f-3d990128bb6e,open,cd405255-8f9b-40c8-bf1f-3d990128bb6e
0,525480fe-95a0-4d5c-bf25-a424325e85c6,open,525480fe-95a0-4d5c-bf25-a424325e85c6
0,93803ef8-98bd-4372-a3ce-c26dcf5d19d3,open,93803ef8-98bd-4372-a3ce-c26dcf5d19d3
0,e38372c6-731b-44d4-83a0-f4e31a00652d,open,e38372c6-731b-44d4-83a0-f4e31a00652d
0,fd9fb997-a486-456a-bd24-3aef184787ea,open,fd9fb997-a486-456a-bd24-3aef184787ea
0,12b50066-e4e3-4dc4-a9b4-3a4f5b246d03,open,12b50066-e4e3-4dc4-a9b4-3a4f5b246d03
0,2496da34-cd11-4ee8-a48c-e4a90d2ded3d,open,2496da34-cd11-4ee8-a48c-e4a90d2ded3d
0,2c137181-fc8b-44f2-b667-16e1723046d8,open,2c137181-fc8b-44f2-b667-16e1723046d8
0,15d2fade-94b8-4a65-b696-92e86deee223,open,15d2fade-94b8-4a65-b696-92e86deee223
0,f611e46f-534c-403b-8ed0-2da3d0cb3072,open,f611e46f-534c-403b-8ed0-2da3d0cb3072
0,630a5527-4e69-4770-8484-fa82e7fd63f6,open,630a5527-4e69-4770-8484-fa82e7fd63f6
0,080fd92d-73ed-4b0d-bdee-d850b2100cf3,open,080fd92d-73ed-4b0d-bdee-d850b2100cf3
0,f363cf5d-a2bf-4d3d-a7f0-0bff53bbb42f,open,f363cf5d-a2bf-4d3d-a7f0-0bff53bbb42f
0,3483f16a-fa16-4032-8313-517995b119cb,open,3483f16a-fa16-4032-8313-517995b119cb
0,c0d941c3-ee17-472c-a822-9aa0071a7b88,open,c0d941c3-ee17-472c-a822-9aa0071a7b88
0,c6b484ed-9590-436a-b54a-d09878f743d2,open,c6b484ed-9590-436a-b54a-d09878f743d2
0,33234c1c-8234-4829-b163-2a924866f7d9,open,33234c1c-8234-4829-b163-2a924866f7d9
0,0f434f74-e47c-4bb8-beb2-93945884963a,open,0f434f74-e47c-4bb8-beb2-93945884963a
0,70b0c106-0f85-4c2a-b20b-790dee5f0536,open,70b0c106-0f85-4c2a-b20b-790dee5f0536
0,90f2c793-5823-4e9d-989d-7cc61d6e824c,open,90f2c793-5823-4e9d-989d-7cc61d6e824c
0,18151c98-ace8-46e4-87d4-9f53b7e0268f,open,18151c98-ace8-46e4-87d4-9f53b7e0268f
0,a969278c-c398-48bf-9327-da1b7dd0641f,open,a969278c-c398-48bf-9327-da1b7dd0641f
0,46add7ea-6849-4ab0-80bd-8498a41bced5,open,46add7ea-6849-4ab0-80bd-8498a41bced5
0,59fc4e01-33f8-4801-8a25-191924288014,open,59fc4e01-33f8-4801-8a25-191924288014
0,1f493785-7c1a-4ee2-a5ed-de9a5c92654a,open,1f493785-7c1a-4ee2-a5ed-de9a5c92654a
0,8595eb6c-fbff-4f16-847a-621d6c799b3f,open,8595eb6c-fbff-4f16-847a-621d6c799b3f
0,9ab56272-a8d5-4d75-ab32-b0ebfe231d37,open,9ab56272-a8d5-4d75-ab32-b0ebfe231d37
0,426bcccd-490d-4b09-bd3b-7f795413ef87,open,426bcccd-490d-4b09-bd3b-7f795413ef87
0,39edfa9a-61cd-4ba2-8337-d54c10d11446,open,39edfa9a-61cd-4ba2-8337-d54c10d11446
0,fb8f8345-e4b8-4601-8ddb-5cc4119be13b,open,fb8f8345-e4b8-4601-8ddb-5cc4119be13b
0,17192638-2b26-47d6-9d3f-bf74d4cd3aa0,open,17192638-2b26-47d6-9d3f-bf74d4cd3aa0
0,3de5cd12-a88c-4014-a216-de83d50a39fb,open,3de5cd12-a88c-4014-a216-de83d50a39fb
0,bdf6927a-3cbd-461c-affe-a6327f0795b8,open,bdf6927a-3cbd-461c-affe-a6327f0795b8
0,71cb41d3-dbb9-4864-902c-2abfd6c0bf56,open,71cb41d3-dbb9-4864-902c-2abfd6c0bf56
0,d86b6806-945f-481e-b2a7-5e0cb4fb8c12,open,d86b6806-945f-481e-b2a7-5e0cb4fb8c12
0,61798366-fa0e-4fd7-8571-6712c6a2293f,open,61798366-fa0e-4fd7-8571-6712c6a2293f
0,1ab2151b-20be-466f-9937-44239798bf6d,open,1ab2151b-20be-466f-9937-44239798bf6d
0,05664a98-ef62-426c-be78-a7a9c97a3833,open,05664a98-ef62-426c-be78-a7a9c97a3833
0,adedcbaa-d371-44cd-b544-c4765596cf4a,open,adedcbaa-d371-44cd-b544-c4765596cf4a
0,c35483e3-63d8-4bbc-a8fa-f19e6819640c,open,c35483e3-63d8-4bbc-a8fa-f19e6819640c
0,8e1aada3-8309-4d73-8c76-46b1e6467667,open,8e1aada3-8309-4d73-8c76-46b1e6467667
0,8df37220-e827-47d6-9574-0514f0d1f510,open,8df37220-e827-47d6-9574-0514f0d1f510
0,65612119-dfb2-4eac-b5e5-fba3935f6a69,open,65612119-dfb2-4eac-b5e5-fba3935f6a69
0,5250ce4d-6a1d-4b6a-a55b-848ee43f932c,open,5250ce4d-6a1d-4b6a-a55b-848ee43f932c
0,d1c0547c-c49d-45bc-8fa9-9967d4b0c655,open,d1c0547c-c49d-45bc-8fa9-9967d4b0c655
0,b15912bb-bbd2-47f5-afde-ea6256a9bae2,open,b15912bb-bbd2-47f5-afde-ea6256a9bae2
0,b1e6b881-8e8d-42cd-90a1-ed9a8d93835e,open,b1e6b881-8e8d-42cd-90a1-ed9a8d93835e
0,1fb37563-0575-4605-bbcd-abfe1da47309,open,1fb37563-0575-4605-bbcd-abfe1da47309
0,42ecb19d-98ba-4b8d-9bec-4bed62f927b7,open,42ecb19d-98ba-4b8d-9bec-4bed62f927b7
0,3ee3d7f1-2366-4def-909e-9084f1db3043,open,3ee3d7f1-2366-4def-909e-9084f1db3043
0,aa218ece-d2a8-4815-b4ab-a9f592b7212d,open,aa218ece-d2a8-4815-b4ab-a9f592b7212d
0,55187f9c-16ca-45f2-8278-1a9de52711a0,open,55187f9c-16ca-45f2-8278-1a9de52711a0
0,ee909596-0356-4180-8764-cd3fb54ebb36,open,ee909596-0356-4180-8764-cd3fb54ebb36
0,b6e28f4e-053b-4e69-b5b2-bc691bc5aacf,open,b6e28f4e-053b-4e69-b5b2-bc691bc5aacf
0,8160aa11-6d52-4775-9009-9a7cee1eadbb,open,8160aa11-6d52-4775-9009-9a7cee1eadbb
0,1bcc1628-7c2d-4615-a3fc-33445e1964d5,open,1bcc1628-7c2d-4615-a3fc-33445e1964d5
0,e7f4ae60-0db2-4d02-ac6d-4affe7888616,open,e7f4ae60-0db2-4d02-ac6d-4affe7888616
0,e9afe0ce-2664-4dd3-ad9e-e897c3b4638d,open,e9afe0ce-2664-4dd3-ad9e-e897c3b4638d
0,dd59f61a-0d52-4114-82e7-ba88a12dacd3,open,dd59f61a-0d52-4114-82e7-ba88a12dacd3
0,29ebd22c-ef9d-48a1-b675-f06fad88df9c,open,29ebd22c-ef9d-48a1-b675-f06fad88df9c
0,1d0e8954-aa09-4f39-8d57-b2edf2211b7e,open,1d0e8954-aa09-4f39-8d57-b2edf2211b7e
0,9343676d-e62d-4c94-a5c5-111810e69913,open,9343676d-e62d-4c94-a5c5-111810e69913
0,1d17ff35-a700-4ab5-b2c1-e032b537a638,open,1d17ff35-a700-4ab5-b2c1-e032b537a638
0,3ce34361-680b-4f57-a821-9c8ae7192ee3,open,3ce34361-680b-4f57-a821-9c8ae7192ee3
0,60e78728-7b0c-46d7-b455-cb36f3b303de,open,60e78728-7b0c-46d7-b455-cb36f3b303de
0,15a74a92-15a5-457c-a1d3-b8ae9250847a,open,15a74a92-15a5-457c-a1d3-b8ae9250847a
0,b7bef34f-75ac-443f-b1f4-06028b120de0,open,b7bef34f-75ac-443f-b1f4-06028b120de0
0,887e1629-39d4-4f92-a31a-e5bf8156b52b,open,887e1629-39d4-4f92-a31a-e5bf8156b52b
0,8f0a1b37-a894-4ca5-90da-774c4c1c453c,open,8f0a1b37-a894-4ca5-90da-774c4c1c453c
0,7f08463e-d118-47cb-ad3f-10ea4ce153ff,open,7f08463e-d118-47cb-ad3f-10ea4ce153ff
0,afa92013-d4dd-43e5-a487-61cc55c93729,open,afa92013-d4dd-43e5-a487-61cc55c93729
0,15495799-5f24-481d-989e-d3f7599ee643,open,15495799-5f24-481d-989e-d3f7599ee643
0,93695e93-3511-42f2-8511-db7b7ee05db6,open,93695e93-3511-42f2-8511-db7b7ee05db6
0,1698d79a-3e43-4a7f-9fae-d60d4658909c,open,1698d79a-3e43-4a7f-9fae-d60d4658909c
0,cf98712e-7dd0-4522-bb56-32663234fd21,open,cf98712e-7dd0-4522-bb56-32663234fd21
0,f33e0779-30a7-4ece-8873-4ca409305831,open,f33e0779-30a7-4ece-8873-4ca409305831
0,62cb1caa-bcb8-4ffb-8ddb-8f1f6f6eccd4,open,62cb1caa-bcb8-4ffb-8ddb-8f1f6f6eccd4
0,06cdc159-17da-40f0-aedf-30d033e41ea7,open,06cdc159-17da-40f0-aedf-30d033e41ea7
0,82bd14f6-2277-4598-b03c-52993a61702d,open,82bd14f6-2277-4598-b03c-52993a61702d
0,f3cf8416-f4fe-4c65-9f63-c2c6241b6547,open,f3cf8416-f4fe-4c65-9f63-c2c6241b6547
0,5e266820-bdf0-4878-93eb-f1416febd268,open,5e266820-bdf0-4878-93eb-f1416febd268
0,3b22171c-3ef2-4996-a412-56c32eb04199,open,3b22171c-3ef2-4996-a412-56c32eb04199
0,a67e6cfb-3e87-4387-a130-4dc4bc45c1cc,open,a67e6cfb-3e87-4387-a130-4dc4bc45c1cc
0,41a64cd7-5986-4681-9f4c-08e368739f90,open,41a64cd7-5986-4681-9f4c-08e368739f90
0,1dacf765-66ce-4065-9b4e-608456301820,open,1dacf765-66ce-4065-9b4e-608456301820
0,9436f814-3be9-409b-b0ad-998d80d53f56,open,9436f814-3be9-409b-b0ad-998d80d53f56
0,1072292b-e88c-4732-b5b7-41d7c4db3a34,open,1072292b-e88c-4732-b5b7-41d7c4db3a34
0,404dfb2f-8f47-4233-b420-58098e164dd9,open,404dfb2f-8f47-4233-b420-58098e164dd9
0,a7c55ddb-ef00-40ab-982d-5a04e89a7745,open,a7c55ddb-ef00-40ab-982d-5a04e89a7745
0,8c043a98-5313-494c-8e2c-13e2da968a11,open,8c043a98-5313-494c-8e2c-13e2da968a11
0,eb7441be-9de1-4fd6-9c5e-01d267994c8a,open,eb7441be-9de1-4fd6-9c5e-01d267994c8a
0,858f5489-7b8d-4832-8e41-02445d16c717,open,858f5489-7b8d-4832-8e41-02445d16c717
0,1751c0f4-52eb-4ecb-a6d1-d3c68c75ec17,open,1751c0f4-52eb-4ecb-a6d1-d3c68c75ec17
0,a3b007bd-45c1-4912-97dd-21ac14aafa4f,open,a3b007bd-45c1-4912-97dd-21ac14aafa4f
0,9b413f0c-761a-4c74-9e57-c85b9fe64fbd,open,9b413f0c-761a-4c74-9e57-c85b9fe64fbd
0,56a951cc-8e1f-4f36-8b41-6434551776ea,open,56a951cc-8e1f-4f36-8b41-6434551776ea
0,45c6d015-aeb2-4d36-806b-0e7e2464f6d7,open,45c6d015-aeb2-4d36-806b-0e7e2464f6d7
0,855bb57a-587d-4ade-acbd-571785673df7,open,855bb57a-587d-4ade-acbd-571785673df7
0,30f1fd17-1ecf-4d05-8da3-8c406ac90f96,open,30f1fd17-1ecf-4d05-8da3-8c406ac90f96
0,93f2f447-2c6f-4936-98c6-8c139681ca30,open,93f2f447-2c6f-4936-98c6-8c139681ca30
0,5d55b4bc-b42f-4260-8cbf-997da1f261c1,open,5d55b4bc-b42f-4260-8cbf-997da1f261c1
0,fcc16fbe-504c-4677-bb46-635b612317c0,open,fcc16fbe-504c-4677-bb46-635b612317c0
0,427e8581-90f3-4327-a04d-a9ab5a7b8295,open,427e8581-90f3-4327-a04d-a9ab5a7b8295
0,34a19c22-76fa-4a38-88fa-5d03f571cdf9,open,34a19c22-76fa-4a38-88fa-5d03f571cdf9
0,87a8bab9-dbe9-449b-90ea-67a3e9be0153,open,87a8bab9-dbe9-449b-90ea-67a3e9be0153
0,b173cfcd-7779-4d85-9326-8fded71a878f,open,b173cfcd-7779-4d85-9326-8fded71a878f
0,361600d6-94e6-4e6c-9ccc-198a07b72dcb,open,361600d6-94e6-4e6c-9ccc-198a07b72dcb
0,d996b484-5fa7-4b80-9646-84bd11e1fe16,open,d996b484-5fa7-4b80-9646-84bd11e1fe16
0,afebe91e-a939-413b-af69-5cbc2b19ef7f,open,afebe91e-a939-413b-af69-5cbc2b19ef7f
0,1e405e42-34e7-4320-9fdd-805fd5fa0887,open,1e405e42-34e7-4320-9fdd-805fd5fa0887
0,b8515897-4ac8-49de-8a7e-2f20e2715a0e,open,b8515897-4ac8-49de-8a7e-2f20e2715a0e
0,bed4333d-53d7-423f-a583-7b313e09a5e4,open,bed4333d-53d7-423f-a583-7b313e09a5e4
0,2c4ee2c2-7261-4d73-b8e1-f3c396a58236,open,2c4ee2c2-7261-4d73-b8e1-f3c396a58236
0,3aa1d27a-052e-4cce-8460-1d68f731e573,open,3aa1d27a-052e-4cce-8460-1d68f731e573
0,dbe3d8ab-5230-496b-8724-863f147f02c7,open,dbe3d8ab-5230-496b-8724-863f147f02c7
0,6b6c8d65-d4c0-48fe-b110-6a7eebd69e7c,open,6b6c8d65-d4c0-48fe-b110-6a7eebd69e7c
0,a6a606d4-2cde-4633-85b5-62f7371c2466,open,a6a606d4-2cde-4633-85b5-62f7371c2466
0,f570e43d-2c0a-4c20-8f47-674370d59d8c,open,f570e43d-2c0a-4c20-8f47-674370d59d8c
0,51b04a70-8994-4ada-b038-7846dc8bd19b,open,51b04a70-8994-4ada-b038-7846dc8bd19b
0,42fa3334-858b-4dfd-8ac5-296b7b342f6e,open,42fa3334-858b-4dfd-8ac5-296b7b342f6e
0,0161eb01-9f8c-49a3-a5d2-ce63f20ccdea,open,0161eb01-9f8c-49a3-a5d2-ce63f20ccdea
0,7c3718fb-ac68-4299-992e-d2768da8ae07,open,7c3718fb-ac68-4299-992e-d2768da8ae07
0,13a599a3-e770-45df-90ec-41075ef75a63,open,13a599a3-e770-45df-90ec-41075ef75a63
0,ea955300-1cf8-42b7-8c54-744b4f5d7052,open,ea955300-1cf8-42b7-8c54-744b4f5d7052
0,846c4182-a86a-4b84-88b7-9d2ffddb5fc4,open,846c4182-a86a-4b84-88b7-9d2ffddb5fc4
0,56f2ac76-6a55-4e5b-a9b1-bf2ec5be9902,open,56f2ac76-6a55-4e5b-a9b1-bf2ec5be9902
0,f5895b69-aba6-4afa-a9e8-33a7bd2af803,open,f5895b69-aba6-4afa-a9e8-33a7bd2af803
0,bc82459d-73c5-4504-a48f-79e86e16671e,open,bc82459d-73c5-4504-a48f-79e86e16671e
0,a6ea2249-683e-49de-9ecf-f584dbfea9ad,open,a6ea2249-683e-49de-9ecf-f584dbfea9ad
0,cf48336c-d1a2-4622-9304-0864da76a51e,open,cf48336c-d1a2-4622-9304-0864da76a51e
0,e5684f3a-f9e4-48e5-afd3-baf97dacfca4,open,e5684f3a-f9e4-48e5-afd3-baf97dacfca4
0,f7f650e6-4b07-4960-b1dc-2f5a13b51f1e,open,f7f650e6-4b07-4960-b1dc-2f5a13b51f1e
0,fe540653-0104-475a-aa67-acd4cff04cf4,open,fe540653-0104-475a-aa67-acd4cff04cf4
0,99a815d7-69ce-4b00-aff5-7ac22ca7be42,open,99a815d7-69ce-4b00-aff5-7ac22ca7be42
0,1423c10b-2637-4fce-8bf6-8d2677dfaf32,open,1423c10b-2637-4fce-8bf6-8d2677dfaf32
0,4ff945af-1205-4ef7-ae97-46085aab73ac,open,4ff945af-1205-4ef7-ae97-46085aab73ac
0,640a9fd4-4529-4917-8717-249f6db80dbc,open,640a9fd4-4529-4917-8717-249f6db80dbc
0,80fdf2ba-93ea-409a-9621-384271fa72cf,open,80fdf2ba-93ea-409a-9621-384271fa72cf
0,233dd117-2349-4d09-a57b-01fa58c66da0,open,233dd117-2349-4d09-a57b-01fa58c66da0
0,18968b46-e6ce-476e-b50b-4a7d67aa22c4,open,18968b46-e6ce-476e-b50b-4a7d67aa22c4
0,814c6895-17b7-4b07-a2a2-3001f98318f0,open,814c6895-17b7-4b07-a2a2-3001f98318f0
0,3a0cea79-50b8-4c89-bf67-041827165477,open,3a0cea79-50b8-4c89-bf67-041827165477
0,2466683f-7701-471f-b16a-fd2b3e102af3,open,2466683f-7701-471f-b16a-fd2b3e102af3
0,b5c48acd-300a-45ba-8171-5bfb94ce09a6,open,b5c48acd-300a-45ba-8171-5bfb94ce09a6
0,de24ee8e-356a-4873-b008-535c7feff2f9,open,de24ee8e-356a-4873-b008-535c7feff2f9
0,f4e8d774-0a97-4821-b9d5-847dd448d6d4,open,f4e8d774-0a97-4821-b9d5-847dd448d6d4
0,f6f68c7c-7d46-485d-9208-612f525e9066,open,f6f68c7c-7d46-485d-9208-612f525e9066
0,7783dd6e-868e-4c19-b4e3-cfe92dc55d2d,open,7783dd6e-868e-4c19-b4e3-cfe92dc55d2d
0,431d240f-9903-4c14-84a1-f17684f1cbd6,open,431d240f-9903-4c14-84a1-f17684f1cbd6
0,64c577f2-3d1f-424e-8185-951949b10f77,open,64c577f2-3d1f-424e-8185-951949b10f77
0,38b92799-a808-44a7-b207-9a474625e3a7,open,38b92799-a808-44a7-b207-9a474625e3a7
0,15cda30f-271f-4e6f-adbd-01f75ed74a8a,open,15cda30f-271f-4e6f-adbd-01f75ed74a8a
0,f1a7a23e-755e-404f-a57b-2da28dbaac0e,open,f1a7a23e-755e-404f-a57b-2da28dbaac0e
0,ed925210-2510-457c-9d1a-e1c8c3a6b8c6,open,ed925210-2510-457c-9d1a-e1c8c3a6b8c6
0,e8dcedee-51e6-4026-a890-0373c7e671b7,open,e8dcedee-51e6-4026-a890-0373c7e671b7
0,d53676e8-7935-4e4d-b686-22f671394556,open,d53676e8-7935-4e4d-b686-22f671394556
0,14ea4bca-5d58-4f07-9246-ffda015a7637,open,14ea4bca-5d58-4f07-9246-ffda015a7637
0,8ba54e21-a665-4626-8306-ce782fc97d7f,open,8ba54e21-a665-4626-8306-ce782fc97d7f
0,fd5cc326-5a97-4c20-8287-2bdaf0746a23,open,fd5cc326-5a97-4c20-8287-2bdaf0746a23
0,35590eab-5fc2-4668-ab61-f4e3798fef86,open,35590eab-5fc2-4668-ab61-f4e3798fef86
0,01694594-f8e9-417a-bfb8-f41a9f03b0ff,open,01694594-f8e9-417a-bfb8-f41a9f03b0ff
0,b4fd4ffd-f020-4494-84c5-5d994b3be502,open,b4fd4ffd-f020-4494-84c5-5d994b3be502
0,11193cae-4f37-461d-a75b-e5ec0d96f37f,open,11193cae-4f37-461d-a75b-e5ec0d96f37f
0,42046709-f9d6-4792-becb-7f3da6c2f14f,open,42046709-f9d6-4792-becb-7f3da6c2f14f
0,d428cfa9-fa76-4d65-bfb8-fd74cabad5a4,open,d428cfa9-fa76-4d65-bfb8-fd74cabad5a4
0,b9a013a1-718d-4eb9-8dc5-afac6f9f3deb,open,b9a013a1-718d-4eb9-8dc5-afac6f9f3deb
0,491ecfd4-ef86-4a79-921f-3b1d21aaf0fe,open,491ecfd4-ef86-4a79-921f-3b1d21aaf0fe
0,25363300-4303-4caf-98c5-e089ab4205a7,open,25363300-4303-4caf-98c5-e089ab4205a7
0,841344b5-bb1c-42ea-8519-3280ae3a5db4,open,841344b5-bb1c-42ea-8519-3280ae3a5db4
0,f13ce23f-4a79-4e30-b56f-ccd406383c06,open,f13ce23f-4a79-4e30-b56f-ccd406383c06
0,785b96c6-7a0b-4994-8f80-a76192b12492,open,785b96c6-7a0b-4994-8f80-a76192b12492
0,44090c2f-523e-43d9-8420-f6eee612a2b1,open,44090c2f-523e-43d9-8420-f6eee612a2b1
0,6a8f3618-aad4-488d-a0ae-2198fb026fa4,open,6a8f3618-aad4-488d-a0ae-2198fb026fa4
0,96fd90d5-0c71-47f3-982c-dc607e41deca,open,96fd90d5-0c71-47f3-982c-dc607e41deca
0,153a7613-a2de-4372-9360-341d876d5ba2,open,153a7613-a2de-4372-9360-341d876d5ba2
0,859dd84c-a5e4-48aa-a522-0c7bc1927e03,open,859dd84c-a5e4-48aa-a522-0c7bc1927e03
0,9049c448-4a3d-40c0-9622-e345da505571,open,9049c448-4a3d-40c0-9622-e345da505571
0,13f081d3-8015-45b5-ba8d-8e73cc96ea4c,open,13f081d3-8015-45b5-ba8d-8e73cc96ea4c
0,8791a4e8-9e4f-4fbb-a315-f86199cd07b5,open,8791a4e8-9e4f-4fbb-a315-f86199cd07b5
0,54bc6de8-064f-4d8c-a7a4-cf7056a8394a,open,54bc6de8-064f-4d8c-a7a4-cf7056a8394a
0,b5a89dbc-da70-4dda-872f-04867f6b31e5,open,b5a89dbc-da70-4dda-872f-04867f6b31e5
0,f7a0a660-25e3-4c6b-b017-90215108e8ce,open,f7a0a660-25e3-4c6b-b017-90215108e8ce
0,dcfad2da-3662-49da-97c3-e6df6cc5b332,open,dcfad2da-3662-49da-97c3-e6df6cc5b332
0,b5a527e3-3657-4d0d-aa9c-4f04dcf6af8b,open,b5a527e3-3657-4d0d-aa9c-4f04dcf6af8b
0,535548d2-994a-4f8c-b9dd-38ff62974bf3,open,535548d2-994a-4f8c-b9dd-38ff62974bf3
0,b6b11983-9bc2-496b-a993-42fb88e3773d,open,b6b11983-9bc2-496b-a993-42fb88e3773d
0,af144b90-72aa-4d6f-adbd-909e19a87d28,open,af144b90-72aa-4d6f-adbd-909e19a87d28
0,5523788e-de48-4cd8-a97d-6155488a0224,open,5523788e-de48-4cd8-a97d-6155488a0224
0,1f477c0d-2891-4a9a-a6a6-df2af5d76442,open,1f477c0d-2891-4a9a-a6a6-df2af5d76442
0,e61ac39b-4148-440d-8f5f-e0f069dca648,open,e61ac39b-4148-440d-8f5f-e0f069dca648
0,0eb4efa3-d46f-4524-986f-69988e0b8ade,open,0eb4efa3-d46f-4524-986f-69988e0b8ade
0,bf6ba9c8-3f96-4e8c-8e83-73055b57f98a,open,bf6ba9c8-3f96-4e8c-8e83-73055b57f98a
0,ba150f13-92fe-4f6d-b866-93972b2c20f4,open,ba150f13-92fe-4f6d-b866-93972b2c20f4
0,33d6a257-dcbb-478a-bf88-7f3b6ab32144,open,33d6a257-dcbb-478a-bf88-7f3b6ab32144
0,f9a66765-80fb-4537-a111-b5ec5acbee5d,open,f9a66765-80fb-4537-a111-b5ec5acbee5d
0,0d9ff3d7-e40c-480e-a228-1284d46dba78,open,0d9ff3d7-e40c-480e-a228-1284d46dba78
0,83cf1d13-01e6-4ac6-87d1-6d4e22a24113,open,83cf1d13-01e6-4ac6-87d1-6d4e22a24113
0,84504e4c-e0d4-4cf4-99e9-23f31c499403,open,84504e4c-e0d4-4cf4-99e9-23f31c499403
0,0bd28d13-cbe2-46b3-a642-0289f4bf506d,open,0bd28d13-cbe2-46b3-a642-0289f4bf506d
0,6da11124-dc3c-405c-8d6e-94909b0608b5,open,6da11124-dc3c-405c-8d6e-94909b0608b5
0,024ab1f6-96cd-4ac8-8ae2-a779a6d75bfb,open,024ab1f6-96cd-4ac8-8ae2-a779a6d75bfb
0,c16a8a8d-a0ce-4142-be4f-519a960558b8,open,c16a8a8d-a0ce-4142-be4f-519a960558b8
0,a43a05e7-4bbb-4488-955c-5751e69939c0,open,a43a05e7-4bbb-4488-955c-5751e69939c0
0,750ea92f-15eb-48a6-9cf1-f233f6f215d6,open,750ea92f-15eb-48a6-9cf1-f233f6f215d6
0,8cbd46b8-f5c7-4a6b-b72a-945223fb0710,open,8cbd46b8-f5c7-4a6b-b72a-945223fb0710
0,39db4a8e-118f-437b-b9a1-fca73e482b8a,open,39db4a8e-118f-437b-b9a1-fca73e482b8a
0,78d99567-49a3-4120-bcdc-8f10eb6831b9,open,78d99567-49a3-4120-bcdc-8f10eb6831b9
0,02404d15-720d-40af-9884-0c0c241e5577,open,02404d15-720d-40af-9884-0c0c241e5577
0,789d513c-bc52-4660-8831-d39dc2304f63,open,789d513c-bc52-4660-8831-d39dc2304f63
0,485b5bab-2526-4bdd-b79b-2c271628410f,open,485b5bab-2526-4bdd-b79b-2c271628410f
0,1d0df406-8c7d-4180-a75d-fd341e82faaa,open,1d0df406-8c7d-4180-a75d-fd341e82faaa
0,389a5370-792b-423c-9604-feb0c6cf4d99,open,389a5370-792b-423c-9604-feb0c6cf4d99
0,cf653752-b3d8-4de6-8bcf-1d02ae33700a,open,cf653752-b3d8-4de6-8bcf-1d02ae33700a
0,f9df1086-54e7-454d-9610-67c83c918169,open,f9df1086-54e7-454d-9610-67c83c918169
0,3d15f161-19d6-48d9-9a76-291c78944493,open,3d15f161-19d6-48d9-9a76-291c78944493
0,a53c261c-c8e4-4ff4-8dd3-e3412b6e1717,open,a53c261c-c8e4-4ff4-8dd3-e3412b6e1717
0,333f0c5a-7ac5-44cf-8a82-ba2659d84df0,open,333f0c5a-7ac5-44cf-8a82-ba2659d84df0
0,3b2e9ac4-caa6-481d-843f-13b48d2b5390,open,3b2e9ac4-caa6-481d-843f-13b48d2b5390
0,33c800de-6381-4fc5-b27c-2ecac54d36b7,open,33c800de-6381-4fc5-b27c-2ecac54d36b7
0,546f07ec-a62b-4c27-addc-37c3843fb0a0,open,546f07ec-a62b-4c27-addc-37c3843fb0a0
0,1adda5bc-5761-4845-bd71-567e2487a62f,open,1adda5bc-5761-4845-bd71-567e2487a62f
0,66a9bb0d-7de0-4289-8fd4-12d3d325779e,open,66a9bb0d-7de0-4289-8fd4-12d3d325779e
0,f12a318f-1092-45b1-bec9-5bf35155d9a7,open,f12a318f-1092-45b1-bec9-5bf35155d9a7
0,a371910d-64df-4362-9c78-943e6cd6ac36,open,a371910d-64df-4362-9c78-943e6cd6ac36
0,86f56568-2af7-44e0-9afb-b6395cf37082,open,86f56568-2af7-44e0-9afb-b6395cf37082
0,0cb7d478-6bad-4f74-b45e-38c43c11ee6a,open,0cb7d478-6bad-4f74-b45e-38c43c11ee6a
0,367f41ca-0a38-485c-8280-cf64c8ec943b,open,367f41ca-0a38-485c-8280-cf64c8ec943b
0,ae403ffb-c815-4ace-8b70-1d0d943fa36b,open,ae403ffb-c815-4ace-8b70-1d0d943fa36b
0,c97ab7aa-0f6d-4f19-8020-3b213dc87f49,open,c97ab7aa-0f6d-4f19-8020-3b213dc87f49
0,85760016-15df-431f-a953-550623753991,open,85760016-15df-431f-a953-550623753991
0,41e093c1-361f-4fb4-9037-7cea4d26ef6c,open,41e093c1-361f-4fb4-9037-7cea4d26ef6c
0,ccb5698f-e13f-420c-9b1b-d5f04a555f84,open,ccb5698f-e13f-420c-9b1b-d5f04a555f84
0,0a154820-1aec-4efe-a4dc-1d3a9eb3a7cf,open,0a154820-1aec-4efe-a4dc-1d3a9eb3a7cf
0,ad4b6c6b-64b9-4b79-8fbc-46e4f06cf884,open,ad4b6c6b-64b9-4b79-8fbc-46e4f06cf884
0,aa4149cb-a38c-4517-a92e-a43251366bc9,open,aa4149cb-a38c-4517-a92e-a43251366bc9
0,4794c839-be0a-41b9-91ac-8cb6c43e6a10,open,4794c839-be0a-41b9-91ac-8cb6c43e6a10
0,45d3d7f9-6536-441d-a7c1-fd581417de46,open,45d3d7f9-6536-441d-a7c1-fd581417de46
0,2caeccec-d57a-446f-a25c-7be2dd8a5455,open,2caeccec-d57a-446f-a25c-7be2dd8a5455
0,2c18ec6d-4585-4ffe-9f02-7afe7729349b,open,2c18ec6d-4585-4ffe-9f02-7afe7729349b
0,1f86241c-5c52-413a-9db4-3311af4319e1,open,1f86241c-5c52-413a-9db4-3311af4319e1
0,1a94618b-9c28-4681-93f2-c7447dd5eded,open,1a94618b-9c28-4681-93f2-c7447dd5eded
0,f501b0fd-7e5d-4d78-a41e-a8be675f13d5,open,f501b0fd-7e5d-4d78-a41e-a8be675f13d5
0,29c7cb09-8e84-4ece-a71c-17267e81ac3c,open,29c7cb09-8e84-4ece-a71c-17267e81ac3c
0,838bf8ee-5cfa-4c9d-86f9-ac41b5061e6b,open,838bf8ee-5cfa-4c9d-86f9-ac41b5061e6b
0,0d17a920-4cb1-48b9-a900-40beddf510b7,open,0d17a920-4cb1-48b9-a900-40beddf510b7
0,d5128758-3bcf-4c8d-8549-f884a2c400eb,open,d5128758-3bcf-4c8d-8549-f884a2c400eb
0,c863b839-0fc5-4a5a-b414-806c1922e660,open,c863b839-0fc5-4a5a-b414-806c1922e660
0,11631b66-306f-452b-a649-5933ffaf3eab,open,11631b66-306f-452b-a649-5933ffaf3eab
0,d4643c74-f9a7-45a1-80e5-cf00b52c4937,open,d4643c74-f9a7-45a1-80e5-cf00b52c4937
0,ba79492f-f6c3-4021-a457-92a06ace0ce9,open,ba79492f-f6c3-4021-a457-92a06ace0ce9
0,59ed5f06-8a33-4107-8ea1-a80f62186df2,open,59ed5f06-8a33-4107-8ea1-a80f62186df2
0,dbc42f00-4528-4e81-ba99-167fa3717639,open,dbc42f00-4528-4e81-ba99-167fa3717639
0,6c138a92-9f10-4aca-b89c-7feb48931b51,open,6c138a92-9f10-4aca-b89c-7feb48931b51
0,cac7f5dc-b7a4-488e-8f4a-3115f6a3540b,open,cac7f5dc-b7a4-488e-8f4a-3115f6a3540b
0,e47f018e-c309-44bb-a06d-7fac954c0707,open,e47f018e-c309-44bb-a06d-7fac954c0707
0,9155828b-1336-4a8a-8287-d0cc45003d8c,open,9155828b-1336-4a8a-8287-d0cc45003d8c
0,dfc4daf5-2c77-4791-aeae-1799bc4e5a27,open,dfc4daf5-2c77-4791-aeae-1799bc4e5a27
0,77c6f470-6a77-4351-b101-6940c011d383,open,77c6f470-6a77-4351-b101-6940c011d383
0,4aff5350-4d92-4b96-901f-ee816c4c09e6,open,4aff5350-4d92-4b96-901f-ee816c4c09e6
0,fabc542d-6a6f-4404-ab37-caa1bd26b1d8,open,fabc542d-6a6f-4404-ab37-caa1bd26b1d8
0,a4a7bd1b-60e5-4d0d-a046-f4baa6165e84,open,a4a7bd1b-60e5-4d0d-a046-f4baa6165e84
0,c121a503-1bc6-4bc1-898b-5784e802b164,open,c121a503-1bc6-4bc1-898b-5784e802b164
0,aed5658d-74ab-44b4-a213-40da933063f0,open,aed5658d-74ab-44b4-a213-40da933063f0
0,121e8343-04df-4350-9a1d-e50ff53c0046,open,121e8343-04df-4350-9a1d-e50ff53c0046
0,c97a9532-d785-411e-89b2-f83871cdbaae,open,c97a9532-d785-411e-89b2-f83871cdbaae
0,a8f05085-8b35-4b4b-a11f-87ecf1240669,open,a8f05085-8b35-4b4b-a11f-87ecf1240669
0,d99ceee4-ffa2-4985-ae45-bc93403db8f1,open,d99ceee4-ffa2-4985-ae45-bc93403db8f1
0,c2e922df-96f5-4b59-88d3-3ac7a137457a,open,c2e922df-96f5-4b59-88d3-3ac7a137457a
0,5f94e9c2-5ea9-42b9-aed9-0702de80d55c,open,5f94e9c2-5ea9-42b9-aed9-0702de80d55c
0,206333ba-c755-4cb5-8613-a7fa965cee02,open,206333ba-c755-4cb5-8613-a7fa965cee02
0,c3faf3fd-a3d9-4c21-ac70-e89542a429bb,open,c3faf3fd-a3d9-4c21-ac70-e89542a429bb
0,c0807411-c152-4561-be5f-4fbae769a46d,open,c0807411-c152-4561-be5f-4fbae769a46d
0,f27ccbda-ea52-421f-8c13-408b71dde5bb,open,f27ccbda-ea52-421f-8c13-408b71dde5bb
0,4510e11f-c903-4b4c-9922-632f6de16354,open,4510e11f-c903-4b4c-9922-632f6de16354
0,930a16cb-0a97-47a4-8c12-effa939be38b,open,930a16cb-0a97-47a4-8c12-effa939be38b
0,fb15b231-6bbc-4018-a4ee-a597483fede4,open,fb15b231-6bbc-4018-a4ee-a597483fede4
0,6bac0219-8906-4f66-9386-262249570ea1,open,6bac0219-8906-4f66-9386-262249570ea1
0,d667f353-30c6-46b3-b9b9-659a0d8ad8a4,open,d667f353-30c6-46b3-b9b9-659a0d8ad8a4
0,af1c842f-580e-4759-bfa7-0869716c996c,open,af1c842f-580e-4759-bfa7-0869716c996c
0,91b529bc-6080-4096-bffb-fa0f3ccad7f6,open,91b529bc-6080-4096-bffb-fa0f3ccad7f6
0,91b92e7f-e5ba-4dba-97b1-a9625a4cfc68,open,91b92e7f-e5ba-4dba-97b1-a9625a4cfc68
0,4f4ff3ec-8fa3-4b98-9577-d9c3143e5c8e,open,4f4ff3ec-8fa3-4b98-9577-d9c3143e5c8e
0,96403613-def0-4359-8829-dbbcc5b7bc83,open,96403613-def0-4359-8829-dbbcc5b7bc83
0,b9d13bc2-243b-4365-97ed-5a57bbb2f368,open,b9d13bc2-243b-4365-97ed-5a57bbb2f368
0,f15b8ad4-5528-4242-99e3-a36ff336cdd1,open,f15b8ad4-5528-4242-99e3-a36ff336cdd1
0,9c907864-836f-40ff-9332-a580fabe068f,open,9c907864-836f-40ff-9332-a580fabe068f
0,4b077f96-4a8a-4025-a964-b584dcc04c25,open,4b077f96-4a8a-4025-a964-b584dcc04c25
0,0e5e25a2-c458-41bd-b0e1-cda02b9efd41,open,0e5e25a2-c458-41bd-b0e1-cda02b9efd41
0,4c06a786-6ac6-4a8d-9171-7e2b31619f21,open,4c06a786-6ac6-4a8d-9171-7e2b31619f21
0,a46985ea-0c5d-4506-bc9e-d31238bf1245,open,a46985ea-0c5d-4506-bc9e-d31238bf1245
0,034ff224-3b21-4429-aa8b-0a2fb343fc55,open,034ff224-3b21-4429-aa8b-0a2fb343fc55
0,cef57050-8a87-4991-97d5-cf60b086ddcf,open,cef57050-8a87-4991-97d5-cf60b086ddcf
0,26e7b31d-8e8b-4d19-a267-3c4df334f9a7,open,26e7b31d-8e8b-4d19-a267-3c4df334f9a7
0,f37aef8c-f76d-48d5-8925-1ca9efe425b7,open,f37aef8c-f76d-48d5-8925-1ca9efe425b7
0,03490a00-cfe1-4dca-a77a-73f6e281b1de,open,03490a00-cfe1-4dca-a77a-73f6e281b1de
0,0cbcb5e7-7e57-4512-8db7-c50f2a075b11,open,0cbcb5e7-7e57-4512-8db7-c50f2a075b11
0,730a6d53-adae-4731-bfbe-c2ff58d17ea8,open,730a6d53-adae-4731-bfbe-c2ff58d17ea8
0,ba13fc4f-da8e-4a54-864f-73046f67b869,open,ba13fc4f-da8e-4a54-864f-73046f67b869
0,a1cc35fc-80a0-49b6-86cd-02b6d3335597,open,a1cc35fc-80a0-49b6-86cd-02b6d3335597
0,4f0ae8d9-4718-4819-af46-5afa7f52ad2e,open,4f0ae8d9-4718-4819-af46-5afa7f52ad2e
0,c78d5190-ac60-4af0-a50a-14183e685b9c,open,c78d5190-ac60-4af0-a50a-14183e685b9c
0,d3480f1c-a301-4799-9d11-afdf81a8bef7,open,d3480f1c-a301-4799-9d11-afdf81a8bef7
0,f75c57f7-021b-47c1-b169-3653c7ae72ee,open,f75c57f7-021b-47c1-b169-3653c7ae72ee
0,89b4b795-8716-4704-830e-91381919399c,open,89b4b795-8716-4704-830e-91381919399c
0,902542d4-5653-4883-97f7-923500a712ee,open,902542d4-5653-4883-97f7-923500a712ee
0,e8a263d7-4230-4bec-92ab-8b80be0000fc,open,e8a263d7-4230-4bec-92ab-8b80be0000fc
0,f4147aba-971f-464b-aa5c-b5c42972962e,open,f4147aba-971f-464b-aa5c-b5c42972962e
0,b0def900-a8c9-463f-ad84-e736faa57170,open,b0def900-a8c9-463f-ad84-e736faa57170
0,a88b63ca-67cb-4506-930f-40f3508192e8,open,a88b63ca-67cb-4506-930f-40f3508192e8
0,6e058ad0-a39b-47d8-b87c-548484ab0a92,open,6e058ad0-a39b-47d8-b87c-548484ab0a92
0,b13677b3-df55-4770-8be9-788a8b15058f,open,b13677b3-df55-4770-8be9-788a8b15058f
0,15fae2f6-8d15-4b2a-84a0-ae0b347db013,open,15fae2f6-8d15-4b2a-84a0-ae0b347db013
0,6e102cfd-0e89-4627-9e42-ff37367a4046,open,6e102cfd-0e89-4627-9e42-ff37367a4046
0,4264ad4d-7bb7-4c7a-a07e-16c865e26df3,open,4264ad4d-7bb7-4c7a-a07e-16c865e26df3
0,36819835-8fc1-4343-89ac-4560ff8f233b,open,36819835-8fc1-4343-89ac-4560ff8f233b
0,38b33d40-4014-4c9d-bff7-5573f6b48e1c,open,38b33d40-4014-4c9d-bff7-5573f6b48e1c
0,a43a72f3-bb2b-4fe5-b23c-325fe0881327,open,a43a72f3-bb2b-4fe5-b23c-325fe0881327
0,bfef0131-bfe0-4e02-9a5e-0758d8ee8b2a,open,bfef0131-bfe0-4e02-9a5e-0758d8ee8b2a
0,93f52ffa-d0e3-4e2b-8e3e-533dac402cc3,open,93f52ffa-d0e3-4e2b-8e3e-533dac402cc3
0,c2ab5b89-111a-453b-81ae-c278e9ec9316,open,c2ab5b89-111a-453b-81ae-c278e9ec9316
0,fc947f27-d318-4201-87c7-46f7da7557c6,open,fc947f27-d318-4201-87c7-46f7da7557c6
0,510ec82f-4d53-4387-95a1-049b5f725e69,open,510ec82f-4d53-4387-95a1-049b5f725e69
0,f794c995-a7c0-4701-b7ec-e478182aeade,open,f794c995-a7c0-4701-b7ec-e478182aeade
0,f4d7696b-ff7a-4478-88c3-51a15251f9cd,open,f4d7696b-ff7a-4478-88c3-51a15251f9cd
0,c01eb946-e57a-4733-bd49-eec2bd1a7a5e,open,c01eb946-e57a-4733-bd49-eec2bd1a7a5e
0,20bdbc53-f2de-4686-9eb7-44c625cd802e,open,20bdbc53-f2de-4686-9eb7-44c625cd802e
0,27d0dfd6-f58e-4194-9638-295f6cbbcaad,open,27d0dfd6-f58e-4194-9638-295f6cbbcaad
0,bd90cc5e-345e-4bbe-adc3-3ebd8723786f,open,bd90cc5e-345e-4bbe-adc3-3ebd8723786f
0,a6045e1f-fc18-439d-8f80-f2ed1c5a0933,open,a6045e1f-fc18-439d-8f80-f2ed1c5a0933
0,c0a1428c-ad97-41a3-88cf-2164e8c27e32,open,c0a1428c-ad97-41a3-88cf-2164e8c27e32
0,0529db1f-a610-474e-8087-e63d13836271,open,0529db1f-a610-474e-8087-e63d13836271
0,efe7e418-69ea-49cd-81ec-98fa898661b4,open,efe7e418-69ea-49cd-81ec-98fa898661b4
0,e31d9c97-337e-456b-b39a-5ce2c1eae7ff,open,e31d9c97-337e-456b-b39a-5ce2c1eae7ff
0,69640f86-5300-4da5-946f-bacde8d03524,open,69640f86-5300-4da5-946f-bacde8d03524
0,64d1e1b9-084c-4def-a758-84cae0864a3a,open,64d1e1b9-084c-4def-a758-84cae0864a3a
0,b833606e-0d65-49e9-a50c-2893f538abc1,open,b833606e-0d65-49e9-a50c-2893f538abc1
0,be949d2f-565c-443c-8454-02d8a9202c9a,open,be949d2f-565c-443c-8454-02d8a9202c9a
0,84d0fb14-66c7-4d54-896e-adc2538fc759,open,84d0fb14-66c7-4d54-896e-adc2538fc759
0,8ed3fbfd-bb70-42c0-bce8-6bafbb0d7f89,open,8ed3fbfd-bb70-42c0-bce8-6bafbb0d7f89
0,e1adf3db-414c-4e19-a0a0-4e0c5915e4bd,open,e1adf3db-414c-4e19-a0a0-4e0c5915e4bd
0,e060159a-a3f2-4037-8117-598c17b77ff8,open,e060159a-a3f2-4037-8117-598c17b77ff8
0,8e30d100-4592-4810-8410-2d26fe7fd3e5,open,8e30d100-4592-4810-8410-2d26fe7fd3e5
0,d99708b4-f61e-48a9-8822-a56943e07369,open,d99708b4-f61e-48a9-8822-a56943e07369
0,eebda5bb-d4e3-4e83-aa53-5dd38d78d42a,open,eebda5bb-d4e3-4e83-aa53-5dd38d78d42a
0,e4d7c748-84e1-4420-8c50-3cc06adb3d2f,open,e4d7c748-84e1-4420-8c50-3cc06adb3d2f
0,96ba8a80-85b7-4772-9c62-43a6baddf5bb,open,96ba8a80-85b7-4772-9c62-43a6baddf5bb
0,58de425a-75de-4e38-8614-373d2cd93b30,open,58de425a-75de-4e38-8614-373d2cd93b30
0,bc344f86-b9be-4b5a-8f59-6e768aaa0e68,open,bc344f86-b9be-4b5a-8f59-6e768aaa0e68
0,daf9afc5-e12e-45ca-af19-d3aff70231b7,open,daf9afc5-e12e-45ca-af19-d3aff70231b7
0,7f0f088a-0276-4d2e-a638-992e7790f7a3,open,7f0f088a-0276-4d2e-a638-992e7790f7a3
0,107a6a2a-6ec2-4943-a694-4b37e9da7376,open,107a6a2a-6ec2-4943-a694-4b37e9da7376
0,c5fca8a4-1516-406c-affb-b5962524c33c,open,c5fca8a4-1516-406c-affb-b5962524c33c
0,310e098d-1765-4aed-9a07-14a59e18f364,open,310e098d-1765-4aed-9a07-14a59e18f364
0,2caef222-3a69-4235-9e9f-573aa867ea12,open,2caef222-3a69-4235-9e9f-573aa867ea12
0,14e90d78-5115-4709-9284-2d3e178f0dd1,open,14e90d78-5115-4709-9284-2d3e178f0dd1
0,9026cc77-2249-4f77-bf88-9acfdf0439fb,open,9026cc77-2249-4f77-bf88-9acfdf0439fb
0,8053c482-17e6-4880-8ba4-1db214f6410f,open,8053c482-17e6-4880-8ba4-1db214f6410f
0,cfcfc0c1-98b8-4517-9a09-a6ee605cfd8c,open,cfcfc0c1-98b8-4517-9a09-a6ee605cfd8c
0,7fa3e58f-2274-4e40-80bd-9572c711ea48,open,7fa3e58f-2274-4e40-80bd-9572c711ea48
0,0d7c57ab-8740-4a59-a487-cdb69085be32,open,0d7c57ab-8740-4a59-a487-cdb69085be32
0,8c121412-4595-4635-b3e0-6229ac2fb096,open,8c121412-4595-4635-b3e0-6229ac2fb096
0,2ac02fb9-42d5-4b58-a464-70e8395bc6d2,open,2ac02fb9-42d5-4b58-a464-70e8395bc6d2
0,23307143-14ac-424a-8eb9-03cb1fa6c3d4,open,23307143-14ac-424a-8eb9-03cb1fa6c3d4
0,577cbdbd-e28e-4b73-9276-2e7dee3dae40,open,577cbdbd-e28e-4b73-9276-2e7dee3dae40
0,f7aa7ed2-15a2-49b7-9769-b01bfd410192,open,f7aa7ed2-15a2-49b7-9769-b01bfd410192
0,20c387ac-2248-4d54-b4f2-6f09e0e4969d,open,20c387ac-2248-4d54-b4f2-6f09e0e4969d
0,1ff72926-3b7a-47fb-b773-6de7fdf24106,open,1ff72926-3b7a-47fb-b773-6de7fdf24106
0,59c9a1a6-d8ea-47a0-8f8a-92f82ce1e7c9,open,59c9a1a6-d8ea-47a0-8f8a-92f82ce1e7c9
0,d06b7b92-b6ff-4a22-aef0-da1d75938a73,open,d06b7b92-b6ff-4a22-aef0-da1d75938a73
0,39a18d18-5ea3-4f18-940d-30749180ca8c,open,39a18d18-5ea3-4f18-940d-30749180ca8c
0,932106f3-462d-4bab-b66d-3f09d00d28be,open,932106f3-462d-4bab-b66d-3f09d00d28be
0,88291a09-6061-4af8-9cf9-df792538beb5,open,88291a09-6061-4af8-9cf9-df792538beb5
0,76d295dc-59bd-45d4-ae0a-be9c1b76132d,open,76d295dc-59bd-45d4-ae0a-be9c1b76132d
0,22d20c3d-51fa-42a8-ad31-9e93b189d156,open,22d20c3d-51fa-42a8-ad31-9e93b189d156
0,38761a87-68d1-4d67-a3f6-aa5cf3ebe434,open,38761a87-68d1-4d67-a3f6-aa5cf3ebe434
0,6dc86515-9daf-4a4d-b1ef-44651e7d8570,open,6dc86515-9daf-4a4d-b1ef-44651e7d8570
0,a92f519e-4fd2-49ed-bc02-5917c5fc5033,open,a92f519e-4fd2-49ed-bc02-5917c5fc5033
0,7edfd8bf-9bf6-4427-8bdb-8239c226597e,open,7edfd8bf-9bf6-4427-8bdb-8239c226597e
0,34b851fc-17a8-418c-80dc-04fcbb83b3f4,open,34b851fc-17a8-418c-80dc-04fcbb83b3f4
0,6e905cc7-c9fe-4841-bf2a-ac0640dbd056,open,6e905cc7-c9fe-4841-bf2a-ac0640dbd056
0,3a83b402-db5d-4d8c-ada8-355cfa11a208,open,3a83b402-db5d-4d8c-ada8-355cfa11a208
0,c2219cf4-74bb-4277-a93d-afc15e1bd952,open,c2219cf4-74bb-4277-a93d-afc15e1bd952
0,92483b6b-2cd2-4a97-b001-353b78702797,open,92483b6b-2cd2-4a97-b001-353b78702797
0,4848e544-48a3-44d5-927a-e87146ca17d6,open,4848e544-48a3-44d5-927a-e87146ca17d6
0,4683aa41-0315-476c-b0f4-935c558bbcf0,open,4683aa41-0315-476c-b0f4-935c558bbcf0
0,048c7c38-b578-45d9-ad3b-36a5350e28c5,open,048c7c38-b578-45d9-ad3b-36a5350e28c5
0,23df5ccd-ef98-46b0-93a5-da5298999f84,open,23df5ccd-ef98-46b0-93a5-da5298999f84
0,9f1c4da8-d65f-4afa-912b-d44a0bb26920,open,9f1c4da8-d65f-4afa-912b-d44a0bb26920
0,4c2c9253-86c6-4e44-bb7f-3243b98cfa7d,open,4c2c9253-86c6-4e44-bb7f-3243b98cfa7d
0,415c4bfa-a618-490b-9c33-437a999ccd59,open,415c4bfa-a618-490b-9c33-437a999ccd59
0,3fe400f4-48a7-4fe0-a542-b47c1f266458,open,3fe400f4-48a7-4fe0-a542-b47c1f266458
0,278a28ed-894c-4edb-ae86-d7c580c7b57c,open,278a28ed-894c-4edb-ae86-d7c580c7b57c
0,3f0e465d-ae23-4c3d-8fa6-8e2fc0c59982,open,3f0e465d-ae23-4c3d-8fa6-8e2fc0c59982
0,d2136a87-9240-43ae-a19c-4a403eeb7416,open,d2136a87-9240-43ae-a19c-4a403eeb7416
0,00bc4e0e-97b0-4c8e-9bd3-46b1b1d65385,open,00bc4e0e-97b0-4c8e-9bd3-46b1b1d65385
0,e671ff07-4142-47d4-b05e-c45cbe66477b,open,e671ff07-4142-47d4-b05e-c45cbe66477b
0,681cd6b0-37cd-4962-9777-82622b2f34b2,open,681cd6b0-37cd-4962-9777-82622b2f34b2
0,b67dd11a-a494-49d8-9791-d65f41bb237a,open,b67dd11a-a494-49d8-9791-d65f41bb237a
0,c25fdd7d-0002-43ae-857b-68c5dad49bae,open,c25fdd7d-0002-43ae-857b-68c5dad49bae
0,bdafa86d-ef8a-4edd-99ac-f626ecdf08b8,open,bdafa86d-ef8a-4edd-99ac-f626ecdf08b8
0,e267576b-2361-43ac-ba57-3836d7635469,open,e267576b-2361-43ac-ba57-3836d7635469
0,5fd901f2-d6d9-41d4-9a74-84b49a82cc90,open,5fd901f2-d6d9-41d4-9a74-84b49a82cc90
0,5a61364b-ef31-4b0b-af30-1980b3d43ae3,open,5a61364b-ef31-4b0b-af30-1980b3d43ae3
0,26f517f8-d956-4d98-a52e-629d2e1a3ded,open,26f517f8-d956-4d98-a52e-629d2e1a3ded
0,2dad8bad-a4f0-4fc1-9afd-93ec0392094e,open,2dad8bad-a4f0-4fc1-9afd-93ec0392094e
0,07465c12-28a3-4501-969f-d3b841dd3c6d,open,07465c12-28a3-4501-969f-d3b841dd3c6d
0,013f5fd2-0a8b-4ce3-a611-8358173ee41d,open,013f5fd2-0a8b-4ce3-a611-8358173ee41d
0,4ebb39bf-7cde-4c1a-965d-86905e99e349,open,4ebb39bf-7cde-4c1a-965d-86905e99e349
0,77b1e2ac-3183-4bc2-bd85-1f431c05aa01,open,77b1e2ac-3183-4bc2-bd85-1f431c05aa01
0,9cb03152-8f7b-4b1b-952b-6c4dc6e10b23,open,9cb03152-8f7b-4b1b-952b-6c4dc6e10b23
0,1b322055-622b-4493-bcb1-27448a5d415a,open,1b322055-622b-4493-bcb1-27448a5d415a
0,b1620b93-2c01-4838-bef6-9d89930a85a8,open,b1620b93-2c01-4838-bef6-9d89930a85a8
0,a333571d-2548-480c-8a44-8bcb132bff4c,open,a333571d-2548-480c-8a44-8bcb132bff4c
0,38ef2d4f-eba6-451d-99da-78f5cb83b712,open,38ef2d4f-eba6-451d-99da-78f5cb83b712
0,496e9411-c556-4244-a0b9-ca66b8db3c26,open,496e9411-c556-4244-a0b9-ca66b8db3c26
0,2cf6e831-2edc-453b-ab1b-8e8a10a0ef2d,open,2cf6e831-2edc-453b-ab1b-8e8a10a0ef2d
0,34f47ff6-94c5-43f7-a596-3af02ae21b9c,open,34f47ff6-94c5-43f7-a596-3af02ae21b9c
0,8644627e-19f7-4a20-a7f5-0c2e31702fd6,open,8644627e-19f7-4a20-a7f5-0c2e31702fd6
0,e034b40c-d66d-473c-9d66-6ddbbb171e6a,open,e034b40c-d66d-473c-9d66-6ddbbb171e6a
0,7be54a5f-92a8-4103-99c9-6c571766d337,open,7be54a5f-92a8-4103-99c9-6c571766d337
0,f8ce8b87-c50b-483c-a5ad-83ae08799e17,open,f8ce8b87-c50b-483c-a5ad-83ae08799e17
0,b6a17c1d-7f72-412b-8e55-fa8569c0ef18,open,b6a17c1d-7f72-412b-8e55-fa8569c0ef18
0,05fc1bf8-49d9-47f5-8bb8-3052bdc62dac,open,05fc1bf8-49d9-47f5-8bb8-3052bdc62dac
0,371d895c-578f-4e70-9ce1-71e74ae031ec,open,371d895c-578f-4e70-9ce1-71e74ae031ec
0,30cb7331-8039-4801-84ae-25e0439a2910,open,30cb7331-8039-4801-84ae-25e0439a2910
0,1943db99-34e2-4f00-9816-7ca19e092a7a,open,1943db99-34e2-4f00-9816-7ca19e092a7a
0,fa59df02-c695-47fc-9fff-e95900f18671,open,fa59df02-c695-47fc-9fff-e95900f18671
0,06b931a5-5687-47dd-860a-e04b575a1f27,open,06b931a5-5687-47dd-860a-e04b575a1f27
0,ce395603-4366-43ab-b52c-1754a201926d,open,ce395603-4366-43ab-b52c-1754a201926d
0,5b6bfaa9-80f1-44c7-8171-acaf8845779b,open,5b6bfaa9-80f1-44c7-8171-acaf8845779b
0,b02d1523-8f3e-4ca0-8057-4f80d870691a,open,b02d1523-8f3e-4ca0-8057-4f80d870691a
0,c9010857-9985-48ee-a34e-23f6b4a56e42,open,c9010857-9985-48ee-a34e-23f6b4a56e42
0,971123c4-1456-4ab7-a9f3-ae9e6253ce87,open,971123c4-1456-4ab7-a9f3-ae9e6253ce87
0,a8e8db49-46be-4e7f-8fdf-ca47d310ddf0,open,a8e8db49-46be-4e7f-8fdf-ca47d310ddf0
0,4bea57ab-4941-4ca2-9f16-ce11b314296e,open,4bea57ab-4941-4ca2-9f16-ce11b314296e
0,0f4795e9-88b8-4791-afb6-0bef37ade777,open,0f4795e9-88b8-4791-afb6-0bef37ade777
0,91bbe4b4-25c0-46e6-b5c3-20c0bde8947f,open,91bbe4b4-25c0-46e6-b5c3-20c0bde8947f
0,23a88041-2fea-47bc-b3d3-6a8af6b15c57,open,23a88041-2fea-47bc-b3d3-6a8af6b15c57
0,e87f45b3-9ea5-4026-ac04-4310b9c59d34,open,e87f45b3-9ea5-4026-ac04-4310b9c59d34
0,b85513e4-a363-4f87-89af-3074f1874f3e,open,b85513e4-a363-4f87-89af-3074f1874f3e
0,93528c76-36cb-46ca-9b05-d7883fb6259d,open,93528c76-36cb-46ca-9b05-d7883fb6259d
0,99d983c9-442f-4625-bf93-e7b54eebe8d5,open,99d983c9-442f-4625-bf93-e7b54eebe8d5
0,8e8d7702-a354-42ea-bf4a-36ed688db31d,open,8e8d7702-a354-42ea-bf4a-36ed688db31d
0,f97bb635-ea02-44fc-83f5-a8722ab8faca,open,f97bb635-ea02-44fc-83f5-a8722ab8faca
0,6f0850b6-d2d8-464a-8dbe-66ad66f38702,open,6f0850b6-d2d8-464a-8dbe-66ad66f38702
0,387eab32-b685-46d6-9c3c-cc4fd39078a0,open,387eab32-b685-46d6-9c3c-cc4fd39078a0
0,d43c14ca-8317-4ad1-89cc-70b060a2dead,open,d43c14ca-8317-4ad1-89cc-70b060a2dead
0,857a2f94-3880-4544-b157-80f9b1e52e63,open,857a2f94-3880-4544-b157-80f9b1e52e63
0,c65839ad-44c4-4035-ab79-d58d4b60c23b,open,c65839ad-44c4-4035-ab79-d58d4b60c23b
0,bedbf0e0-2198-4275-be33-eabd9d96d36a,open,bedbf0e0-2198-4275-be33-eabd9d96d36a
0,3d95cd77-14b1-4134-93f9-4885944591df,open,3d95cd77-14b1-4134-93f9-4885944591df
0,90f8027f-291c-40c8-9680-10858d602a42,open,90f8027f-291c-40c8-9680-10858d602a42
0,9a3fc1f1-b080-461f-9a61-07562e5ab29c,open,9a3fc1f1-b080-461f-9a61-07562e5ab29c
0,2dd33c0b-9946-474e-b1a2-bcb811585931,open,2dd33c0b-9946-474e-b1a2-bcb811585931
0,0bbaee1a-5a60-48c5-b84b-5c6c22475da2,open,0bbaee1a-5a60-48c5-b84b-5c6c22475da2
0,8f62a023-4bb1-4b56-b655-35171c493449,open,8f62a023-4bb1-4b56-b655-35171c493449
0,c81438fb-3b7d-4754-b78d-96a901fd2d05,open,c81438fb-3b7d-4754-b78d-96a901fd2d05
0,2e140da8-3348-463f-9b23-744422b5a258,open,2e140da8-3348-463f-9b23-744422b5a258
0,7e56ac42-ff5c-4a43-a5bc-837e24b98c28,open,7e56ac42-ff5c-4a43-a5bc-837e24b98c28
0,2574638a-e2a9-4d7c-ad03-40946b8972d8,open,2574638a-e2a9-4d7c-ad03-40946b8972d8
0,c1ac1963-a45b-4095-8c66-5e47dc3eaf9e,open,c1ac1963-a45b-4095-8c66-5e47dc3eaf9e
0,ed2762c5-223a-4ca4-87ab-b719825142ea,open,ed2762c5-223a-4ca4-87ab-b719825142ea
0,e408b5c9-e311-4779-a721-b92f2ece5613,open,e408b5c9-e311-4779-a721-b92f2ece5613
0,e98e7503-bccb-4759-93e7-50e4a1df4f61,open,e98e7503-bccb-4759-93e7-50e4a1df4f61
0,13f9da01-41e1-495d-ab87-99348777616c,open,13f9da01-41e1-495d-ab87-99348777616c
0,80d63506-a06c-48a7-9d3d-c2338b4bd743,open,80d63506-a06c-48a7-9d3d-c2338b4bd743
0,429b2e16-6046-4579-b8d4-40873ac04d51,open,429b2e16-6046-4579-b8d4-40873ac04d51
0,e549d419-d11f-4f96-b70f-836774d9704b,open,e549d419-d11f-4f96-b70f-836774d9704b
0,195d92cc-e1b4-42ad-93cd-af7aca10ab9b,open,195d92cc-e1b4-42ad-93cd-af7aca10ab9b
0,d0a82d63-7385-416e-983d-7cfb28bcff32,open,d0a82d63-7385-416e-983d-7cfb28bcff32
0,25a50788-41d8-43ed-a870-710ae17f4a78,open,25a50788-41d8-43ed-a870-710ae17f4a78
0,06ef2b81-de6a-4fd5-a6cf-fbfb54a8e322,open,06ef2b81-de6a-4fd5-a6cf-fbfb54a8e322
0,7417cb0d-7e01-4693-b72d-6b26ed8dd423,open,7417cb0d-7e01-4693-b72d-6b26ed8dd423
0,abe71679-8b72-4089-b02f-2d4da10981da,open,abe71679-8b72-4089-b02f-2d4da10981da
0,34464c37-4407-4a62-b420-387ff68053dc,open,34464c37-4407-4a62-b420-387ff68053dc
0,3e32e866-f3fe-4462-b7cc-a2baf4ba3e6e,open,3e32e866-f3fe-4462-b7cc-a2baf4ba3e6e
0,0a3ba9c6-aa31-41b0-b442-a56560490b58,open,0a3ba9c6-aa31-41b0-b442-a56560490b58
0,d65607e7-76e4-422e-b12b-de44ca9951de,open,d65607e7-76e4-422e-b12b-de44ca9951de
0,5b91a8bf-801d-40a5-b635-c932c9b89d28,open,5b91a8bf-801d-40a5-b635-c932c9b89d28
0,55cd05bc-65e2-493a-8424-3f51674c3bf3,open,55cd05bc-65e2-493a-8424-3f51674c3bf3
0,d79665ba-bbec-4ce0-93df-75f4fb3035a2,open,d79665ba-bbec-4ce0-93df-75f4fb3035a2
0,7679db18-e06c-4af1-afb0-c7aacbf6dc94,open,7679db18-e06c-4af1-afb0-c7aacbf6dc94
0,dd41bf81-2b0b-43c1-a776-cee9a59600b5,open,dd41bf81-2b0b-43c1-a776-cee9a59600b5
0,15825f00-2135-4f81-94b3-698364ee5566,open,15825f00-2135-4f81-94b3-698364ee5566
0,c4502037-5570-40e5-bd0c-52f20844fbf7,open,c4502037-5570-40e5-bd0c-52f20844fbf7
0,61bf8c17-e7cc-4e8d-aab3-bfd03da95073,open,61bf8c17-e7cc-4e8d-aab3-bfd03da95073
0,f5b768fc-7ef8-422a-a52e-e170d3a8a4bd,open,f5b768fc-7ef8-422a-a52e-e170d3a8a4bd
0,0570daa3-24bb-45ef-9905-88334d04e04d,open,0570daa3-24bb-45ef-9905-88334d04e04d
0,46cbd9e0-358f-4526-870f-60efc7b59c6d,open,46cbd9e0-358f-4526-870f-60efc7b59c6d
0,66ad5073-4dc7-4b45-8e20-4dc9d6fb0a85,open,66ad5073-4dc7-4b45-8e20-4dc9d6fb0a85
0,384df20f-d6c2-44ea-9be7-1ea5d80e544b,open,384df20f-d6c2-44ea-9be7-1ea5d80e544b
0,874a98dc-cfec-4753-9f42-4ddb9d5210e9,open,874a98dc-cfec-4753-9f42-4ddb9d5210e9
0,b74f2a4c-d796-4310-90e6-b3a0ee0b7a7b,open,b74f2a4c-d796-4310-90e6-b3a0ee0b7a7b
0,4071b432-76db-4f1c-b978-bc03284b3b46,open,4071b432-76db-4f1c-b978-bc03284b3b46
0,ea1bba8d-d549-4850-9d90-95a823797cca,open,ea1bba8d-d549-4850-9d90-95a823797cca
0,e77e167c-4d6d-4c29-a702-d23e6c46da6b,open,e77e167c-4d6d-4c29-a702-d23e6c46da6b
0,76ff56ef-41e5-4f61-8251-3c25f71ca5bd,open,76ff56ef-41e5-4f61-8251-3c25f71ca5bd
0,7d4dbbf8-26da-450e-be03-41fc370bd9e8,open,7d4dbbf8-26da-450e-be03-41fc370bd9e8
0,64f586c8-c4a2-4d1c-abd5-e0ca536a6954,open,64f586c8-c4a2-4d1c-abd5-e0ca536a6954
0,4ac0869a-4563-4a19-bf19-fed24971d441,open,4ac0869a-4563-4a19-bf19-fed24971d441
0,b521a140-ba9b-4133-9d22-180778ada94e,open,b521a140-ba9b-4133-9d22-180778ada94e
0,92f09d15-6be6-47f6-889e-ef3f86a5ca78,open,92f09d15-6be6-47f6-889e-ef3f86a5ca78
0,f3f46af7-6ec5-4782-bbc2-76612d163fb5,open,f3f46af7-6ec5-4782-bbc2-76612d163fb5
0,cbfde1ee-5bf0-440a-90d1-a45759e81c4f,open,cbfde1ee-5bf0-440a-90d1-a45759e81c4f
0,7ea46c11-b28e-41df-a01d-c0098a2c38f8,open,7ea46c11-b28e-41df-a01d-c0098a2c38f8
0,cf11593a-04cd-499f-be94-eb109f8ea6cb,open,cf11593a-04cd-499f-be94-eb109f8ea6cb
0,e630df51-6bcb-4311-b426-9d45ea8eba36,open,e630df51-6bcb-4311-b426-9d45ea8eba36
0,7d49f942-01fb-4723-93cc-b640c9a8600f,open,7d49f942-01fb-4723-93cc-b640c9a8600f
0,ca3fb58b-ea92-4ef4-9f52-40d57a459d29,open,ca3fb58b-ea92-4ef4-9f52-40d57a459d29
0,fe3ceb38-aecc-4efe-9d3d-2e802bc5efba,open,fe3ceb38-aecc-4efe-9d3d-2e802bc5efba
0,a394a120-f489-4931-b71e-0c1733bad373,open,a394a120-f489-4931-b71e-0c1733bad373
0,1ebc9175-7597-4929-a392-bff0a717e3d5,open,1ebc9175-7597-4929-a392-bff0a717e3d5
0,8d46266c-f824-4d12-a32d-99a3aea58065,open,8d46266c-f824-4d12-a32d-99a3aea58065
0,101f1b49-97da-425a-96d8-e3ead5fdbb5f,open,101f1b49-97da-425a-96d8-e3ead5fdbb5f
0,4b103422-cfea-447e-98e7-a80316c10ccb,open,4b103422-cfea-447e-98e7-a80316c10ccb
0,dba3e40d-ec72-4490-98bc-7eff98b10a77,open,dba3e40d-ec72-4490-98bc-7eff98b10a77
0,2e5863fb-dbe0-4c1f-ab40-c9436b8788bc,open,2e5863fb-dbe0-4c1f-ab40-c9436b8788bc
0,4cd2b01a-4372-49fb-92b1-f266e0e3b9af,open,4cd2b01a-4372-49fb-92b1-f266e0e3b9af
0,9c2b4939-a1b5-4096-bc27-b3c3ae9e2700,open,9c2b4939-a1b5-4096-bc27-b3c3ae9e2700
0,eb673fec-bd11-476f-8ac5-c35d3ce5834a,open,eb673fec-bd11-476f-8ac5-c35d3ce5834a
0,d1ae45dc-ab44-4fbf-a8b2-605203d2dc0e,open,d1ae45dc-ab44-4fbf-a8b2-605203d2dc0e
0,10616e2d-3f89-4de5-ac99-15334270e2f5,open,10616e2d-3f89-4de5-ac99-15334270e2f5
0,6d987d64-5c54-4525-ba2f-cd85902712f3,open,6d987d64-5c54-4525-ba2f-cd85902712f3
0,4565d9b7-302e-4eb4-bb6b-c204c9f74d82,open,4565d9b7-302e-4eb4-bb6b-c204c9f74d82
0,486d06c4-3b2d-4f6e-84d8-1b9616984ecf,open,486d06c4-3b2d-4f6e-84d8-1b9616984ecf
0,d84be801-20ad-4e5d-b68b-ccdbf5494a50,open,d84be801-20ad-4e5d-b68b-ccdbf5494a50
0,f2a71386-fb01-485e-a3ce-427c0423444d,open,f2a71386-fb01-485e-a3ce-427c0423444d
0,0c708766-ee2e-4007-adfb-62921b3ddd98,open,0c708766-ee2e-4007-adfb-62921b3ddd98
0,30254157-5d60-4fd6-aa5b-4874a0b9b2fb,open,30254157-5d60-4fd6-aa5b-4874a0b9b2fb
0,eda1470a-b4c8-4975-b42a-b730bd52bf0f,open,eda1470a-b4c8-4975-b42a-b730bd52bf0f
0,64576ef8-f0a4-4402-a010-f0b6dab3f8d5,open,64576ef8-f0a4-4402-a010-f0b6dab3f8d5
0,7af6afd3-bf72-4020-9040-bfaf312a7de3,open,7af6afd3-bf72-4020-9040-bfaf312a7de3
0,e8329af5-1f73-4365-a0a9-6c2658222f00,open,e8329af5-1f73-4365-a0a9-6c2658222f00
0,2ca9dfdf-52c1-4810-80cd-de240ec18878,open,2ca9dfdf-52c1-4810-80cd-de240ec18878
0,029f70c5-f59b-46fd-a648-bb6feddb6f3e,open,029f70c5-f59b-46fd-a648-bb6feddb6f3e
0,bba91033-ae48-4475-b7d4-5ec586425827,open,bba91033-ae48-4475-b7d4-5ec586425827
0,adc91e8c-7e38-4ba6-8e1b-55352a6e189f,open,adc91e8c-7e38-4ba6-8e1b-55352a6e189f
0,bcf54f74-750a-45b7-bb3c-d985e8706642,open,bcf54f74-750a-45b7-bb3c-d985e8706642
0,0e38020a-bde9-4b1d-991a-1bda3aca26e6,open,0e38020a-bde9-4b1d-991a-1bda3aca26e6
0,7a21bea7-6583-4362-ba44-d25e2633dd23,open,7a21bea7-6583-4362-ba44-d25e2633dd23
0,05785070-8c5b-487e-a051-7cb39e1170ae,open,05785070-8c5b-487e-a051-7cb39e1170ae
0,47cfaff2-1f26-408d-8fa3-92635a926bec,open,47cfaff2-1f26-408d-8fa3-92635a926bec
0,5774f77a-b887-4f58-9840-cb5b9bc9be4e,open,5774f77a-b887-4f58-9840-cb5b9bc9be4e
0,db2f1eef-50fb-41ac-a720-5a5c7376ee3d,open,db2f1eef-50fb-41ac-a720-5a5c7376ee3d
0,98441cc3-bcfe-4255-bf23-0c15eadff129,open,98441cc3-bcfe-4255-bf23-0c15eadff129
0,e99b8af5-82ba-4944-957a-1fa6296eda32,open,e99b8af5-82ba-4944-957a-1fa6296eda32
0,eaeac876-759f-4186-bfb4-0414783e886b,open,eaeac876-759f-4186-bfb4-0414783e886b
0,e8c71fce-af08-47ac-bf91-aa7d8b743da6,open,e8c71fce-af08-47ac-bf91-aa7d8b743da6
0,1cb1b77d-0ef0-4c2e-bc5f-165ebfeb40b8,open,1cb1b77d-0ef0-4c2e-bc5f-165ebfeb40b8
0,ed6bf3e8-b90e-419c-b461-524ed18c70cd,open,ed6bf3e8-b90e-419c-b461-524ed18c70cd
0,c1ff1d98-771b-4e34-a2d1-721fafe15635,open,c1ff1d98-771b-4e34-a2d1-721fafe15635
0,f5460391-49e9-41ad-bf3d-225177ee1b5d,open,f5460391-49e9-41ad-bf3d-225177ee1b5d
0,27bd8585-69ff-4526-b120-81486bfa8ce6,open,27bd8585-69ff-4526-b120-81486bfa8ce6
0,b7187cf5-93a8-42b2-a45b-9e16e6c64abd,open,b7187cf5-93a8-42b2-a45b-9e16e6c64abd
0,828a92bd-d3dd-4a85-88e8-8e3247599a08,open,828a92bd-d3dd-4a85-88e8-8e3247599a08
0,df0f19e8-1510-4b44-a49b-4e59abab2441,open,df0f19e8-1510-4b44-a49b-4e59abab2441
0,5e362482-3e96-4a13-9052-d5d4d8c12779,open,5e362482-3e96-4a13-9052-d5d4d8c12779
0,f7d85434-3909-4e41-8d31-e2d421455c7f,open,f7d85434-3909-4e41-8d31-e2d421455c7f
0,90318716-7fee-497f-87b2-b4a917ed4704,open,90318716-7fee-497f-87b2-b4a917ed4704
0,6c21cc5d-c98c-4113-8e3c-96fa8238d408,open,6c21cc5d-c98c-4113-8e3c-96fa8238d408
0,c24bec56-f190-4ba3-b618-671cdee48280,open,c24bec56-f190-4ba3-b618-671cdee48280
0,83eed1df-a0c6-4fa0-97e8-e501a40b21be,open,83eed1df-a0c6-4fa0-97e8-e501a40b21be
0,46da597a-984a-4d1a-b054-cf791ac9f18b,open,46da597a-984a-4d1a-b054-cf791ac9f18b
0,67824a28-337d-4f40-a27f-c5bb782753cf,open,67824a28-337d-4f40-a27f-c5bb782753cf
0,4bacd781-841d-4e10-b1a9-5b0270552fcd,open,4bacd781-841d-4e10-b1a9-5b0270552fcd
0,7bbd1adb-524d-4cda-8054-43ba3745d336,open,7bbd1adb-524d-4cda-8054-43ba3745d336
0,a3ccc2c5-69c4-483a-86ca-78d241ee639d,open,a3ccc2c5-69c4-483a-86ca-78d241ee639d
0,ccc866f4-40a7-48a6-adf5-87b735552d04,open,ccc866f4-40a7-48a6-adf5-87b735552d04
0,64bcd40d-6f4a-49bd-afe7-f5fd016caf58,open,64bcd40d-6f4a-49bd-afe7-f5fd016caf58
0,83bf8ccc-b9cd-4461-82f1-4bfabab63c55,open,83bf8ccc-b9cd-4461-82f1-4bfabab63c55
0,23089d2d-e6e0-4300-a544-0d44519d9b69,open,23089d2d-e6e0-4300-a544-0d44519d9b69
0,243b26c5-c590-4840-8c3c-f88800f22b50,open,243b26c5-c590-4840-8c3c-f88800f22b50
0,20683dd8-fbdf-44d8-ad5b-5204e551d257,open,20683dd8-fbdf-44d8-ad5b-5204e551d257
0,d9923bca-89e9-4cd8-ade6-d178545b7db7,open,d9923bca-89e9-4cd8-ade6-d178545b7db7
0,7212cfce-f4d0-4de3-a5ba-b3a3b69101b1,open,7212cfce-f4d0-4de3-a5ba-b3a3b69101b1
0,d692d767-9e2e-4f59-965f-e8ab9234210c,open,d692d767-9e2e-4f59-965f-e8ab9234210c
0,ee873b77-95a7-45e8-9dc2-fca0ad610ebc,open,ee873b77-95a7-45e8-9dc2-fca0ad610ebc
0,52a54aae-0131-4416-a397-76247034d2a4,open,52a54aae-0131-4416-a397-76247034d2a4
0,5ddfc4bb-2797-4d0b-8855-c740d0e07269,open,5ddfc4bb-2797-4d0b-8855-c740d0e07269
0,8b20ed78-1061-4874-ac0a-95d976d87277,open,8b20ed78-1061-4874-ac0a-95d976d87277
0,8ac0c517-0375-4388-b315-1f61640f2dec,open,8ac0c517-0375-4388-b315-1f61640f2dec
0,0f5ef789-db88-40c7-8115-6ed52c715170,open,0f5ef789-db88-40c7-8115-6ed52c715170
0,8e805859-7327-4d98-93f0-eed521c7d130,open,8e805859-7327-4d98-93f0-eed521c7d130
0,eba8b3be-7485-4390-9246-3335e87c2ff4,open,eba8b3be-7485-4390-9246-3335e87c2ff4
0,db5ebe13-4042-4d30-a5b8-51a80a9ae628,open,db5ebe13-4042-4d30-a5b8-51a80a9ae628
0,c60c1912-2a47-41fa-a428-57ffa27c1ffb,open,c60c1912-2a47-41fa-a428-57ffa27c1ffb
0,aff8c0a1-f3ef-45bb-94c8-e83499db2f5c,open,aff8c0a1-f3ef-45bb-94c8-e83499db2f5c
0,edd48f8b-9077-4002-830e-2280b11ace05,open,edd48f8b-9077-4002-830e-2280b11ace05
0,393ade44-ba1d-407f-839e-2a2d9ca7263f,open,393ade44-ba1d-407f-839e-2a2d9ca7263f
0,4aa1476f-b600-4609-95b9-13be9d0428e2,open,4aa1476f-b600-4609-95b9-13be9d0428e2
0,e8d88f36-6ddb-45cd-9868-e7d7863a0501,open,e8d88f36-6ddb-45cd-9868-e7d7863a0501
0,685f768f-96e9-474d-9cbe-1f922f9e15ed,open,685f768f-96e9-474d-9cbe-1f922f9e15ed
0,59e691f2-8af3-4f64-8bbe-02578acb8faa,open,59e691f2-8af3-4f64-8bbe-02578acb8faa
0,ad20af69-d9fe-4bc2-a6f4-623953a551a6,open,ad20af69-d9fe-4bc2-a6f4-623953a551a6
0,e2a7821a-ddee-4f04-8282-eba3458e0e33,open,e2a7821a-ddee-4f04-8282-eba3458e0e33
0,4258022b-6df7-4b7f-8b57-614336570966,open,4258022b-6df7-4b7f-8b57-614336570966
0,b627e68b-2ea4-48d8-b5b0-85ef59cc59d5,open,b627e68b-2ea4-48d8-b5b0-85ef59cc59d5
0,f387e940-6db6-4bea-b880-343b422112fe,open,f387e940-6db6-4bea-b880-343b422112fe
0,b8536646-a4cd-4d32-a7d2-252f421426ff,open,b8536646-a4cd-4d32-a7d2-252f421426ff
0,5d298ffe-ee9b-42cb-b86b-dfe322919594,open,5d298ffe-ee9b-42cb-b86b-dfe322919594
0,75752c94-4ad1-4d2e-852c-9e05c3cddfdc,open,75752c94-4ad1-4d2e-852c-9e05c3cddfdc
0,4dd72780-c643-489b-b0bf-7f4a1a996a8b,open,4dd72780-c643-489b-b0bf-7f4a1a996a8b
0,520cf77d-aba2-4760-988c-5894636b6d99,open,520cf77d-aba2-4760-988c-5894636b6d99
0,cc59c22c-c9db-4c49-8c68-e93a1ee7f2a2,open,cc59c22c-c9db-4c49-8c68-e93a1ee7f2a2
0,4033541b-9d2c-4d3a-bceb-f4bc836549a5,open,4033541b-9d2c-4d3a-bceb-f4bc836549a5
0,05b1d690-fee4-47a6-922c-addc77e715a1,open,05b1d690-fee4-47a6-922c-addc77e715a1
0,18311ebb-6526-4701-8051-c0f2aaea412e,open,18311ebb-6526-4701-8051-c0f2aaea412e
0,e3b25001-4358-4537-aa2a-2ee9ff9ca4e7,open,e3b25001-4358-4537-aa2a-2ee9ff9ca4e7
0,f40cb4de-2220-40b4-8b81-6ea00684798e,open,f40cb4de-2220-40b4-8b81-6ea00684798e
0,f10fccff-5235-45f6-9057-877cca541251,open,f10fccff-5235-45f6-9057-877cca541251
0,60889d33-fb5f-44bf-b41a-27a540274f2b,open,60889d33-fb5f-44bf-b41a-27a540274f2b
0,9c66c07f-9dd9-4305-b77d-465ad2f239f3,open,9c66c07f-9dd9-4305-b77d-465ad2f239f3
0,b2c04f57-d54a-4da5-8356-d22ed799ec88,open,b2c04f57-d54a-4da5-8356-d22ed799ec88
0,f8f8448b-c831-4315-b716-3e01d154201a,open,f8f8448b-c831-4315-b716-3e01d154201a
0,27c620e1-83ea-405f-818b-94ab7cc82308,open,27c620e1-83ea-405f-818b-94ab7cc82308
0,dd8a0d28-d469-456d-bb6d-dcbed0b396bd,open,dd8a0d28-d469-456d-bb6d-dcbed0b396bd
0,f7a3b0e1-54af-4819-9516-1bbe78532e4a,open,f7a3b0e1-54af-4819-9516-1bbe78532e4a
0,64e5479f-c1a7-4f39-9d3c-b7bce4789899,open,64e5479f-c1a7-4f39-9d3c-b7bce4789899
0,950829a4-574a-45f6-a1eb-9bf6536af471,open,950829a4-574a-45f6-a1eb-9bf6536af471
0,ed9fa987-1023-456f-98ae-37156417447e,open,ed9fa987-1023-456f-98ae-37156417447e
0,a8ed6e25-98fa-46dc-967b-2c221e087695,open,a8ed6e25-98fa-46dc-967b-2c221e087695
0,e7292a7f-bfc0-4cc8-a230-472045271f8e,open,e7292a7f-bfc0-4cc8-a230-472045271f8e
0,95e2d0a0-2bb7-42bc-a415-6c105f2d9abf,open,95e2d0a0-2bb7-42bc-a415-6c105f2d9abf
0,9bd791df-13ca-4982-9b77-6213045e0d0a,open,9bd791df-13ca-4982-9b77-6213045e0d0a
0,92168a21-844c-46ad-89fd-79e17f87fa37,open,92168a21-844c-46ad-89fd-79e17f87fa37
0,5934bcf8-c8bf-4f3d-8fb3-3dde9a4d7fb0,open,5934bcf8-c8bf-4f3d-8fb3-3dde9a4d7fb0
0,7c149c45-5360-483c-b7bc-b81e92e2a86d,open,7c149c45-5360-483c-b7bc-b81e92e2a86d
0,a8c01f31-38d3-4590-87c2-19ead1f546f2,open,a8c01f31-38d3-4590-87c2-19ead1f546f2
0,12611f04-18e7-4875-9df7-de5a6f9f4947,open,12611f04-18e7-4875-9df7-de5a6f9f4947
0,ff056e9a-f8c8-473f-933c-25146c0737c6,open,ff056e9a-f8c8-473f-933c-25146c0737c6
0,2ad8ca7d-2c76-4ff4-b25b-77af04a6fb28,open,2ad8ca7d-2c76-4ff4-b25b-77af04a6fb28
0,1228221b-1b42-41e2-90c4-ed4884835fd1,open,1228221b-1b42-41e2-90c4-ed4884835fd1
0,dad0431b-a725-4206-afa2-ccc38c6813b4,open,dad0431b-a725-4206-afa2-ccc38c6813b4
0,8fd4e2c7-b6ae-4db6-8bf9-a3760b17c4e9,open,8fd4e2c7-b6ae-4db6-8bf9-a3760b17c4e9
0,c415d960-c733-4832-b120-425f3dcfb60e,open,c415d960-c733-4832-b120-425f3dcfb60e
0,0261d1c9-3856-424f-b0dd-306511767e40,open,0261d1c9-3856-424f-b0dd-306511767e40
0,acb21108-25f7-4e0b-99a1-81aca90e7190,open,acb21108-25f7-4e0b-99a1-81aca90e7190
0,4dd2eec9-cc2e-465f-a784-71d606fb7714,open,4dd2eec9-cc2e-465f-a784-71d606fb7714
0,1a1e6dee-26c4-4d7e-9c13-4ce0482fd4bd,open,1a1e6dee-26c4-4d7e-9c13-4ce0482fd4bd
0,6a95f90c-8ef2-4bed-9e83-2a7db4f2bb36,open,6a95f90c-8ef2-4bed-9e83-2a7db4f2bb36
0,83897562-9190-4d09-85db-4d8723d6415d,open,83897562-9190-4d09-85db-4d8723d6415d
0,51109b2f-6015-42fd-bb8d-50ee5135db77,open,51109b2f-6015-42fd-bb8d-50ee5135db77
0,b85d2d6d-854c-4f48-8dc9-efb3b4323a08,open,b85d2d6d-854c-4f48-8dc9-efb3b4323a08
0,57919e9c-0869-49b7-847b-3654e6cee543,open,57919e9c-0869-49b7-847b-3654e6cee543
0,42e63b9d-30b0-4eb0-bef5-736698402f3f,open,42e63b9d-30b0-4eb0-bef5-736698402f3f
0,8c97e143-6411-48ef-b8f6-c5532e9719ac,open,8c97e143-6411-48ef-b8f6-c5532e9719ac
0,eeaefcf9-50a3-48d3-9283-80af612e28ab,open,eeaefcf9-50a3-48d3-9283-80af612e28ab
0,449e14d7-40cf-48d4-8082-3c5f860a5670,open,449e14d7-40cf-48d4-8082-3c5f860a5670
0,08453202-ca55-431d-86d9-8a1a8a9db844,open,08453202-ca55-431d-86d9-8a1a8a9db844
0,8ad5170b-3d9d-407b-af9b-cf4ca20f0bf7,open,8ad5170b-3d9d-407b-af9b-cf4ca20f0bf7
0,a754f5e2-b0ed-4cfc-b328-39967d0f4523,open,a754f5e2-b0ed-4cfc-b328-39967d0f4523
0,b5fe7e5e-176e-4603-b898-14dd3aca6c02,open,b5fe7e5e-176e-4603-b898-14dd3aca6c02
0,aeea530e-cd08-46a0-8bbf-0acd952e5778,open,aeea530e-cd08-46a0-8bbf-0acd952e5778
0,ae0a45c0-f8e3-412a-ada7-7a9a4008237a,open,ae0a45c0-f8e3-412a-ada7-7a9a4008237a
0,ae91a8ef-9d9f-4345-8126-1f872c61bf34,open,ae91a8ef-9d9f-4345-8126-1f872c61bf34
0,189766ec-6c3b-4573-a3a8-c247c02aa42c,open,189766ec-6c3b-4573-a3a8-c247c02aa42c
0,b2b019eb-fece-4f52-812b-67bc05555a5c,open,b2b019eb-fece-4f52-812b-67bc05555a5c
0,7e5980ec-91c0-4339-89f8-64c42d803304,open,7e5980ec-91c0-4339-89f8-64c42d803304
0,b3af6526-fe16-4e17-94a2-dc216f19cd64,open,b3af6526-fe16-4e17-94a2-dc216f19cd64
0,dcc91df0-eb68-4b20-917f-19b6853b5cee,open,dcc91df0-eb68-4b20-917f-19b6853b5cee
0,47922b63-6397-4c80-ae45-039ab4b0ad7a,open,47922b63-6397-4c80-ae45-039ab4b0ad7a
0,2f1592e2-3e3f-41ea-98c6-4f8eee895f22,open,2f1592e2-3e3f-41ea-98c6-4f8eee895f22
0,ee154148-2ad3-4acc-a2c4-6203e5337271,open,ee154148-2ad3-4acc-a2c4-6203e5337271
0,790540e0-a202-44b7-a7ed-3d57e496e081,open,790540e0-a202-44b7-a7ed-3d57e496e081
0,438a49bf-e721-490f-9125-beeba81e1576,open,438a49bf-e721-490f-9125-beeba81e1576
0,ea5b2442-c143-4122-bdd0-5a042c36e063,open,ea5b2442-c143-4122-bdd0-5a042c36e063
0,1d15e1c8-9a95-495c-94ee-d47b5286c637,open,1d15e1c8-9a95-495c-94ee-d47b5286c637
0,fc20edd0-62c6-4da7-aa89-7537f2410cbf,open,fc20edd0-62c6-4da7-aa89-7537f2410cbf
0,689c4340-533f-41e2-ab26-8a1f873d88e4,open,689c4340-533f-41e2-ab26-8a1f873d88e4
0,27284a0e-589c-4b79-9ec8-a78913d84e71,open,27284a0e-589c-4b79-9ec8-a78913d84e71
0,003d9a0a-e15a-4bbb-90c5-059025efc1de,open,003d9a0a-e15a-4bbb-90c5-059025efc1de
0,8f3ef892-d29f-4f3d-a091-c412255445bc,open,8f3ef892-d29f-4f3d-a091-c412255445bc
0,41d7a1b4-a474-4fc8-b43c-d9a6062e8fe0,open,41d7a1b4-a474-4fc8-b43c-d9a6062e8fe0
0,9f925c96-8b06-4673-81b5-cb355471ce45,open,9f925c96-8b06-4673-81b5-cb355471ce45
0,42d13675-e760-4983-88c3-1d6a0eda2770,open,42d13675-e760-4983-88c3-1d6a0eda2770
0,850effb6-e0b9-44ce-bd84-b7f7a8ddbde3,open,850effb6-e0b9-44ce-bd84-b7f7a8ddbde3
0,42afef34-cb18-4e4a-913b-db10b918597d,open,42afef34-cb18-4e4a-913b-db10b918597d
0,1354d5c6-c858-4420-9d10-152c3c1da6d1,open,1354d5c6-c858-4420-9d10-152c3c1da6d1
0,835cf18b-6331-45be-b427-74bddf2c5ece,open,835cf18b-6331-45be-b427-74bddf2c5ece
0,2eed8c1e-6746-4980-900a-c1f1ff8ae4bd,open,2eed8c1e-6746-4980-900a-c1f1ff8ae4bd
0,ec588d95-1563-49dc-bd8f-ae8cec603f4d,open,ec588d95-1563-49dc-bd8f-ae8cec603f4d
0,69de36f3-27c2-459d-b98e-6972cec5e916,open,69de36f3-27c2-459d-b98e-6972cec5e916
0,0c0f879c-7a22-4a40-9234-2aab3ee7f731,open,0c0f879c-7a22-4a40-9234-2aab3ee7f731
0,a9fc463d-9699-4892-a60d-22d7d2385d35,open,a9fc463d-9699-4892-a60d-22d7d2385d35
0,90545a9c-c586-4056-a26c-b689351e50a9,open,90545a9c-c586-4056-a26c-b689351e50a9
0,3aab142c-e7eb-4ed0-b0e4-1b6901580a50,open,3aab142c-e7eb-4ed0-b0e4-1b6901580a50
0,1e953b13-fa98-4494-9ea9-9001cf4cd7a3,open,1e953b13-fa98-4494-9ea9-9001cf4cd7a3
0,fdf7c652-17d3-4870-8e32-9bc4146d011a,open,fdf7c652-17d3-4870-8e32-9bc4146d011a
0,68dee60e-fa31-441e-b49a-c43f2ca7f82e,open,68dee60e-fa31-441e-b49a-c43f2ca7f82e
0,9d33c8bc-fe72-4ffa-8e2d-8aa5f4b908ff,open,9d33c8bc-fe72-4ffa-8e2d-8aa5f4b908ff
0,9bcbc9a9-be18-4d18-98cc-f9209039865b,open,9bcbc9a9-be18-4d18-98cc-f9209039865b
0,50f327f2-dc67-4d6a-9afb-630a19ba2fd1,open,50f327f2-dc67-4d6a-9afb-630a19ba2fd1
0,a7018765-ce23-4dec-8fa5-78018557cfd3,open,a7018765-ce23-4dec-8fa5-78018557cfd3
0,0e8de7ea-9310-496d-95ae-b54c2f5c2bd8,open,0e8de7ea-9310-496d-95ae-b54c2f5c2bd8
0,5c899d64-249d-4c0c-a729-15efe9203e41,open,5c899d64-249d-4c0c-a729-15efe9203e41
0,4631d926-b594-4abd-86db-24837cdb6931,open,4631d926-b594-4abd-86db-24837cdb6931
0,fbef4cd3-6ce9-4506-a257-dcc944149ab4,open,fbef4cd3-6ce9-4506-a257-dcc944149ab4
0,21774a94-ca4a-4d5e-9aa0-c3e3aca16113,open,21774a94-ca4a-4d5e-9aa0-c3e3aca16113
0,afe6b436-fc27-45bd-befb-b1c6aa34619d,open,afe6b436-fc27-45bd-befb-b1c6aa34619d
0,35d6be3b-752e-41e3-8d7a-083522e85671,open,35d6be3b-752e-41e3-8d7a-083522e85671
0,7c1590eb-c41a-44d7-9c8a-c61f3271ed07,open,7c1590eb-c41a-44d7-9c8a-c61f3271ed07
0,2cac61c5-3198-4c3e-9bff-5bdabeba18c6,open,2cac61c5-3198-4c3e-9bff-5bdabeba18c6
0,ab99aadd-66f0-43b4-b25b-d00334671e8f,open,ab99aadd-66f0-43b4-b25b-d00334671e8f
0,fff98bd7-d882-42e2-98e3-fffb78363c87,open,fff98bd7-d882-42e2-98e3-fffb78363c87
0,d0178301-200f-4a66-933b-2c6e21628e25,open,d0178301-200f-4a66-933b-2c6e21628e25
0,3df1c09a-a4fb-467a-a498-91160b5a2992,open,3df1c09a-a4fb-467a-a498-91160b5a2992
0,4c4ab5ab-0bab-4c66-aa66-4237d7a61d9c,open,4c4ab5ab-0bab-4c66-aa66-4237d7a61d9c
0,ce165fe0-cbd6-42fc-819e-ca97776415f3,open,ce165fe0-cbd6-42fc-819e-ca97776415f3
0,425a3503-df41-4763-892c-e0975f78dfd9,open,425a3503-df41-4763-892c-e0975f78dfd9
0,3186e029-bca4-4175-b4f3-cab94e83c35f,open,3186e029-bca4-4175-b4f3-cab94e83c35f
0,d8ceb485-6675-49b6-a8f5-cae76cdf6fec,open,d8ceb485-6675-49b6-a8f5-cae76cdf6fec
0,748fc081-a251-4a25-a398-48252a5f738e,open,748fc081-a251-4a25-a398-48252a5f738e
0,789c12ea-fc79-472e-96ca-8aec9115b95c,open,789c12ea-fc79-472e-96ca-8aec9115b95c
0,1e709b26-a34b-43ed-a11e-fac0cc13eb31,open,1e709b26-a34b-43ed-a11e-fac0cc13eb31
0,5115029b-f91e-4107-aa6a-866c36aa8a27,open,5115029b-f91e-4107-aa6a-866c36aa8a27
0,cbc0adde-88ea-4cc0-b9a7-b5d43930401b,open,cbc0adde-88ea-4cc0-b9a7-b5d43930401b
0,96913ba5-ef75-469c-a89c-d97622f27c6e,open,96913ba5-ef75-469c-a89c-d97622f27c6e
0,386f69e0-10c1-4c99-a5a8-1518ffce8c39,open,386f69e0-10c1-4c99-a5a8-1518ffce8c39
0,2066cf43-8054-460f-94be-a7fe092ce30c,open,2066cf43-8054-460f-94be-a7fe092ce30c
0,5f79da40-e2cd-4c9e-9d84-8612529ea8dd,open,5f79da40-e2cd-4c9e-9d84-8612529ea8dd
0,4f1ae98f-787d-47cf-95c2-dbfb0203ff85,open,4f1ae98f-787d-47cf-95c2-dbfb0203ff85
0,4d5f7d7c-9e12-4b3a-b8e9-34ec7f8a35f6,open,4d5f7d7c-9e12-4b3a-b8e9-34ec7f8a35f6
0,369106f7-a790-4e5d-810b-304782ddccc4,open,369106f7-a790-4e5d-810b-304782ddccc4
0,1df4d7e0-a4e1-4141-9fff-36425ac565bc,open,1df4d7e0-a4e1-4141-9fff-36425ac565bc
0,c02a9c11-bcda-4f83-9e65-de7d52de6449,open,c02a9c11-bcda-4f83-9e65-de7d52de6449
0,e26b5f76-35bc-4251-8da2-3a877bbb5443,open,e26b5f76-35bc-4251-8da2-3a877bbb5443
0,3a5e1ef8-b24a-4a8c-90f1-df0cec3e69fa,open,3a5e1ef8-b24a-4a8c-90f1-df0cec3e69fa
0,5ba0b264-63d9-4d36-8abb-cc5f3ba64bb0,open,5ba0b264-63d9-4d36-8abb-cc5f3ba64bb0
0,99ad2586-901b-46c5-a989-aae5e19aed7b,open,99ad2586-901b-46c5-a989-aae5e19aed7b
0,d82155f8-14f0-4613-a1b1-8c1404472545,open,d82155f8-14f0-4613-a1b1-8c1404472545
0,26938848-ba25-4e36-831b-09d2262b262a,open,26938848-ba25-4e36-831b-09d2262b262a
0,da9fd0dd-a660-474e-a2fc-1979b79f120d,open,da9fd0dd-a660-474e-a2fc-1979b79f120d
0,621a4245-23c0-4756-a63f-8e42c3ff653c,open,621a4245-23c0-4756-a63f-8e42c3ff653c
0,c926c300-2b6a-4314-b0b5-f18b50e9d1c6,open,c926c300-2b6a-4314-b0b5-f18b50e9d1c6
0,f897b855-5080-4839-9f69-3bc805fb03df,open,f897b855-5080-4839-9f69-3bc805fb03df
0,e873b8c4-778b-4522-9441-49c76c25e483,open,e873b8c4-778b-4522-9441-49c76c25e483
0,a9c67715-6da3-496c-a5de-91483e4fefa4,open,a9c67715-6da3-496c-a5de-91483e4fefa4
0,3582e368-2946-41f9-9ff0-7dbce4db1ab5,open,3582e368-2946-41f9-9ff0-7dbce4db1ab5
0,ba32396a-5483-46c6-9171-51e5f18c33fd,open,ba32396a-5483-46c6-9171-51e5f18c33fd
0,532f3f3b-d0f2-4177-97b3-401d85b7bc92,open,532f3f3b-d0f2-4177-97b3-401d85b7bc92
0,cf8d2098-c733-4acf-b257-b89c564668ac,open,cf8d2098-c733-4acf-b257-b89c564668ac
0,39364bf4-c1e8-4826-a95d-189c324060c5,open,39364bf4-c1e8-4826-a95d-189c324060c5
0,c4b44190-f67a-4d42-bc0b-e29581d79464,open,c4b44190-f67a-4d42-bc0b-e29581d79464
0,eac15a0f-0362-43c4-a746-b81a2fde80dd,open,eac15a0f-0362-43c4-a746-b81a2fde80dd
0,cb70a077-909c-4138-bbb6-b84671306bf7,open,cb70a077-909c-4138-bbb6-b84671306bf7
0,e2c916a2-c693-4ec1-9c98-5fc9da3132a8,open,e2c916a2-c693-4ec1-9c98-5fc9da3132a8
0,60cb8b0c-69e7-421c-9075-617c812a4d09,open,60cb8b0c-69e7-421c-9075-617c812a4d09
0,d7240f2d-6067-42db-a297-11c9fbcb2665,open,d7240f2d-6067-42db-a297-11c9fbcb2665
0,d5743c72-cbb2-4780-ae4f-1bef28ad2c87,open,d5743c72-cbb2-4780-ae4f-1bef28ad2c87
0,1811bd06-9a46-4c6a-a3e9-4abb1f3b4700,open,1811bd06-9a46-4c6a-a3e9-4abb1f3b4700
0,b678807a-5b21-44f6-b9ff-62cf0aaf8423,open,b678807a-5b21-44f6-b9ff-62cf0aaf8423
0,4927bb60-c020-455c-a5db-5c19e81ff5fb,open,4927bb60-c020-455c-a5db-5c19e81ff5fb
0,a4612e3f-8340-4882-903b-91c17cd76004,open,a4612e3f-8340-4882-903b-91c17cd76004
0,27e82392-5e6c-4149-9f8e-d91c3c9895ed,open,27e82392-5e6c-4149-9f8e-d91c3c9895ed
0,efac7efd-eb4b-4156-8990-6978f681af8c,open,efac7efd-eb4b-4156-8990-6978f681af8c
0,5fceb591-3489-41da-83c9-424b7072c7c1,open,5fceb591-3489-41da-83c9-424b7072c7c1
0,343bac39-5153-46d1-bd0c-2d45a9f1e069,open,343bac39-5153-46d1-bd0c-2d45a9f1e069
0,7fef675a-8f48-4153-adc6-8647edcbacc6,open,7fef675a-8f48-4153-adc6-8647edcbacc6
0,eacc7dc7-d0b6-4453-ac2e-76d57db6b956,open,eacc7dc7-d0b6-4453-ac2e-76d57db6b956
0,53a1349c-84a3-48fb-95e1-c8d0e546864f,open,53a1349c-84a3-48fb-95e1-c8d0e546864f
0,67075a54-bc1b-49bb-bce1-ecffa9708fdc,open,67075a54-bc1b-49bb-bce1-ecffa9708fdc
0,a1a56240-c3cd-4805-875a-dd3e3a5fc013,open,a1a56240-c3cd-4805-875a-dd3e3a5fc013
0,13fb61b9-68eb-4d49-a04e-29914abec28e,open,13fb61b9-68eb-4d49-a04e-29914abec28e
0,bd8a8193-592f-4e36-8835-a4a746be1b5d,open,bd8a8193-592f-4e36-8835-a4a746be1b5d
0,59f64def-1e1d-4a78-935f-49f4f8fc71aa,open,59f64def-1e1d-4a78-935f-49f4f8fc71aa
0,02a8d63a-bd3f-4eb5-ae31-5b9dd82688a6,open,02a8d63a-bd3f-4eb5-ae31-5b9dd82688a6
0,9266aec7-9c45-4153-b1b1-81c2f86e76af,open,9266aec7-9c45-4153-b1b1-81c2f86e76af
0,4d86248b-b84b-4fea-8d40-381cc9853418,open,4d86248b-b84b-4fea-8d40-381cc9853418
0,d4789053-7949-4f50-a3a4-3c7308b145e7,open,d4789053-7949-4f50-a3a4-3c7308b145e7
0,c42bb302-5140-49ac-8fec-7ea939b5711d,open,c42bb302-5140-49ac-8fec-7ea939b5711d
0,0dcc699c-7e3c-4aee-9cdb-cd712b487536,open,0dcc699c-7e3c-4aee-9cdb-cd712b487536
0,6b49bdb9-2385-4b51-8803-6bb9c50444fe,open,6b49bdb9-2385-4b51-8803-6bb9c50444fe
0,1964fd1a-f073-4984-8847-b6e1183980c6,open,1964fd1a-f073-4984-8847-b6e1183980c6
0,d8029e64-71d5-4eb6-b717-74869e3ca8cf,open,d8029e64-71d5-4eb6-b717-74869e3ca8cf
0,68b5d124-ae94-4d7e-8050-332fb099a4ed,open,68b5d124-ae94-4d7e-8050-332fb099a4ed
0,30e64547-0c77-46d0-9764-02fbca66a89d,open,30e64547-0c77-46d0-9764-02fbca66a89d
0,ca65eec6-59c1-49b7-916b-372ea1b3c21c,open,ca65eec6-59c1-49b7-916b-372ea1b3c21c
0,0b0d1b30-7fa6-446c-b8d0-79ec7d8015eb,open,0b0d1b30-7fa6-446c-b8d0-79ec7d8015eb
0,58564717-1e09-4af3-be17-379d8acbb07e,open,58564717-1e09-4af3-be17-379d8acbb07e
0,888ccd3c-b1f3-49c4-8292-e33ed5fc53d4,open,888ccd3c-b1f3-49c4-8292-e33ed5fc53d4
0,f9d7284b-9210-4a79-9c20-d533d8f4e8d4,open,f9d7284b-9210-4a79-9c20-d533d8f4e8d4
0,cc9cc22a-13dd-494a-9f9b-c0e471551bd1,open,cc9cc22a-13dd-494a-9f9b-c0e471551bd1
0,e59c929a-f8e4-4226-b493-40ff10e747f5,open,e59c929a-f8e4-4226-b493-40ff10e747f5
0,8c41fff0-3bbd-4d5c-9b7d-4692fe231aba,open,8c41fff0-3bbd-4d5c-9b7d-4692fe231aba
0,b906fe7c-dee3-47db-8714-dc6548f6d1e1,open,b906fe7c-dee3-47db-8714-dc6548f6d1e1
0,cb2839ea-7a93-413d-9ebb-5a140bddeda2,open,cb2839ea-7a93-413d-9ebb-5a140bddeda2
0,4b68301f-0952-4159-bcb2-65c5eb3b4e33,open,4b68301f-0952-4159-bcb2-65c5eb3b4e33
0,63307de4-095c-4799-a277-6e153e85b7f3,open,63307de4-095c-4799-a277-6e153e85b7f3
0,67bdcfa5-7b8e-42c2-8fbf-cb43b7a8a09b,open,67bdcfa5-7b8e-42c2-8fbf-cb43b7a8a09b
0,2d0d8807-a16d-4592-b579-cf281a61272e,open,2d0d8807-a16d-4592-b579-cf281a61272e
0,45a59e1b-b54b-4c92-892b-f3ae72ccad4f,open,45a59e1b-b54b-4c92-892b-f3ae72ccad4f
0,14f5722f-844b-459e-b30b-92a112c9fc26,open,14f5722f-844b-459e-b30b-92a112c9fc26
0,26d2573f-0b19-4bd0-8aa3-898dfe728c55,open,26d2573f-0b19-4bd0-8aa3-898dfe728c55
0,291901cd-8880-49ac-90a3-b0af995a1769,open,291901cd-8880-49ac-90a3-b0af995a1769
0,dc903898-a147-4ca5-af60-893105929dbe,open,dc903898-a147-4ca5-af60-893105929dbe
0,3654b535-e675-4b3a-879e-a22ad307fdcc,open,3654b535-e675-4b3a-879e-a22ad307fdcc
0,3c62e3dc-13a1-4ff2-9997-f0bb6b158f11,open,3c62e3dc-13a1-4ff2-9997-f0bb6b158f11
0,8ac2e829-8d64-4cf9-ae6d-c1c3e71da913,open,8ac2e829-8d64-4cf9-ae6d-c1c3e71da913
0,171b54c7-096a-4d5b-be1d-33bb17c29e31,open,171b54c7-096a-4d5b-be1d-33bb17c29e31
0,271be44a-52b9-421c-8be8-893ff086f44d,open,271be44a-52b9-421c-8be8-893ff086f44d
0,4305399d-b194-400e-8492-fbb6b57f8a28,open,4305399d-b194-400e-8492-fbb6b57f8a28
0,66d3390b-51ec-47a4-aa56-868d04f71546,open,66d3390b-51ec-47a4-aa56-868d04f71546
0,d7eaa46e-c00d-43c3-b30c-cd956a4e9319,open,d7eaa46e-c00d-43c3-b30c-cd956a4e9319
0,6958074c-4e42-4d60-a951-af75b88474a3,open,6958074c-4e42-4d60-a951-af75b88474a3
0,a9aaaf3d-b030-46eb-bb07-47c4cf373b4c,open,a9aaaf3d-b030-46eb-bb07-47c4cf373b4c
0,8177b6ac-7c53-4836-8e23-abf8910da185,open,8177b6ac-7c53-4836-8e23-abf8910da185
0,113f6742-cc36-43d6-9309-9cd53ed06928,open,113f6742-cc36-43d6-9309-9cd53ed06928
0,91706439-4f10-4967-94c1-153cfe1bcc67,open,91706439-4f10-4967-94c1-153cfe1bcc67
0,f32597c1-0fc5-4b4a-91b0-ad995133f8b2,open,f32597c1-0fc5-4b4a-91b0-ad995133f8b2
0,f96cc9fa-4efa-4c40-939d-695c0675eca7,open,f96cc9fa-4efa-4c40-939d-695c0675eca7
0,548f3ad3-74e4-4417-80b6-48fb71d4ea1e,open,548f3ad3-74e4-4417-80b6-48fb71d4ea1e
0,5a05c944-840f-4a9b-8b3f-8f75dd78c998,open,5a05c944-840f-4a9b-8b3f-8f75dd78c998
0,aea4194b-ccbc-44c2-b6fc-7056cb17f607,open,aea4194b-ccbc-44c2-b6fc-7056cb17f607
0,bcfa69e8-9b24-45ac-baef-b2a55d90acf6,open,bcfa69e8-9b24-45ac-baef-b2a55d90acf6
0,1a017ada-4bb3-42c6-bdc4-30f84cad13af,open,1a017ada-4bb3-42c6-bdc4-30f84cad13af
0,43e67b71-90bd-4b95-8c0f-45d3b63dd254,open,43e67b71-90bd-4b95-8c0f-45d3b63dd254
0,cfd7f3e9-3fba-4b11-ac3d-31f3f8ea4ac0,open,cfd7f3e9-3fba-4b11-ac3d-31f3f8ea4ac0
0,825859cd-eaef-483a-a9f0-c64f4c969234,open,825859cd-eaef-483a-a9f0-c64f4c969234
0,3351a2bd-a9a0-4f22-85f0-d8685b8f667c,open,3351a2bd-a9a0-4f22-85f0-d8685b8f667c
0,5bd1e5e2-1059-488d-8626-4e13ea576c23,open,5bd1e5e2-1059-488d-8626-4e13ea576c23
0,5bc2bbfc-2e11-46c8-ac0f-94b846ad920f,open,5bc2bbfc-2e11-46c8-ac0f-94b846ad920f
0,ab4e9c72-0147-4716-98ce-5e94e3051cc2,open,ab4e9c72-0147-4716-98ce-5e94e3051cc2
0,d619b278-0c97-49b4-b0f5-8de2cfc65613,open,d619b278-0c97-49b4-b0f5-8de2cfc65613
0,e20763ad-1e29-448d-8b69-dc978ec4e1f1,open,e20763ad-1e29-448d-8b69-dc978ec4e1f1
0,29c81fc2-c818-4416-a704-8f5db6d1f96c,open,29c81fc2-c818-4416-a704-8f5db6d1f96c
0,ef655bb7-7656-462a-9651-d890e927eaae,open,ef655bb7-7656-462a-9651-d890e927eaae
0,e349f4f2-5539-4eaa-b938-940beb23bd56,open,e349f4f2-5539-4eaa-b938-940beb23bd56
0,e9385491-44e3-4e4c-abce-a51d7b87b0f2,open,e9385491-44e3-4e4c-abce-a51d7b87b0f2
0,531cd74d-f1f7-409e-8508-b0efe8b54999,open,531cd74d-f1f7-409e-8508-b0efe8b54999
0,380ba12f-13fe-4a45-95de-b63fcbecc935,open,380ba12f-13fe-4a45-95de-b63fcbecc935
0,e56e5ca0-d998-46ac-8cf4-9578c6192d98,open,e56e5ca0-d998-46ac-8cf4-9578c6192d98
0,0260f151-e695-414c-b4ae-425473bc3e61,open,0260f151-e695-414c-b4ae-425473bc3e61
0,1d9e3f45-0152-48f1-ab7a-4480f0680a61,open,1d9e3f45-0152-48f1-ab7a-4480f0680a61
0,eac46a92-7de4-435b-a66a-67f9f829fecb,open,eac46a92-7de4-435b-a66a-67f9f829fecb
0,a91fa5e5-be8c-4cca-a408-3a086c8e21d4,open,a91fa5e5-be8c-4cca-a408-3a086c8e21d4
0,6a1c9e76-e890-465b-9393-6083ab07d958,open,6a1c9e76-e890-465b-9393-6083ab07d958
0,4c809ecb-e1cb-4e4a-b3e7-fd0d1d6618bc,open,4c809ecb-e1cb-4e4a-b3e7-fd0d1d6618bc
0,02784654-fbfc-4d41-a3c9-1b72b498486d,open,02784654-fbfc-4d41-a3c9-1b72b498486d
0,534c673c-8497-4d5f-a9ca-4a488be33c15,open,534c673c-8497-4d5f-a9ca-4a488be33c15
0,cd69640f-09ea-4e6d-8482-950b11876474,open,cd69640f-09ea-4e6d-8482-950b11876474
0,7148f619-8da4-44bb-b32f-176c17c1f103,open,7148f619-8da4-44bb-b32f-176c17c1f103
0,e73ffa4f-6a29-448d-be0d-71138f7606a1,open,e73ffa4f-6a29-448d-be0d-71138f7606a1
0,35f18f84-d439-4266-bec3-b41bc08e06c2,open,35f18f84-d439-4266-bec3-b41bc08e06c2
0,54ee20a5-ae0e-4610-91b1-0b4fb82b8b04,open,54ee20a5-ae0e-4610-91b1-0b4fb82b8b04
0,0cc5b6a0-bae4-4273-8f52-434d68413acf,open,0cc5b6a0-bae4-4273-8f52-434d68413acf
0,f1addb71-084f-44f0-85da-301bf11deb38,open,f1addb71-084f-44f0-85da-301bf11deb38
0,258181b5-3b2f-4375-ba1d-bd3cf1be8f05,open,258181b5-3b2f-4375-ba1d-bd3cf1be8f05
0,f141af63-e760-463e-8fdc-3ccea509d9ea,open,f141af63-e760-463e-8fdc-3ccea509d9ea
0,7a3d9892-d428-4c45-b2ce-f337434abf8e,open,7a3d9892-d428-4c45-b2ce-f337434abf8e
0,b66fcc67-d9f2-4df9-aac8-6df0045a641d,open,b66fcc67-d9f2-4df9-aac8-6df0045a641d
0,2ac0f908-7f14-44d0-a390-082f80493c1f,open,2ac0f908-7f14-44d0-a390-082f80493c1f
0,63ebd261-e6cc-4890-b599-19788d9f0ca5,open,63ebd261-e6cc-4890-b599-19788d9f0ca5
0,e09a628e-1249-446b-8c2f-6d8dafd83911,open,e09a628e-1249-446b-8c2f-6d8dafd83911
0,f468ebec-fff0-4270-94a9-530c311136ac,open,f468ebec-fff0-4270-94a9-530c311136ac
0,e7bac25b-b661-4a0a-9a50-8c8df1526c10,open,e7bac25b-b661-4a0a-9a50-8c8df1526c10
0,a504a23a-6fa0-48de-910a-a0f68b6b0aec,open,a504a23a-6fa0-48de-910a-a0f68b6b0aec
0,86d941d6-de92-4eae-8047-91e7b00efe7a,open,86d941d6-de92-4eae-8047-91e7b00efe7a
0,62807b71-476f-44b0-be6f-8e8e413049cf,open,62807b71-476f-44b0-be6f-8e8e413049cf
0,904cc3c1-5104-4375-b8b6-d34c302c8541,open,904cc3c1-5104-4375-b8b6-d34c302c8541
0,01d9ee97-f222-4f22-90e8-7ced97d9cdb1,open,01d9ee97-f222-4f22-90e8-7ced97d9cdb1
0,c1eaae0e-a1f0-4257-bd86-7055b376fe42,open,c1eaae0e-a1f0-4257-bd86-7055b376fe42
0,479a3f6c-08ab-4633-ad88-52a28ce93d63,open,479a3f6c-08ab-4633-ad88-52a28ce93d63
0,1dfbb588-9630-43f5-acd7-3ec686b985bd,open,1dfbb588-9630-43f5-acd7-3ec686b985bd
0,9e2af93e-5d54-4cc7-a5e2-5a264bb31745,open,9e2af93e-5d54-4cc7-a5e2-5a264bb31745
0,5c95dc71-aa73-46cd-8bda-4ce28a9ea88a,open,5c95dc71-aa73-46cd-8bda-4ce28a9ea88a
0,e838e6d9-cd42-4212-b884-815e8aefd02b,open,e838e6d9-cd42-4212-b884-815e8aefd02b
0,41deba83-f02b-4780-8800-db53412b1177,open,41deba83-f02b-4780-8800-db53412b1177
0,31515a55-f160-4cb3-9eaa-51ae2838ffaa,open,31515a55-f160-4cb3-9eaa-51ae2838ffaa
0,c2d80fba-2dcf-4c28-8755-0a8982caca4f,open,c2d80fba-2dcf-4c28-8755-0a8982caca4f
0,6fa950f2-0fa5-4592-b15f-fe77bb0f101d,open,6fa950f2-0fa5-4592-b15f-fe77bb0f101d
0,030d9f51-c52e-4495-94af-395340428368,open,030d9f51-c52e-4495-94af-395340428368
0,514ed280-023b-490f-b824-ed3bd663c972,open,514ed280-023b-490f-b824-ed3bd663c972
0,4673573d-e79f-4e86-b2b5-dafd0def2d85,open,4673573d-e79f-4e86-b2b5-dafd0def2d85
0,5b2e2818-7690-4f24-9ca3-dafa1c16569c,open,5b2e2818-7690-4f24-9ca3-dafa1c16569c
0,5f19c8df-538f-4390-802b-d0970effd63f,open,5f19c8df-538f-4390-802b-d0970effd63f
0,66bba586-a897-48ee-9a3d-773b591c2d75,open,66bba586-a897-48ee-9a3d-773b591c2d75
0,672785c6-9543-400c-ae44-fff01fe38cf1,open,672785c6-9543-400c-ae44-fff01fe38cf1
0,f5a556d4-23ea-4999-b30b-8de32301fdb4,open,f5a556d4-23ea-4999-b30b-8de32301fdb4
0,be7e2da0-a753-480e-b5d3-2472fe2b019d,open,be7e2da0-a753-480e-b5d3-2472fe2b019d
0,6f49b849-d8e7-439f-8d6d-cd49de9eb28f,open,6f49b849-d8e7-439f-8d6d-cd49de9eb28f
0,0bc71143-8e85-47f8-8f6b-22b6b8c1b2a9,open,0bc71143-8e85-47f8-8f6b-22b6b8c1b2a9
0,f0cff2ae-1bad-44f3-9dca-861161d08826,open,f0cff2ae-1bad-44f3-9dca-861161d08826
0,bf9aadf1-708e-4885-94bb-e04d918a1eb7,open,bf9aadf1-708e-4885-94bb-e04d918a1eb7
0,fcee4acc-461d-4960-a84e-f770580e6597,open,fcee4acc-461d-4960-a84e-f770580e6597
0,322683a9-4ebc-4308-a366-f25e1b364246,open,322683a9-4ebc-4308-a366-f25e1b364246
0,a46fece2-5e65-43da-a4a2-f27cb989c828,open,a46fece2-5e65-43da-a4a2-f27cb989c828
0,f63f7744-ed9b-499d-8748-a3e5a9f028c0,open,f63f7744-ed9b-499d-8748-a3e5a9f028c0
0,58c72f89-4075-4ec9-b613-1f1f0f0ffcaa,open,58c72f89-4075-4ec9-b613-1f1f0f0ffcaa
0,5e8a2242-a639-451a-b6bf-a41113b0e41f,open,5e8a2242-a639-451a-b6bf-a41113b0e41f
0,d07ca58f-5eb4-4997-99dd-cdc9c9d45274,open,d07ca58f-5eb4-4997-99dd-cdc9c9d45274
0,22c79165-d1ed-4a55-b864-c926471b8390,open,22c79165-d1ed-4a55-b864-c926471b8390
0,ffa26b8f-a53f-4373-9cf7-5701b7925c43,open,ffa26b8f-a53f-4373-9cf7-5701b7925c43
0,1b42e774-7b82-4e31-a778-60066d87ae99,open,1b42e774-7b82-4e31-a778-60066d87ae99
0,d4d63aed-2748-4d4c-9ebe-88f8972f7d28,open,d4d63aed-2748-4d4c-9ebe-88f8972f7d28
0,a2c0ac78-0c4a-4bef-8890-741e17123327,open,a2c0ac78-0c4a-4bef-8890-741e17123327
0,5b48d031-ebb1-407d-b4a7-b22b058299db,open,5b48d031-ebb1-407d-b4a7-b22b058299db
0,43eb1685-1070-4a76-ade8-c1d3e0bc6fda,open,43eb1685-1070-4a76-ade8-c1d3e0bc6fda
0,9b3f342c-4cef-4d9a-9f35-7eb5551e12a6,open,9b3f342c-4cef-4d9a-9f35-7eb5551e12a6
0,8357c2f3-b353-4787-8adb-da5041b85f9a,open,8357c2f3-b353-4787-8adb-da5041b85f9a
0,68cbfd52-a2b5-4fe0-a9d1-2d49bf61f2d1,open,68cbfd52-a2b5-4fe0-a9d1-2d49bf61f2d1
0,6e88999f-3b41-4f43-b520-c9a9dfa59145,open,6e88999f-3b41-4f43-b520-c9a9dfa59145
0,9cf627a0-6257-490d-a9e5-e1685221dda7,open,9cf627a0-6257-490d-a9e5-e1685221dda7
0,c7ce2ed1-8150-4d87-8960-9252be384103,open,c7ce2ed1-8150-4d87-8960-9252be384103
0,c2022140-fd2f-45ec-9985-d0fb932676f4,open,c2022140-fd2f-45ec-9985-d0fb932676f4
0,92860f6b-f47d-4c4d-9388-8488d8e76bc0,open,92860f6b-f47d-4c4d-9388-8488d8e76bc0
0,69c8347b-c7df-4129-86d6-6f8326d79acc,open,69c8347b-c7df-4129-86d6-6f8326d79acc
0,12d99d6a-63b5-49a1-ace5-4d9a7106bc21,open,12d99d6a-63b5-49a1-ace5-4d9a7106bc21
0,d530c06c-2e39-4006-8f11-261163af739f,open,d530c06c-2e39-4006-8f11-261163af739f
0,11bb5af8-1226-4312-801e-f3714b0aa4c0,open,11bb5af8-1226-4312-801e-f3714b0aa4c0
0,c6ccd64b-caa6-4240-95ae-081f6f7b46ea,open,c6ccd64b-caa6-4240-95ae-081f6f7b46ea
0,db552a15-d6f0-4a2c-b3ba-623f664e7d66,open,db552a15-d6f0-4a2c-b3ba-623f664e7d66
0,6d7e1438-d0c3-4f75-b324-985e385dbbee,open,6d7e1438-d0c3-4f75-b324-985e385dbbee
0,6572f845-0620-4480-9342-c1d9a8977617,open,6572f845-0620-4480-9342-c1d9a8977617
0,11723fe4-6242-4eda-b666-4039456769bf,open,11723fe4-6242-4eda-b666-4039456769bf
0,188e8819-4246-46c5-b393-22820e4cf06a,open,188e8819-4246-46c5-b393-22820e4cf06a
0,de751c44-4017-4415-a0c5-8130d3ef1448,open,de751c44-4017-4415-a0c5-8130d3ef1448
0,84ff7eb9-fc16-44e0-835e-9ef5ca27a942,open,84ff7eb9-fc16-44e0-835e-9ef5ca27a942
0,64f34a38-60d4-47d9-bb2e-8cb61e0cae13,open,64f34a38-60d4-47d9-bb2e-8cb61e0cae13
0,1edb7669-6208-4584-b506-648f4b880176,open,1edb7669-6208-4584-b506-648f4b880176
0,1936571a-9cdb-44d5-8cfa-786191c04cc4,open,1936571a-9cdb-44d5-8cfa-786191c04cc4
0,02a0013e-fed4-4cee-a5a9-49729ca604a5,open,02a0013e-fed4-4cee-a5a9-49729ca604a5
0,c5406cc4-87a2-4eba-a23b-ad1d536b0fc7,open,c5406cc4-87a2-4eba-a23b-ad1d536b0fc7
0,22ecc900-e4db-4c2c-9b3c-f6f0e5dd856e,open,22ecc900-e4db-4c2c-9b3c-f6f0e5dd856e
0,8d92093e-7304-4702-bfe3-c19b2564cd48,open,8d92093e-7304-4702-bfe3-c19b2564cd48
0,4fd86951-1f95-4ceb-873c-5fc2af766946,open,4fd86951-1f95-4ceb-873c-5fc2af766946
0,a36509df-5d8d-4670-afe0-57ce17ba9393,open,a36509df-5d8d-4670-afe0-57ce17ba9393
0,0273b988-1d47-460f-aefc-94cdaabdb1ae,open,0273b988-1d47-460f-aefc-94cdaabdb1ae
0,e716e5ad-cafb-4bfc-b5d0-a381c3fdc2eb,open,e716e5ad-cafb-4bfc-b5d0-a381c3fdc2eb
0,a7e61ad5-03df-4270-bd7e-1e315885e453,open,a7e61ad5-03df-4270-bd7e-1e315885e453
0,700ca4e6-db55-4c5b-8114-48ac69b2ba75,open,700ca4e6-db55-4c5b-8114-48ac69b2ba75
0,c0b84420-84e1-474d-adbe-01a6bf0bc663,open,c0b84420-84e1-474d-adbe-01a6bf0bc663
0,7ab23b64-1162-4792-a74d-4b267ac22c28,open,7ab23b64-1162-4792-a74d-4b267ac22c28
0,48138fe6-8377-426b-b702-634a8feb5fdd,open,48138fe6-8377-426b-b702-634a8feb5fdd
0,2c588c01-9b15-439f-ab42-5b3d0c7088d0,open,2c588c01-9b15-439f-ab42-5b3d0c7088d0
0,69ec969f-02c8-4b3c-9481-dc47676b4fbd,open,69ec969f-02c8-4b3c-9481-dc47676b4fbd
0,4f33c218-52b9-4768-aa6c-40b83d6b87f7,open,4f33c218-52b9-4768-aa6c-40b83d6b87f7
0,2dcae483-e099-4cc5-b6ee-74fea6c00051,open,2dcae483-e099-4cc5-b6ee-74fea6c00051
0,900e2f98-17cf-44d7-bd18-54181f308c5e,open,900e2f98-17cf-44d7-bd18-54181f308c5e
0,d336187b-3069-4798-9afb-5c11001f7f55,open,d336187b-3069-4798-9afb-5c11001f7f55
0,9d0d51c0-8dd2-4872-8e2a-59c1144fba2e,open,9d0d51c0-8dd2-4872-8e2a-59c1144fba2e
0,5c7ba58c-beae-4990-baf6-5ffc4ae2c1e0,open,5c7ba58c-beae-4990-baf6-5ffc4ae2c1e0
0,43301c28-09a9-44f0-90a9-ca136db493fb,open,43301c28-09a9-44f0-90a9-ca136db493fb
0,59f2d284-76ff-4047-acbb-ce7262f572b3,open,59f2d284-76ff-4047-acbb-ce7262f572b3
0,ea58fef1-1713-4554-b3ca-8b86c56208e3,open,ea58fef1-1713-4554-b3ca-8b86c56208e3
0,4cd50a2c-ece4-483d-8c8a-951371fbb054,open,4cd50a2c-ece4-483d-8c8a-951371fbb054
0,9185ef03-877e-4f3d-ae2e-85c31046a28d,open,9185ef03-877e-4f3d-ae2e-85c31046a28d
0,db567bbb-c095-4fc4-b3dc-f63acc36c0af,open,db567bbb-c095-4fc4-b3dc-f63acc36c0af
0,dbf9b6b9-a72e-466c-a550-ad13d29e416e,open,dbf9b6b9-a72e-466c-a550-ad13d29e416e
0,c3e44c58-de8b-4aef-a18e-bc69653a9d0d,open,c3e44c58-de8b-4aef-a18e-bc69653a9d0d
0,17ba318b-d398-4d57-b6ef-c817d9f64389,open,17ba318b-d398-4d57-b6ef-c817d9f64389
0,d551ad7c-e99f-4cc2-b024-3ec040274996,open,d551ad7c-e99f-4cc2-b024-3ec040274996
0,c5a264de-028d-4af2-94a0-7000f62895ab,open,c5a264de-028d-4af2-94a0-7000f62895ab
0,e5c4563e-a092-4236-84bd-dd9e6cb01306,open,e5c4563e-a092-4236-84bd-dd9e6cb01306
0,2f758f7c-2205-4c1e-adbd-5816d8b689fa,open,2f758f7c-2205-4c1e-adbd-5816d8b689fa
0,b7560aba-9807-48ee-9d65-fe0e6f880a0f,open,b7560aba-9807-48ee-9d65-fe0e6f880a0f
0,01eedbe2-7444-4c23-b5b1-c53c1067b639,open,01eedbe2-7444-4c23-b5b1-c53c1067b639
0,b9d55c97-3997-4aab-a5de-c70a8dd101be,open,b9d55c97-3997-4aab-a5de-c70a8dd101be
0,bf0187b6-7e6b-4ca4-87b9-bef815faba77,open,bf0187b6-7e6b-4ca4-87b9-bef815faba77
0,2b9c6712-b4cc-49b9-8f4b-9a447c3c423e,open,2b9c6712-b4cc-49b9-8f4b-9a447c3c423e
0,d7e34daa-2225-4dde-afa2-a9519e8c0e7f,open,d7e34daa-2225-4dde-afa2-a9519e8c0e7f
0,aa346ee6-2993-49af-9fee-3e5c791409ad,open,aa346ee6-2993-49af-9fee-3e5c791409ad
0,7b3a9543-d2b0-481f-a3a1-b852bf5ad68f,open,7b3a9543-d2b0-481f-a3a1-b852bf5ad68f
0,3b5bb569-3004-46f6-95b1-3c45a1d9e78f,open,3b5bb569-3004-46f6-95b1-3c45a1d9e78f
0,d1953672-1dba-4621-b7c9-279d3712bd61,open,d1953672-1dba-4621-b7c9-279d3712bd61
0,1277e835-9e13-4d3c-a36b-595d4d1855b6,open,1277e835-9e13-4d3c-a36b-595d4d1855b6
0,9e4ec417-b412-4684-872e-6204426607ba,open,9e4ec417-b412-4684-872e-6204426607ba
0,cbdfdd9e-23cc-43b9-adcf-1fa92656e061,open,cbdfdd9e-23cc-43b9-adcf-1fa92656e061
0,43a6c7c2-78a8-4b15-8130-a17be3fd2708,open,43a6c7c2-78a8-4b15-8130-a17be3fd2708
0,895dab15-e055-409a-abc1-65a7dd192b58,open,895dab15-e055-409a-abc1-65a7dd192b58
0,5709103a-3f8f-4cc6-936e-a6a22bea5862,open,5709103a-3f8f-4cc6-936e-a6a22bea5862
0,8a36a55b-1be5-4c7c-928e-6ce3cab62603,open,8a36a55b-1be5-4c7c-928e-6ce3cab62603
0,db8cf67f-2b5b-481b-aca2-af049b51db50,open,db8cf67f-2b5b-481b-aca2-af049b51db50
0,a51c4832-1293-4516-8455-aee494100310,open,a51c4832-1293-4516-8455-aee494100310
0,29416d95-f950-4e05-bf07-f2df33c6a7f5,open,29416d95-f950-4e05-bf07-f2df33c6a7f5
0,6ec97867-1a85-4b00-ba6d-e5addc0c93d0,open,6ec97867-1a85-4b00-ba6d-e5addc0c93d0
0,491a7e9f-e760-490b-b7d1-9ad8e8807970,open,491a7e9f-e760-490b-b7d1-9ad8e8807970
0,f16ccd68-a044-4498-880b-d8bbb50cce13,open,f16ccd68-a044-4498-880b-d8bbb50cce13
0,91e78853-4f89-4246-8254-b4db83ac55c8,open,91e78853-4f89-4246-8254-b4db83ac55c8
0,1df6a6ba-e3cd-4e77-86bf-032c03e3a00f,open,1df6a6ba-e3cd-4e77-86bf-032c03e3a00f
0,60fa5721-4c7f-4e03-a6a6-ddd6f3d7edf5,open,60fa5721-4c7f-4e03-a6a6-ddd6f3d7edf5
0,1c62acc5-0090-42db-a4eb-a08ddd13297b,open,1c62acc5-0090-42db-a4eb-a08ddd13297b
0,5952a53e-24c3-4f75-8815-72180c6d74d7,open,5952a53e-24c3-4f75-8815-72180c6d74d7
0,a12a53d2-f97f-4e8a-b1a1-00e1e74bb108,open,a12a53d2-f97f-4e8a-b1a1-00e1e74bb108
0,e8e77172-88c2-4e7c-94d2-0e0293376838,open,e8e77172-88c2-4e7c-94d2-0e0293376838
0,79f15a44-68dc-496c-a180-c7a3acb2400c,open,79f15a44-68dc-496c-a180-c7a3acb2400c
0,2bc1c942-b920-4dc6-a54e-2efde170bdf5,open,2bc1c942-b920-4dc6-a54e-2efde170bdf5
0,a981d375-031d-4f1a-bd82-4995eb581df3,open,a981d375-031d-4f1a-bd82-4995eb581df3
0,78dfbf3a-2251-4772-b66f-037a894787e9,open,78dfbf3a-2251-4772-b66f-037a894787e9
0,fcc84c22-c402-4115-8972-7c9745b6710d,open,fcc84c22-c402-4115-8972-7c9745b6710d
0,932f8bce-3db8-45d3-8744-eab1281686bb,open,932f8bce-3db8-45d3-8744-eab1281686bb
0,9a8ce72b-d8f5-481f-8205-da2c635f2d84,open,9a8ce72b-d8f5-481f-8205-da2c635f2d84
0,1e8b2ed5-1fb4-42fa-b604-0ad50d89a783,open,1e8b2ed5-1fb4-42fa-b604-0ad50d89a783
0,2ea252ba-e217-4f92-87fd-3df4f22e34e1,open,2ea252ba-e217-4f92-87fd-3df4f22e34e1
0,adf9d672-f435-4b85-a3f7-8963211e0f41,open,adf9d672-f435-4b85-a3f7-8963211e0f41
0,f68cbe86-c8d3-4c1a-a30d-ae5e6c6dbd43,open,f68cbe86-c8d3-4c1a-a30d-ae5e6c6dbd43
0,90b917fc-dac4-4710-91b7-eaa1adec263f,open,90b917fc-dac4-4710-91b7-eaa1adec263f
0,f49f4462-24f0-4e60-9670-65adb06c216b,open,f49f4462-24f0-4e60-9670-65adb06c216b
0,c4379038-5334-4f4a-b9da-d820eb9bf474,open,c4379038-5334-4f4a-b9da-d820eb9bf474
0,0e810d6d-bdff-4957-9a4a-8d012e51aeff,open,0e810d6d-bdff-4957-9a4a-8d012e51aeff
0,1ab2bcb6-b69d-484f-8bbe-912ca4a35916,open,1ab2bcb6-b69d-484f-8bbe-912ca4a35916
0,65008599-52e3-4564-9c00-928ea7f40c3e,open,65008599-52e3-4564-9c00-928ea7f40c3e
0,08ea78ec-2cc4-422f-9878-51d6fbbb77c1,open,08ea78ec-2cc4-422f-9878-51d6fbbb77c1
0,3f0f84cc-2fe4-45cc-8ad2-4ad75d375c12,open,3f0f84cc-2fe4-45cc-8ad2-4ad75d375c12
0,e50322b9-2af9-4072-aacd-05984265912d,open,e50322b9-2af9-4072-aacd-05984265912d
0,038517aa-afe1-4db8-95fa-fac0563b28de,open,038517aa-afe1-4db8-95fa-fac0563b28de
0,49f6bb76-c64b-4ba3-8267-ecab39e24160,open,49f6bb76-c64b-4ba3-8267-ecab39e24160
0,0a488c0b-8933-4385-8b6f-035d660b41bd,open,0a488c0b-8933-4385-8b6f-035d660b41bd
0,4df40c9f-e562-47ac-bfff-4e5bf8190e00,open,4df40c9f-e562-47ac-bfff-4e5bf8190e00
0,3fa297f1-5365-4f53-89aa-6e8b519de9f0,open,3fa297f1-5365-4f53-89aa-6e8b519de9f0
0,4e0cb5de-ca17-4b54-99e8-1071d4ac8ad9,open,4e0cb5de-ca17-4b54-99e8-1071d4ac8ad9
0,3270fbac-11e4-41b1-ae92-89282b64bdb2,open,3270fbac-11e4-41b1-ae92-89282b64bdb2
0,25cc264f-cb28-4c92-b0cd-9e7f651e60a8,open,25cc264f-cb28-4c92-b0cd-9e7f651e60a8
0,aa4d3fe0-5097-4870-bb20-242ffc5b369c,open,aa4d3fe0-5097-4870-bb20-242ffc5b369c
0,6204391c-3276-41c1-87aa-d44f4964c20a,open,6204391c-3276-41c1-87aa-d44f4964c20a
0,efecd71b-61f0-4641-8f4a-e3d5ef128f2e,open,efecd71b-61f0-4641-8f4a-e3d5ef128f2e
0,20005591-fce8-42a7-b024-01723834dde7,open,20005591-fce8-42a7-b024-01723834dde7
0,4073d627-8078-4918-8dd6-785c5ff3e889,open,4073d627-8078-4918-8dd6-785c5ff3e889
0,8843e791-7609-4293-974d-661cc645486d,open,8843e791-7609-4293-974d-661cc645486d
0,cfcdbb95-601b-4cde-9acf-431d3483fce1,open,cfcdbb95-601b-4cde-9acf-431d3483fce1
0,7dddcb46-29f0-4e00-bc3b-c91617a42ec2,open,7dddcb46-29f0-4e00-bc3b-c91617a42ec2
0,2c5c18e8-ad93-4973-8a6d-7473cc428cc7,open,2c5c18e8-ad93-4973-8a6d-7473cc428cc7
0,1aa93afb-b4c8-4c94-bc47-1438641e458e,open,1aa93afb-b4c8-4c94-bc47-1438641e458e
0,1f15ff49-3940-4c73-a13e-c52110253ab3,open,1f15ff49-3940-4c73-a13e-c52110253ab3
0,3f148469-92ec-485b-b16b-4c8ac117cb83,open,3f148469-92ec-485b-b16b-4c8ac117cb83
0,924b0a51-6d45-40c2-b91c-d9cb2bb7ebb6,open,924b0a51-6d45-40c2-b91c-d9cb2bb7ebb6
0,99f5691b-84b6-4a44-87ab-fb8430693ccb,open,99f5691b-84b6-4a44-87ab-fb8430693ccb
0,4046b920-14ed-4b54-b105-ff45f239002f,open,4046b920-14ed-4b54-b105-ff45f239002f
0,32d1fa77-e55c-49e7-bbaa-ef965a6b76b7,open,32d1fa77-e55c-49e7-bbaa-ef965a6b76b7
0,b0448f7b-0d7f-4ff9-a8e3-0d52f3223c67,open,b0448f7b-0d7f-4ff9-a8e3-0d52f3223c67
0,7e654af0-93b7-4dc4-b4ad-70783d8b82ed,open,7e654af0-93b7-4dc4-b4ad-70783d8b82ed
0,e3fa7aa1-e4b1-4f7a-a3fa-34c1768bf3fc,open,e3fa7aa1-e4b1-4f7a-a3fa-34c1768bf3fc
0,e0fe30d0-2010-46c6-ac06-ba6dd36b8f86,open,e0fe30d0-2010-46c6-ac06-ba6dd36b8f86
0,afb58895-d0ab-4354-ba87-f6f142975d59,open,afb58895-d0ab-4354-ba87-f6f142975d59
0,5792e53f-0b6a-420e-9477-9f9455e87277,open,5792e53f-0b6a-420e-9477-9f9455e87277
0,b58b1f95-046e-422c-b174-fff58da2f689,open,b58b1f95-046e-422c-b174-fff58da2f689
0,cf59fa35-e751-48bd-9f50-c9386a451908,open,cf59fa35-e751-48bd-9f50-c9386a451908
0,43b0111f-997a-49d0-8af3-a79e15ee280f,open,43b0111f-997a-49d0-8af3-a79e15ee280f
0,743227b0-c22c-49bf-9e15-b3bf05ea5495,open,743227b0-c22c-49bf-9e15-b3bf05ea5495
0,324c4506-8bf0-48db-8df8-1d0e08e7b392,open,324c4506-8bf0-48db-8df8-1d0e08e7b392
0,062b59fe-0252-4233-9bea-13dd397a0dd1,open,062b59fe-0252-4233-9bea-13dd397a0dd1
0,ba2dea48-33a4-483c-9906-67714ca3ed37,open,ba2dea48-33a4-483c-9906-67714ca3ed37
0,402ae72d-28ff-4f4b-bbc1-56a5b8993bbf,open,402ae72d-28ff-4f4b-bbc1-56a5b8993bbf
0,a03199ad-a6fb-4928-9d63-9d475255f577,open,a03199ad-a6fb-4928-9d63-9d475255f577
0,de1ee0e3-c59f-4af8-ae65-c4c4f7a18c73,open,de1ee0e3-c59f-4af8-ae65-c4c4f7a18c73
0,c8a4601f-d0b2-439c-a195-e62165137d9d,open,c8a4601f-d0b2-439c-a195-e62165137d9d
0,8d93c420-b387-4984-accd-810c64076349,open,8d93c420-b387-4984-accd-810c64076349
0,2a55166e-1824-4c5d-9ad2-ea3f218efec2,open,2a55166e-1824-4c5d-9ad2-ea3f218efec2
0,4c30fd47-98bb-45f0-ae3b-f0a3aeaed5f1,open,4c30fd47-98bb-45f0-ae3b-f0a3aeaed5f1
0,9ee213f6-6312-4039-b845-9a1beba2c721,open,9ee213f6-6312-4039-b845-9a1beba2c721
0,4303019a-db64-4d39-860d-321a20ae8f9b,open,4303019a-db64-4d39-860d-321a20ae8f9b
0,13dc906a-aee1-491d-a927-ef072a2106ee,open,13dc906a-aee1-491d-a927-ef072a2106ee
0,01d61d99-b9fe-4095-8dbf-80f2b77ed311,open,01d61d99-b9fe-4095-8dbf-80f2b77ed311
0,56b4b84a-caed-4df6-a6f2-27444ace984a,open,56b4b84a-caed-4df6-a6f2-27444ace984a
0,e0f3bf9c-7663-4571-bdab-7889bc297750,open,e0f3bf9c-7663-4571-bdab-7889bc297750
0,9c031744-3a32-4cd7-852a-de1de78cb499,open,9c031744-3a32-4cd7-852a-de1de78cb499
0,64674237-6a08-444a-aa59-90ba98a9b736,open,64674237-6a08-444a-aa59-90ba98a9b736
0,24ba3ef1-24a4-4b57-8079-898a80ec6bb8,open,24ba3ef1-24a4-4b57-8079-898a80ec6bb8
0,1332bf0c-6123-407b-abf7-436485258a40,open,1332bf0c-6123-407b-abf7-436485258a40
0,74dc27ca-9cac-4854-8754-62e8ce59e296,open,74dc27ca-9cac-4854-8754-62e8ce59e296
0,26de5c9f-0177-438a-812a-df954ef0290b,open,26de5c9f-0177-438a-812a-df954ef0290b
0,39c19ae2-4c8a-4efa-8398-bcd2b8226031,open,39c19ae2-4c8a-4efa-8398-bcd2b8226031
0,506d0681-a87c-4aa6-9559-bbfa600f6c80,open,506d0681-a87c-4aa6-9559-bbfa600f6c80
0,2416247f-6d35-459c-a5fb-48fa0522d18b,open,2416247f-6d35-459c-a5fb-48fa0522d18b
0,4153bf7a-d245-473a-a03d-696b3ea5fe5d,open,4153bf7a-d245-473a-a03d-696b3ea5fe5d
0,80fe3742-0b63-4c08-8fad-c650f0c1f962,open,80fe3742-0b63-4c08-8fad-c650f0c1f962
0,fe561b2c-7d77-4c7d-8ece-b0bb56fa6704,open,fe561b2c-7d77-4c7d-8ece-b0bb56fa6704
0,d0b2c10f-89a0-47d4-9d8c-ed4f7526e5bc,open,d0b2c10f-89a0-47d4-9d8c-ed4f7526e5bc
0,34519e07-0930-4432-ac3a-d66f1685d8b6,open,34519e07-0930-4432-ac3a-d66f1685d8b6
0,b57cc8d0-645f-42c9-a351-a2cf140ed100,open,b57cc8d0-645f-42c9-a351-a2cf140ed100
0,d1ce9209-5d9f-4964-a1bf-ded7791dda55,open,d1ce9209-5d9f-4964-a1bf-ded7791dda55
0,bb9585a5-f893-42e9-a21a-ea90420e746f,open,bb9585a5-f893-42e9-a21a-ea90420e746f
0,2e92ad24-2f41-4acb-9c99-4fbe7e910766,open,2e92ad24-2f41-4acb-9c99-4fbe7e910766
0,9d894375-b4e4-47e9-a2b0-a7ac6622e465,open,9d894375-b4e4-47e9-a2b0-a7ac6622e465
0,5ae17fe2-6e73-48cd-b0bd-81885e749d22,open,5ae17fe2-6e73-48cd-b0bd-81885e749d22
0,6e22aa53-1bdf-41fe-a491-db85ab95f99b,open,6e22aa53-1bdf-41fe-a491-db85ab95f99b
0,3eaa0c14-441b-436f-a00c-5dad01359fd7,open,3eaa0c14-441b-436f-a00c-5dad01359fd7
0,f633ddc1-eaf4-4bda-8364-2deafc90021e,open,f633ddc1-eaf4-4bda-8364-2deafc90021e
0,455fdd5e-f8eb-4fc2-8d17-ac18ab73ec67,open,455fdd5e-f8eb-4fc2-8d17-ac18ab73ec67
0,fea33d1c-aea6-40e3-aaab-1827abd0fbbf,open,fea33d1c-aea6-40e3-aaab-1827abd0fbbf
0,72a2d6a0-c895-4fc7-89bd-19d635529877,open,72a2d6a0-c895-4fc7-89bd-19d635529877
0,04fd3dd9-59de-4610-b1d6-e5cfc2af82d3,open,04fd3dd9-59de-4610-b1d6-e5cfc2af82d3
0,f07633e0-4e38-430b-9bb7-aad8d0ee0049,open,f07633e0-4e38-430b-9bb7-aad8d0ee0049
0,31cd5bfe-95d3-4813-9728-9276ea55deb2,open,31cd5bfe-95d3-4813-9728-9276ea55deb2
0,dbe62f5e-063d-454a-b8d5-4eedd261ad64,open,dbe62f5e-063d-454a-b8d5-4eedd261ad64
0,3569f0e1-1577-424c-ae64-d6a76ccb0474,open,3569f0e1-1577-424c-ae64-d6a76ccb0474
0,021036c3-6d41-4330-853a-0c1e5eac4eb8,open,021036c3-6d41-4330-853a-0c1e5eac4eb8
0,5625ecdf-4ef9-4078-8c0b-8bf5a9e3e97e,open,5625ecdf-4ef9-4078-8c0b-8bf5a9e3e97e
0,7d713144-0d50-4845-91cf-31a1144a5dd0,open,7d713144-0d50-4845-91cf-31a1144a5dd0
0,81f62091-c547-4b2a-bac9-389e93972b1d,open,81f62091-c547-4b2a-bac9-389e93972b1d
0,8d236eec-5d8f-451f-bfe6-b21a2667dcc1,open,8d236eec-5d8f-451f-bfe6-b21a2667dcc1
0,7b2a95d0-5082-44af-9e1b-8fa08dc71c8c,open,7b2a95d0-5082-44af-9e1b-8fa08dc71c8c
0,55b9bdff-19d6-4514-819f-fb852b92799b,open,55b9bdff-19d6-4514-819f-fb852b92799b
0,be11990a-d87f-421e-bb28-81d80a0cc3f1,open,be11990a-d87f-421e-bb28-81d80a0cc3f1
0,e07e3b48-0aa8-40d2-9887-02ccb59404a3,open,e07e3b48-0aa8-40d2-9887-02ccb59404a3
0,2a52bc53-b0ce-461d-9c87-edd2132b5b59,open,2a52bc53-b0ce-461d-9c87-edd2132b5b59
0,829dff17-5d31-4bc4-9f62-b19b482f703e,open,829dff17-5d31-4bc4-9f62-b19b482f703e
0,544479f2-7922-49f3-9464-3676431be33f,open,544479f2-7922-49f3-9464-3676431be33f
0,a523f09e-551e-4e2a-8f9d-117b38e15b29,open,a523f09e-551e-4e2a-8f9d-117b38e15b29
0,d19fd2d4-7683-4cf2-b6d2-3ba44b296b98,open,d19fd2d4-7683-4cf2-b6d2-3ba44b296b98
0,07fb7a68-1ea0-4b9a-85e7-aa971502fa97,open,07fb7a68-1ea0-4b9a-85e7-aa971502fa97
0,6e216745-6c76-4b4d-a43e-d1758859fee9,open,6e216745-6c76-4b4d-a43e-d1758859fee9
0,5dda75f3-b5e9-4957-b80d-4924faf7ebc5,open,5dda75f3-b5e9-4957-b80d-4924faf7ebc5
0,ef864221-0b7b-438e-91ff-f9721e8c4368,open,ef864221-0b7b-438e-91ff-f9721e8c4368
0,93fedf0c-d3b2-4207-ba23-ecaf059d3df5,open,93fedf0c-d3b2-4207-ba23-ecaf059d3df5
0,76141aa6-2a14-491b-994c-49f43e189c2b,open,76141aa6-2a14-491b-994c-49f43e189c2b
0,18527c89-0305-4010-b711-42bd3851e394,open,18527c89-0305-4010-b711-42bd3851e394
0,5d1f4bc6-a2d1-4383-bee1-2bb6ddebdf0f,open,5d1f4bc6-a2d1-4383-bee1-2bb6ddebdf0f
0,585950b1-76a6-4d6f-a6cd-96c0d0cecc3c,open,585950b1-76a6-4d6f-a6cd-96c0d0cecc3c
0,04688466-d0dd-40c8-ac3d-4c992425b3d5,open,04688466-d0dd-40c8-ac3d-4c992425b3d5
0,2d5aca32-6ae9-43ec-bb14-b332625f7b46,open,2d5aca32-6ae9-43ec-bb14-b332625f7b46
0,2f25d5a2-324e-4c6b-92ec-86efa31d799c,open,2f25d5a2-324e-4c6b-92ec-86efa31d799c
0,05b3c7cb-143d-4392-b0fc-1601c768edca,open,05b3c7cb-143d-4392-b0fc-1601c768edca
0,4342c319-ba3b-48d3-b348-45366a977f2d,open,4342c319-ba3b-48d3-b348-45366a977f2d
0,1149ac67-f8cb-4641-9a70-edea9526eac5,open,1149ac67-f8cb-4641-9a70-edea9526eac5
0,6d4d5ede-0881-4c22-a96c-28fdf8ee5f58,open,6d4d5ede-0881-4c22-a96c-28fdf8ee5f58
0,5d6cd124-eba6-40fa-a1f4-4c3813f15f00,open,5d6cd124-eba6-40fa-a1f4-4c3813f15f00
0,463af4e3-ebb8-4f08-8e9f-82c65cf25ec0,open,463af4e3-ebb8-4f08-8e9f-82c65cf25ec0
0,9eeb0d9f-2186-4b64-a145-3fa8a228ab29,open,9eeb0d9f-2186-4b64-a145-3fa8a228ab29
0,786cbaed-3354-43ff-8d1e-b6a317694ed6,open,786cbaed-3354-43ff-8d1e-b6a317694ed6
0,9f9f948a-ea26-46e7-803d-65df2c4ec6bc,open,9f9f948a-ea26-46e7-803d-65df2c4ec6bc
0,1fa6181a-0447-4b03-99f4-77cdaf1d32f9,open,1fa6181a-0447-4b03-99f4-77cdaf1d32f9
0,a09a469e-b9ff-46fb-83ea-9ffd1fdbddcd,open,a09a469e-b9ff-46fb-83ea-9ffd1fdbddcd
0,1636ab43-47ca-4694-a481-f43995e2016d,open,1636ab43-47ca-4694-a481-f43995e2016d
0,a0accab9-34c1-45c9-aded-f00374265c01,open,a0accab9-34c1-45c9-aded-f00374265c01
0,28fde9b0-b4a5-4f97-a7a9-9a4f70917970,open,28fde9b0-b4a5-4f97-a7a9-9a4f70917970
0,23f3e48e-d355-4880-b4a2-e215d369ab35,open,23f3e48e-d355-4880-b4a2-e215d369ab35
0,8381577b-25f6-43fb-8c4a-aa2848ac6cf7,open,8381577b-25f6-43fb-8c4a-aa2848ac6cf7
0,be189d3d-3e37-4a07-aec6-184db0518108,open,be189d3d-3e37-4a07-aec6-184db0518108
0,866f1e5f-3431-4dc5-b57d-d459829d5b19,open,866f1e5f-3431-4dc5-b57d-d459829d5b19
0,b8d37df1-ff97-4e17-b702-ca33086c00d0,open,b8d37df1-ff97-4e17-b702-ca33086c00d0
0,839d8513-929a-4440-9253-ba7d79f09512,open,839d8513-929a-4440-9253-ba7d79f09512
0,187b4050-aadb-4643-ba4c-ba06822458df,open,187b4050-aadb-4643-ba4c-ba06822458df
0,e0414061-5b15-4ded-8939-1e132a8a3c8a,open,e0414061-5b15-4ded-8939-1e132a8a3c8a
0,9f6c501c-bf3b-45f4-b50e-62fa124d961e,open,9f6c501c-bf3b-45f4-b50e-62fa124d961e
0,12e5630b-12c2-44bf-823d-b0cbd414acb0,open,12e5630b-12c2-44bf-823d-b0cbd414acb0
0,24c3d770-cccc-4231-9da2-5d7d7efa64f8,open,24c3d770-cccc-4231-9da2-5d7d7efa64f8
0,406ffa1b-608b-49b1-b738-1ff9fb5b9853,open,406ffa1b-608b-49b1-b738-1ff9fb5b9853
0,eaefc9eb-443a-4572-b4b6-9f19d663132d,open,eaefc9eb-443a-4572-b4b6-9f19d663132d
0,e785e4a6-1897-425b-877e-ebaced2684c9,open,e785e4a6-1897-425b-877e-ebaced2684c9
0,39f7ddec-b26a-4f44-8697-5c26a3583465,open,39f7ddec-b26a-4f44-8697-5c26a3583465
0,38da8acc-4546-40c7-943c-6a15a622d531,open,38da8acc-4546-40c7-943c-6a15a622d531
0,4ee0534b-ac17-4e14-9fc6-feded15338f3,open,4ee0534b-ac17-4e14-9fc6-feded15338f3
0,27d56c27-4a72-4194-b793-bb5c5dafffcb,open,27d56c27-4a72-4194-b793-bb5c5dafffcb
0,79a8dbd5-6363-45dd-b8af-854a15ae234f,open,79a8dbd5-6363-45dd-b8af-854a15ae234f
0,88240171-d221-496e-9a16-686d59d768f0,open,88240171-d221-496e-9a16-686d59d768f0
0,34eff0b7-e81e-4f89-a82f-1f11eef514ed,open,34eff0b7-e81e-4f89-a82f-1f11eef514ed
0,4c8ca3ed-6a5b-4547-9a4b-e7cf5d3ff414,open,4c8ca3ed-6a5b-4547-9a4b-e7cf5d3ff414
0,f6c27794-e429-46a5-8d94-b7eaf7d38122,open,f6c27794-e429-46a5-8d94-b7eaf7d38122
0,c690601a-ded1-4565-9c85-373e1357727e,open,c690601a-ded1-4565-9c85-373e1357727e
0,5cf1d8cd-30f9-41ed-b859-cf367a287d2a,open,5cf1d8cd-30f9-41ed-b859-cf367a287d2a
0,43d26bec-4886-4951-8c30-f5787fc6ef07,open,43d26bec-4886-4951-8c30-f5787fc6ef07
0,a5fdcd97-ed8c-410f-9bec-ec36ad702104,open,a5fdcd97-ed8c-410f-9bec-ec36ad702104
0,4dadbc8c-cdf1-4ee8-9b38-ffc12eda635a,open,4dadbc8c-cdf1-4ee8-9b38-ffc12eda635a
0,15f32ae0-c237-47b0-a2f2-f0c52912c136,open,15f32ae0-c237-47b0-a2f2-f0c52912c136
0,17291a23-5860-4250-a840-706d73ded568,open,17291a23-5860-4250-a840-706d73ded568
0,c2dfe618-a2ed-48b0-bae2-aa77a7b0d57c,open,c2dfe618-a2ed-48b0-bae2-aa77a7b0d57c
0,060de803-d48d-49f6-a985-afc9b3fd9673,open,060de803-d48d-49f6-a985-afc9b3fd9673
0,6a2edcc5-336b-4bf5-9a04-b7d9922c9e53,open,6a2edcc5-336b-4bf5-9a04-b7d9922c9e53
0,337593fe-8332-425d-a9c5-c48b2789e7c5,open,337593fe-8332-425d-a9c5-c48b2789e7c5
0,f71e59a3-305f-40c4-9174-e5752efbef63,open,f71e59a3-305f-40c4-9174-e5752efbef63
0,773a01dc-9e50-4e9e-8a4f-94f228119358,open,773a01dc-9e50-4e9e-8a4f-94f228119358
0,c9071186-88cd-420c-8d93-6eca5081e1ae,open,c9071186-88cd-420c-8d93-6eca5081e1ae
0,61b37f67-fc6f-448f-9246-6632618ddf08,open,61b37f67-fc6f-448f-9246-6632618ddf08
0,41358b2b-fd01-44cb-951c-3d33bd1498ae,open,41358b2b-fd01-44cb-951c-3d33bd1498ae
0,5f33f478-6a90-458e-8fcb-c16f229b1cc8,open,5f33f478-6a90-458e-8fcb-c16f229b1cc8
0,61f970c4-1634-468b-a35f-6675cca1a9f0,open,61f970c4-1634-468b-a35f-6675cca1a9f0
0,a5a3ebab-2ba0-42a0-85c7-17795ef49137,open,a5a3ebab-2ba0-42a0-85c7-17795ef49137
0,1ffe9294-7958-44aa-80fe-184ad2bf8f47,open,1ffe9294-7958-44aa-80fe-184ad2bf8f47
0,5c53268e-33d4-40a1-bdf8-81ca5c515ada,open,5c53268e-33d4-40a1-bdf8-81ca5c515ada
0,48f94f58-de61-4d49-8902-353574beed27,open,48f94f58-de61-4d49-8902-353574beed27
0,265dd35e-1faf-443d-b79b-c2ff22c30455,open,265dd35e-1faf-443d-b79b-c2ff22c30455
0,ebeb8024-b862-43a1-92ad-0921ad54f4c7,open,ebeb8024-b862-43a1-92ad-0921ad54f4c7
0,826d34f7-3a12-4a10-8811-1aa73a5c5a52,open,826d34f7-3a12-4a10-8811-1aa73a5c5a52
0,ffa34518-7e9f-4cb3-8a15-f50be07fe8e0,open,ffa34518-7e9f-4cb3-8a15-f50be07fe8e0
0,9315cef2-2048-4950-bb9f-7666050d317b,open,9315cef2-2048-4950-bb9f-7666050d317b
0,d3a6b9c9-d1d8-4560-bd1c-814f19788c39,open,d3a6b9c9-d1d8-4560-bd1c-814f19788c39
0,022ba937-1f19-4e81-a862-fbf5f1c6ed56,open,022ba937-1f19-4e81-a862-fbf5f1c6ed56
0,d4c34cad-1729-4b49-9388-9af74589cb5c,open,d4c34cad-1729-4b49-9388-9af74589cb5c
0,728491f4-2b2f-44bd-a739-8c752517b8e7,open,728491f4-2b2f-44bd-a739-8c752517b8e7
0,2e8b8123-70dc-4269-b1c2-aeeb6d1e8cb4,open,2e8b8123-70dc-4269-b1c2-aeeb6d1e8cb4
0,3a2d9f7a-4a56-434f-b4b2-30cbed1cb272,open,3a2d9f7a-4a56-434f-b4b2-30cbed1cb272
0,9901bba8-fffa-41d2-8c57-e6bb9dcd7641,open,9901bba8-fffa-41d2-8c57-e6bb9dcd7641
0,e64d5acc-8288-4146-8fe9-1035a93dd035,open,e64d5acc-8288-4146-8fe9-1035a93dd035
0,5aaebf8e-b7b5-4701-b8c9-ee8e198a27e9,open,5aaebf8e-b7b5-4701-b8c9-ee8e198a27e9
0,66f0ca4e-10ae-4412-b592-86f047c463dc,open,66f0ca4e-10ae-4412-b592-86f047c463dc
0,106b509b-b28e-4c71-8761-1a7275b9a67c,open,106b509b-b28e-4c71-8761-1a7275b9a67c
0,75cfa36d-325f-4fd3-a908-ef17980ed614,open,75cfa36d-325f-4fd3-a908-ef17980ed614
0,ff5bddc9-85b4-4623-b8d9-fdc8939b3da7,open,ff5bddc9-85b4-4623-b8d9-fdc8939b3da7
0,8a353200-726d-4267-9c62-723803979c29,open,8a353200-726d-4267-9c62-723803979c29
0,8d83e310-43b5-4fd8-89ce-ca6cdb8e4886,open,8d83e310-43b5-4fd8-89ce-ca6cdb8e4886
0,f711fb21-4735-4864-9934-c6d2e34d83a2,open,f711fb21-4735-4864-9934-c6d2e34d83a2
0,4b697aca-2e19-4db9-947d-045246ab3dff,open,4b697aca-2e19-4db9-947d-045246ab3dff
0,ff48fdff-a6e8-4169-9724-f9a64b0d5e8e,open,ff48fdff-a6e8-4169-9724-f9a64b0d5e8e
0,5cecf934-f73d-4fd6-a307-91c5a7d3206b,open,5cecf934-f73d-4fd6-a307-91c5a7d3206b
0,83afb681-f420-445a-bdb4-a2a48b040c1f,open,83afb681-f420-445a-bdb4-a2a48b040c1f
0,c7fe329b-f4ec-46c8-894e-1d029129d5a8,open,c7fe329b-f4ec-46c8-894e-1d029129d5a8
0,18b1dcd5-361f-4777-b67c-4ccd30a463eb,open,18b1dcd5-361f-4777-b67c-4ccd30a463eb
0,0d0a9251-ecf6-4cdd-a558-6221caa2491f,open,0d0a9251-ecf6-4cdd-a558-6221caa2491f
0,59695542-da3e-4aa0-9176-e133fd3e81d6,open,59695542-da3e-4aa0-9176-e133fd3e81d6
0,62a6801b-131b-46fb-abc3-2c52d157cb11,open,62a6801b-131b-46fb-abc3-2c52d157cb11
0,137e968a-2788-4f43-bc35-77aa349b6006,open,137e968a-2788-4f43-bc35-77aa349b6006
0,b548fb36-9510-4293-aeb7-826a78bdf5fa,open,b548fb36-9510-4293-aeb7-826a78bdf5fa
0,af85a173-1d57-4c2e-b80d-1eddebe9ec0c,open,af85a173-1d57-4c2e-b80d-1eddebe9ec0c
0,4924b7cb-e048-481e-a347-0ea9292fcef7,open,4924b7cb-e048-481e-a347-0ea9292fcef7
0,3b9eb2d9-36eb-4bd3-99e9-4014338ab1ed,open,3b9eb2d9-36eb-4bd3-99e9-4014338ab1ed
0,e789d57a-9741-4f0e-97b9-33991cb4bd8e,open,e789d57a-9741-4f0e-97b9-33991cb4bd8e
0,e5d99b3c-6602-413d-8aca-6cd4b2ddca49,open,e5d99b3c-6602-413d-8aca-6cd4b2ddca49
0,4fae8822-75ec-4fc0-b6a5-cfd9b5a4ddc1,open,4fae8822-75ec-4fc0-b6a5-cfd9b5a4ddc1
0,d1b84c6a-36c3-4ffc-a9f6-d063da8d56fc,open,d1b84c6a-36c3-4ffc-a9f6-d063da8d56fc
0,118bb623-4396-4f4d-99bd-9502b514a3e2,open,118bb623-4396-4f4d-99bd-9502b514a3e2
0,11460e65-6b11-4839-b193-8cb1ed8636b9,open,11460e65-6b11-4839-b193-8cb1ed8636b9
0,c4edb4b1-382a-4f5a-a2cc-9844c91bdc4a,open,c4edb4b1-382a-4f5a-a2cc-9844c91bdc4a
0,7f8fea63-109d-4aca-89e4-ebca05ef7dbf,open,7f8fea63-109d-4aca-89e4-ebca05ef7dbf
0,2b9935c6-f745-4ed3-bd21-e8a52cc00f2c,open,2b9935c6-f745-4ed3-bd21-e8a52cc00f2c
0,0a435be8-0415-4757-9d1d-c61e3333d613,open,0a435be8-0415-4757-9d1d-c61e3333d613
0,e6107d10-ef7b-400c-a01d-66644ffcf141,open,e6107d10-ef7b-400c-a01d-66644ffcf141
0,8d6047ef-7177-45a9-936d-e52f5efe01b9,open,8d6047ef-7177-45a9-936d-e52f5efe01b9
0,8ec57e10-df72-45f8-aeae-fc3424d65d1f,open,8ec57e10-df72-45f8-aeae-fc3424d65d1f
0,a871a15e-9962-45f3-ae4e-c7718fc26bc0,open,a871a15e-9962-45f3-ae4e-c7718fc26bc0
0,bc7bc12b-cce3-4ebe-8a00-3a28dcb30ad0,open,bc7bc12b-cce3-4ebe-8a00-3a28dcb30ad0
0,9b4dfb1e-87dd-4bfc-bd33-42c6912987c0,open,9b4dfb1e-87dd-4bfc-bd33-42c6912987c0
0,16aa5874-394f-4a67-99e1-1386dc761d67,open,16aa5874-394f-4a67-99e1-1386dc761d67
0,979ea0d6-64ba-455e-876b-f66d794cbcf7,open,979ea0d6-64ba-455e-876b-f66d794cbcf7
0,219e1070-f5d8-4944-b23f-f11b57da7890,open,219e1070-f5d8-4944-b23f-f11b57da7890
0,9821dfa0-6276-4e2b-b8ac-0742d0de3bb9,open,9821dfa0-6276-4e2b-b8ac-0742d0de3bb9
0,bf5da4b0-d70e-4ac5-a7e4-3a9d4e9f3bb9,open,bf5da4b0-d70e-4ac5-a7e4-3a9d4e9f3bb9
0,a39599fc-f738-4103-ae16-4072d7681a4a,open,a39599fc-f738-4103-ae16-4072d7681a4a
0,21eec9d8-74c2-4cd7-8aa4-4cedf6b4e90d,open,21eec9d8-74c2-4cd7-8aa4-4cedf6b4e90d
0,c6d0742b-0144-4824-a835-c5f56f00bef8,open,c6d0742b-0144-4824-a835-c5f56f00bef8
0,f03e0399-743d-4a7c-9dbb-673dac1e1ea5,open,f03e0399-743d-4a7c-9dbb-673dac1e1ea5
0,8b983f0f-c385-4e66-90ab-ca054a78ab28,open,8b983f0f-c385-4e66-90ab-ca054a78ab28
0,9d51aafe-bf61-4608-8124-f01709719a6c,open,9d51aafe-bf61-4608-8124-f01709719a6c
0,e9691840-0adb-4802-978d-190d84e1adf9,open,e9691840-0adb-4802-978d-190d84e1adf9
0,c1c46132-e6a1-4162-bfe9-8642298e4f2b,open,c1c46132-e6a1-4162-bfe9-8642298e4f2b
0,326a3f26-6d32-450d-a84a-c4c957e8bcb1,open,326a3f26-6d32-450d-a84a-c4c957e8bcb1
0,97642591-656a-4723-8196-4a28538584fb,open,97642591-656a-4723-8196-4a28538584fb
0,4ba8ce89-b4ee-4f36-ae8c-4c241f52b5aa,open,4ba8ce89-b4ee-4f36-ae8c-4c241f52b5aa
0,07f1000c-b04f-4f21-a30c-7438f0656efa,open,07f1000c-b04f-4f21-a30c-7438f0656efa
0,c57f20d9-a9e9-402a-aabb-e40b3a40966e,open,c57f20d9-a9e9-402a-aabb-e40b3a40966e
0,7d62788e-b696-4188-bf1a-a21ebf5e362e,open,7d62788e-b696-4188-bf1a-a21ebf5e362e
0,3bfa31e7-6160-422e-8615-677f3b009d25,open,3bfa31e7-6160-422e-8615-677f3b009d25
0,af9b2796-25c2-4f16-a8ea-0d4e33dc30ab,open,af9b2796-25c2-4f16-a8ea-0d4e33dc30ab
0,7b8c94ba-8725-4b32-81ae-17210cac5bf2,open,7b8c94ba-8725-4b32-81ae-17210cac5bf2
0,9af84ba7-93b7-4868-9832-f41a248fbeb0,open,9af84ba7-93b7-4868-9832-f41a248fbeb0
0,161e7967-b81b-4b9f-84c5-4b66a722c1d4,open,161e7967-b81b-4b9f-84c5-4b66a722c1d4
0,019ed074-fed8-4031-bb53-baa62250a51a,open,019ed074-fed8-4031-bb53-baa62250a51a
0,a03922c9-4871-4894-9636-ec348e5ae4e9,open,a03922c9-4871-4894-9636-ec348e5ae4e9
0,fa3412f0-d750-416f-88b1-23b487206f0f,open,fa3412f0-d750-416f-88b1-23b487206f0f
0,999f10c6-daae-4e4b-aa4f-919e885e9b06,open,999f10c6-daae-4e4b-aa4f-919e885e9b06
0,77889104-af9e-420e-b36a-b9a6fbb30c06,open,77889104-af9e-420e-b36a-b9a6fbb30c06
0,2b168158-c660-45e8-8e9e-e8dda59457c1,open,2b168158-c660-45e8-8e9e-e8dda59457c1
0,3895984d-ebf5-4525-b8fa-cac1e9231930,open,3895984d-ebf5-4525-b8fa-cac1e9231930
0,385cdde7-aca1-481b-9a69-6e157ce07fc0,open,385cdde7-aca1-481b-9a69-6e157ce07fc0
0,e61ba394-fdf3-4cde-936f-4a27c247d1e8,open,e61ba394-fdf3-4cde-936f-4a27c247d1e8
0,add8be8f-c94c-4eef-a3f2-527a1b8adac5,open,add8be8f-c94c-4eef-a3f2-527a1b8adac5
0,a759912b-42ec-4210-8530-dd574a9ef0b2,open,a759912b-42ec-4210-8530-dd574a9ef0b2
0,bd19014e-e102-413d-bb31-ce602c5ba93f,open,bd19014e-e102-413d-bb31-ce602c5ba93f
0,3bd09095-842f-42c3-b5e2-d18e202b7f4d,open,3bd09095-842f-42c3-b5e2-d18e202b7f4d
0,2172fd62-9eaa-456f-8163-e86a8c94893a,open,2172fd62-9eaa-456f-8163-e86a8c94893a
0,1f6f57f8-9739-419e-a920-80c2b126c982,open,1f6f57f8-9739-419e-a920-80c2b126c982
0,918b9e34-5744-4718-9817-ca3c4b4d9eeb,open,918b9e34-5744-4718-9817-ca3c4b4d9eeb
0,190e0a13-bda4-4799-9066-790b20495d64,open,190e0a13-bda4-4799-9066-790b20495d64
0,88ae4892-df6f-4933-84e0-33dbc7840dcc,open,88ae4892-df6f-4933-84e0-33dbc7840dcc
0,c0c4bbbb-dad2-4390-b8ec-f22b30ea48b3,open,c0c4bbbb-dad2-4390-b8ec-f22b30ea48b3
0,74e82f08-ccf4-4d80-9166-55700719d6ce,open,74e82f08-ccf4-4d80-9166-55700719d6ce
0,796294f7-0f8c-447a-baf3-13c4270d78db,open,796294f7-0f8c-447a-baf3-13c4270d78db
0,b8e9932e-e3c0-4d1a-bd0a-cf0a99afb577,open,b8e9932e-e3c0-4d1a-bd0a-cf0a99afb577
0,6ad79639-f5e6-4680-aac1-96e48c483f34,open,6ad79639-f5e6-4680-aac1-96e48c483f34
0,b1f2d0ba-10ba-4a49-9d4c-8936ed7304ee,open,b1f2d0ba-10ba-4a49-9d4c-8936ed7304ee
0,fb10a47e-75a0-4045-a8fd-8acf30e1a3a6,open,fb10a47e-75a0-4045-a8fd-8acf30e1a3a6
0,6f8b7f40-7339-4409-8d89-53489be17046,open,6f8b7f40-7339-4409-8d89-53489be17046
0,e157a4f4-b1c9-4259-9332-d6d5f697bdc8,open,e157a4f4-b1c9-4259-9332-d6d5f697bdc8
0,075cbd9e-4968-46a8-ba1c-dcb5d954fa7a,open,075cbd9e-4968-46a8-ba1c-dcb5d954fa7a
0,4dcefede-37a0-4565-b66a-722b81affc42,open,4dcefede-37a0-4565-b66a-722b81affc42
0,87925486-7ff2-4273-83d4-fd5270b306e3,open,87925486-7ff2-4273-83d4-fd5270b306e3
0,52a3fa78-fa1d-49d9-8cc7-644f919f5db0,open,52a3fa78-fa1d-49d9-8cc7-644f919f5db0
0,8e3c6bd7-991d-4cbb-82f6-9013da172a6b,open,8e3c6bd7-991d-4cbb-82f6-9013da172a6b
0,b82df965-a942-461d-8e52-9898252a3249,open,b82df965-a942-461d-8e52-9898252a3249
0,ec7fe682-8c7b-47d5-84cf-169fe9779be5,open,ec7fe682-8c7b-47d5-84cf-169fe9779be5
0,53690b68-7b76-4d62-9863-38f8d83ce19d,open,53690b68-7b76-4d62-9863-38f8d83ce19d
0,44c869dd-88e1-4d1c-9624-9d34fb62480c,open,44c869dd-88e1-4d1c-9624-9d34fb62480c
0,acdb7bb8-f21c-4572-85c2-38d7408ec3db,open,acdb7bb8-f21c-4572-85c2-38d7408ec3db
0,8c4fd95b-3ea8-438e-99bf-1e2a207d3114,open,8c4fd95b-3ea8-438e-99bf-1e2a207d3114
0,044af28d-701c-4953-bea4-91096cc4fa4f,open,044af28d-701c-4953-bea4-91096cc4fa4f
0,c6b61baa-43fb-4532-b8ca-9780d221ece8,open,c6b61baa-43fb-4532-b8ca-9780d221ece8
0,5f38aac1-89c1-4c38-a378-f04aa983621f,open,5f38aac1-89c1-4c38-a378-f04aa983621f
0,044929d3-b3a8-46d1-9975-75656b40d2f7,open,044929d3-b3a8-46d1-9975-75656b40d2f7
0,17c18c9e-52c4-4e83-a93d-4c0d52ee0239,open,17c18c9e-52c4-4e83-a93d-4c0d52ee0239
0,cf8b0253-ae5a-4dbb-b19f-10492615d825,open,cf8b0253-ae5a-4dbb-b19f-10492615d825
0,281a5742-9fc1-416f-99f4-8f37335c7985,open,281a5742-9fc1-416f-99f4-8f37335c7985
0,d867e3d3-7d4f-4883-9eed-16d9b801fefb,open,d867e3d3-7d4f-4883-9eed-16d9b801fefb
0,e41579f2-4ad6-4405-bf26-438fa5ffe345,open,e41579f2-4ad6-4405-bf26-438fa5ffe345
0,c716019c-b4a8-4cd6-b4fd-a6fe132a8fcc,open,c716019c-b4a8-4cd6-b4fd-a6fe132a8fcc
0,a1845e24-b9e2-45d9-b013-74b9a8fe4d30,open,a1845e24-b9e2-45d9-b013-74b9a8fe4d30
0,139293f9-d55e-4ef5-a9e7-63119d685033,open,139293f9-d55e-4ef5-a9e7-63119d685033
0,8b8ca02a-ca80-4605-a4ff-596b1a974f98,open,8b8ca02a-ca80-4605-a4ff-596b1a974f98
0,f820b5a7-0ecb-41e7-b01f-9894351eebbc,open,f820b5a7-0ecb-41e7-b01f-9894351eebbc
0,1c459388-6bb3-4d05-be78-2ac1a1c2deb7,open,1c459388-6bb3-4d05-be78-2ac1a1c2deb7
0,e2383407-606f-449f-a3cc-b893574265e5,open,e2383407-606f-449f-a3cc-b893574265e5
0,b2e182ee-4f2a-4631-a7fb-680e7224da8e,open,b2e182ee-4f2a-4631-a7fb-680e7224da8e
0,c36ac34b-a920-4653-9f65-4470297b1501,open,c36ac34b-a920-4653-9f65-4470297b1501
0,7a18b18b-d70f-435b-8f66-0146bd707f6d,open,7a18b18b-d70f-435b-8f66-0146bd707f6d
0,2302aa7b-9941-4c48-9558-bdcd16dee73a,open,2302aa7b-9941-4c48-9558-bdcd16dee73a
0,47b0ce60-4728-4250-9d01-52569b054d5f,open,47b0ce60-4728-4250-9d01-52569b054d5f
0,3c54bca1-b2b9-4d7f-99a4-bad9bc15b5d7,open,3c54bca1-b2b9-4d7f-99a4-bad9bc15b5d7
0,5855c177-4681-444f-bda4-1f8b1e37118c,open,5855c177-4681-444f-bda4-1f8b1e37118c
0,fb8cd86a-37fd-4547-88c6-59dcb2660e56,open,fb8cd86a-37fd-4547-88c6-59dcb2660e56
0,1cc745e8-be3b-4bf3-b226-e7dfc853d41f,open,1cc745e8-be3b-4bf3-b226-e7dfc853d41f
0,f244df8d-164e-4856-99cf-c20900a3a2d9,open,f244df8d-164e-4856-99cf-c20900a3a2d9
0,0c7452a2-2abe-40f8-ac61-b027c2fde6ec,open,0c7452a2-2abe-40f8-ac61-b027c2fde6ec
0,5cbd8ab1-701c-41c2-acf8-4bf864752bed,open,5cbd8ab1-701c-41c2-acf8-4bf864752bed
0,712e04ec-192b-4ceb-bfea-74839987ea4a,open,712e04ec-192b-4ceb-bfea-74839987ea4a
0,b46e457d-30a7-496a-98b1-26603c84d7d7,open,b46e457d-30a7-496a-98b1-26603c84d7d7
0,9076cb2c-5730-4083-adb6-fdef1d9e4c68,open,9076cb2c-5730-4083-adb6-fdef1d9e4c68
0,38a8a2a9-966a-48fa-b45b-1f28a1e264c8,open,38a8a2a9-966a-48fa-b45b-1f28a1e264c8
0,40f9f1ae-dd28-43aa-8103-085fc870f705,open,40f9f1ae-dd28-43aa-8103-085fc870f705
0,0198fef4-b2dd-48b9-91d1-afe880300aff,open,0198fef4-b2dd-48b9-91d1-afe880300aff
0,45f0623f-bdbd-4df1-92c2-f5951c50f717,open,45f0623f-bdbd-4df1-92c2-f5951c50f717
0,ea685d20-75e3-4fa9-9b36-7d1ba9267d88,open,ea685d20-75e3-4fa9-9b36-7d1ba9267d88
0,7988a808-32d2-49e5-b936-dc4661421ae8,open,7988a808-32d2-49e5-b936-dc4661421ae8
0,4d334632-6f9d-4242-a3d7-02b22df96d06,open,4d334632-6f9d-4242-a3d7-02b22df96d06
0,344bdfa9-5aad-4d3b-8a59-66053515366d,open,344bdfa9-5aad-4d3b-8a59-66053515366d
0,e6f71d30-7ea0-4a39-90c6-123946e94302,open,e6f71d30-7ea0-4a39-90c6-123946e94302
0,90ab4c24-5eb1-4254-b4fd-b074fe82ac6a,open,90ab4c24-5eb1-4254-b4fd-b074fe82ac6a
0,07ab86c5-6cf8-4e27-b4f6-f488caa7ad5a,open,07ab86c5-6cf8-4e27-b4f6-f488caa7ad5a
0,14f36f6d-dc99-4c58-94db-28bf42c0e4fd,open,14f36f6d-dc99-4c58-94db-28bf42c0e4fd
0,86679c84-5b74-456a-bd31-f4d178a69881,open,86679c84-5b74-456a-bd31-f4d178a69881
0,05fd7659-b102-4fe3-91ea-e89154bb56ae,open,05fd7659-b102-4fe3-91ea-e89154bb56ae
0,ce35bc24-3e08-469e-935b-94971e39e14d,open,ce35bc24-3e08-469e-935b-94971e39e14d
0,f21eecc7-1208-464c-be23-5a406c75fcc9,open,f21eecc7-1208-464c-be23-5a406c75fcc9
0,0b91ba12-97fd-4074-b4fc-c7c666fd9007,open,0b91ba12-97fd-4074-b4fc-c7c666fd9007
0,b3c2c641-d579-453c-93b8-cec040cfab66,open,b3c2c641-d579-453c-93b8-cec040cfab66
0,f67a476f-34fd-4197-b4ca-eea7ae853fb8,open,f67a476f-34fd-4197-b4ca-eea7ae853fb8
0,30200320-f3b9-400f-be77-e21c9b79d358,open,30200320-f3b9-400f-be77-e21c9b79d358
0,5f8af88c-34bc-4025-a7e8-1e294309a435,open,5f8af88c-34bc-4025-a7e8-1e294309a435
0,77a544f6-ce8d-4e07-8fdd-58bd1d0efc92,open,77a544f6-ce8d-4e07-8fdd-58bd1d0efc92
0,14b86d15-5d62-4761-b64e-5006dfd8d817,open,14b86d15-5d62-4761-b64e-5006dfd8d817
0,a023498d-54d5-4e42-8412-37fbfb9d4cb0,open,a023498d-54d5-4e42-8412-37fbfb9d4cb0
0,7b865a92-3c8b-46a8-933b-bc013db7526f,open,7b865a92-3c8b-46a8-933b-bc013db7526f
0,d7611d19-df69-4e35-995c-676f8732a6cc,open,d7611d19-df69-4e35-995c-676f8732a6cc
0,e7f248ec-2f76-4342-88cd-12416dd04bc9,open,e7f248ec-2f76-4342-88cd-12416dd04bc9
0,930bddfe-bd92-44a4-85f8-8ff31f7c62eb,open,930bddfe-bd92-44a4-85f8-8ff31f7c62eb
0,45170c3f-6ea1-4c25-b93a-dfc492189e00,open,45170c3f-6ea1-4c25-b93a-dfc492189e00
0,c2e6b8de-7d60-4113-8500-e86810422303,open,c2e6b8de-7d60-4113-8500-e86810422303
0,b21b8a62-f2c1-44d4-9150-bafbde539012,open,b21b8a62-f2c1-44d4-9150-bafbde539012
0,df00778b-74dd-408b-99b8-bfe19bab604b,open,df00778b-74dd-408b-99b8-bfe19bab604b
0,3934fa75-fc59-488b-970b-c46025ff56cc,open,3934fa75-fc59-488b-970b-c46025ff56cc
0,dd977290-2789-4e59-abb0-01cce03ee02f,open,dd977290-2789-4e59-abb0-01cce03ee02f
0,2caf39ca-affe-4eb8-8ea9-74de9edcf4a0,open,2caf39ca-affe-4eb8-8ea9-74de9edcf4a0
0,7ec91472-adb5-4020-b378-0c6e9caafe20,open,7ec91472-adb5-4020-b378-0c6e9caafe20
0,5f987832-abcb-4e67-9844-db2bfaad7c9f,open,5f987832-abcb-4e67-9844-db2bfaad7c9f
0,7396f0da-6ffc-49ee-9ac9-e7bfe63b2295,open,7396f0da-6ffc-49ee-9ac9-e7bfe63b2295
0,7f45d2f7-ea1e-47c6-b1b4-8cab455c65eb,open,7f45d2f7-ea1e-47c6-b1b4-8cab455c65eb
0,7feb2468-2753-468e-a369-8380e049fd46,open,7feb2468-2753-468e-a369-8380e049fd46
0,ca2065b1-377d-49e4-bb0a-10e4340cbebe,open,ca2065b1-377d-49e4-bb0a-10e4340cbebe
0,cafbb26a-1394-4dc9-ae40-61a52a2bbe9f,open,cafbb26a-1394-4dc9-ae40-61a52a2bbe9f
0,a52db185-9d18-4020-bbfb-d91fd8ac3b56,open,a52db185-9d18-4020-bbfb-d91fd8ac3b56
0,20a137eb-8120-4bf5-80cc-477fb9079746,open,20a137eb-8120-4bf5-80cc-477fb9079746
0,d40e2825-0235-4fb7-ab4a-70778008586c,open,d40e2825-0235-4fb7-ab4a-70778008586c
0,40f1cbce-07bd-4164-b112-08fc31df650d,open,40f1cbce-07bd-4164-b112-08fc31df650d
0,59ae4a7e-9209-45b5-a588-10538e11a580,open,59ae4a7e-9209-45b5-a588-10538e11a580
0,b4ad569f-f9ce-431b-bc23-53e79227fdd5,open,b4ad569f-f9ce-431b-bc23-53e79227fdd5
0,ca3c1992-fca0-4a45-a018-aec888c5c071,open,ca3c1992-fca0-4a45-a018-aec888c5c071
0,729af069-014e-4d43-8758-715ea6e590fb,open,729af069-014e-4d43-8758-715ea6e590fb
0,2c581b7c-3744-4024-819a-6de7a1326a7a,open,2c581b7c-3744-4024-819a-6de7a1326a7a
0,721cbe23-2eea-4d64-8cef-ce46d15414a9,open,721cbe23-2eea-4d64-8cef-ce46d15414a9
0,b25ea95c-ae8c-4625-8d8a-cdf8767a66ee,open,b25ea95c-ae8c-4625-8d8a-cdf8767a66ee
0,0d12d29c-f959-450b-b2a7-05042a2912b0,open,0d12d29c-f959-450b-b2a7-05042a2912b0
0,06157097-a586-4dc1-9505-94859b4c264a,open,06157097-a586-4dc1-9505-94859b4c264a
0,d94869c7-9a03-428b-b8c3-1cd107361a67,open,d94869c7-9a03-428b-b8c3-1cd107361a67
0,77db4b2f-83e7-4263-8aec-1aa40f4476ce,open,77db4b2f-83e7-4263-8aec-1aa40f4476ce
0,9c1e9612-91fc-4dbe-b8e7-d1329920f029,open,9c1e9612-91fc-4dbe-b8e7-d1329920f029
0,080d4825-2799-4e04-bf00-63e1f8b03b86,open,080d4825-2799-4e04-bf00-63e1f8b03b86
0,f2e9b813-4505-4baa-be16-314a4da21a37,open,f2e9b813-4505-4baa-be16-314a4da21a37
0,023b69da-4db2-401d-b437-ed026a54e0c0,open,023b69da-4db2-401d-b437-ed026a54e0c0
0,8d2b7ecb-f37f-49cd-ae23-f7fc2efd3e0e,open,8d2b7ecb-f37f-49cd-ae23-f7fc2efd3e0e
0,8a56248d-df6e-4f56-814d-4c38c584c372,open,8a56248d-df6e-4f56-814d-4c38c584c372
0,fe19c8e4-dc46-411a-8d6d-d87d5d91f2f7,open,fe19c8e4-dc46-411a-8d6d-d87d5d91f2f7
0,520d1f6e-0e83-4766-8e96-ca3e02ae059f,open,520d1f6e-0e83-4766-8e96-ca3e02ae059f
0,3dd7fc05-857b-458e-a7d4-fc41fe73ba25,open,3dd7fc05-857b-458e-a7d4-fc41fe73ba25
0,387a027e-dc12-4e17-a914-6373b8af3da2,open,387a027e-dc12-4e17-a914-6373b8af3da2
0,f83c348e-2905-4eea-ae9e-90029733fcec,open,f83c348e-2905-4eea-ae9e-90029733fcec
0,201c989c-2cab-4386-ab72-681178d51a9c,open,201c989c-2cab-4386-ab72-681178d51a9c
0,d0348c0e-e555-4bb1-b018-50112a30ff56,open,d0348c0e-e555-4bb1-b018-50112a30ff56
0,2bde1e3b-f934-48f6-ab0c-d5131fe19cd5,open,2bde1e3b-f934-48f6-ab0c-d5131fe19cd5
0,8ef855cd-97a7-4ae4-a052-97dd900f31ef,open,8ef855cd-97a7-4ae4-a052-97dd900f31ef
0,f3d71ff4-dd8d-4b35-814c-b2a344ebaf37,open,f3d71ff4-dd8d-4b35-814c-b2a344ebaf37
0,497b9f86-40ce-4966-8d0e-1fb5fe907502,open,497b9f86-40ce-4966-8d0e-1fb5fe907502
0,05f9847d-bf2e-4769-ba1d-3f7b04365056,open,05f9847d-bf2e-4769-ba1d-3f7b04365056
0,95bff33e-3333-4ac3-8ec1-f022e934fa72,open,95bff33e-3333-4ac3-8ec1-f022e934fa72
0,9fed3cc6-751f-4272-9c74-0f1a7984e3d7,open,9fed3cc6-751f-4272-9c74-0f1a7984e3d7
0,4454fd3e-4d2d-4011-9fb7-ec21f86c0266,open,4454fd3e-4d2d-4011-9fb7-ec21f86c0266
0,6ae9c501-0a09-498f-85af-89f8a40325d3,open,6ae9c501-0a09-498f-85af-89f8a40325d3
0,51e1da9d-0ce5-4a3d-be64-1f0167abe57f,open,51e1da9d-0ce5-4a3d-be64-1f0167abe57f
0,dd459d2c-8f2f-4402-b008-bfb57fa31b75,open,dd459d2c-8f2f-4402-b008-bfb57fa31b75
0,2f7fba3a-a1c3-4325-b874-6003704b3496,open,2f7fba3a-a1c3-4325-b874-6003704b3496
0,2c3321b8-e449-4b99-a74f-a744162cd00d,open,2c3321b8-e449-4b99-a74f-a744162cd00d
0,1979771f-04fa-4c1f-8815-fdd9961d5ce5,open,1979771f-04fa-4c1f-8815-fdd9961d5ce5
0,7b317551-d56a-4fb4-a457-aa4bd754a646,open,7b317551-d56a-4fb4-a457-aa4bd754a646
0,d2c88ae1-b308-41f9-bcb4-da514e5ec367,open,d2c88ae1-b308-41f9-bcb4-da514e5ec367
0,48478e4f-4eef-463c-b0ff-1c3816e56150,open,48478e4f-4eef-463c-b0ff-1c3816e56150
0,b4cf85b1-c3b4-4c88-a178-ff8839bf924d,open,b4cf85b1-c3b4-4c88-a178-ff8839bf924d
0,1feb0dc2-b467-43d8-a93c-cd40f5a3d461,open,1feb0dc2-b467-43d8-a93c-cd40f5a3d461
0,e0db8753-757d-48f3-baf4-8a5034df8bc9,open,e0db8753-757d-48f3-baf4-8a5034df8bc9
0,862cefdb-355f-4e6d-a702-28735d528133,open,862cefdb-355f-4e6d-a702-28735d528133
0,591942de-835a-4cd1-84b1-49c5a014f2db,open,591942de-835a-4cd1-84b1-49c5a014f2db
0,5003b642-bcdc-405b-9fd5-e9c99ba80ae3,open,5003b642-bcdc-405b-9fd5-e9c99ba80ae3
0,fcbe3c67-cab8-47b0-913e-0262ddf59584,open,fcbe3c67-cab8-47b0-913e-0262ddf59584
0,946623b2-b2bb-4de8-9379-831723822cbc,open,946623b2-b2bb-4de8-9379-831723822cbc
0,906e03dc-6d6e-4e7a-894a-956791fd771d,open,906e03dc-6d6e-4e7a-894a-956791fd771d
0,2833e304-74d5-424e-bcde-4c18ffbfa09d,open,2833e304-74d5-424e-bcde-4c18ffbfa09d
0,a3bfc687-7f50-47dc-8876-971755783eee,open,a3bfc687-7f50-47dc-8876-971755783eee
0,4ad26e37-b275-4d7f-b645-ecdaadf979f8,open,4ad26e37-b275-4d7f-b645-ecdaadf979f8
0,2b68f449-b978-4c33-8237-c8e801049aed,open,2b68f449-b978-4c33-8237-c8e801049aed
0,aab59734-24da-4ff4-af24-0e2826699745,open,aab59734-24da-4ff4-af24-0e2826699745
0,84aebfef-797e-4738-9a6b-96935c132992,open,84aebfef-797e-4738-9a6b-96935c132992
0,065b45c4-06a2-4e74-8fbc-e1b556dea04a,open,065b45c4-06a2-4e74-8fbc-e1b556dea04a
0,6fa85827-f228-43f6-be16-e8c6978ebf33,open,6fa85827-f228-43f6-be16-e8c6978ebf33
0,73e2ad73-dbe3-432d-bf4d-0423e3e403fb,open,73e2ad73-dbe3-432d-bf4d-0423e3e403fb
0,54120b3c-67ff-4c39-841e-5b64213b27d3,open,54120b3c-67ff-4c39-841e-5b64213b27d3
0,7d1256b7-1cd1-426e-94a6-d58207629312,open,7d1256b7-1cd1-426e-94a6-d58207629312
0,3397b079-7188-486f-b97d-4c39cb9cc7d0,open,3397b079-7188-486f-b97d-4c39cb9cc7d0
0,e669494d-bf4c-486d-be03-2954b2d006b7,open,e669494d-bf4c-486d-be03-2954b2d006b7
0,1079aa46-3fef-4f42-b775-226fe0035a89,open,1079aa46-3fef-4f42-b775-226fe0035a89
0,7ccc1d7d-936f-4fc9-8cd1-f556cb40d066,open,7ccc1d7d-936f-4fc9-8cd1-f556cb40d066
0,a7e7d8ae-93f1-49fc-9959-87eb8e2681b5,open,a7e7d8ae-93f1-49fc-9959-87eb8e2681b5
0,2a7d7e09-3d65-414f-b172-d5c848e659e2,open,2a7d7e09-3d65-414f-b172-d5c848e659e2
0,0bff8a7a-8471-4d2d-b624-75f2ccf6dbdd,open,0bff8a7a-8471-4d2d-b624-75f2ccf6dbdd
0,c5c5a31b-d523-4364-b531-fee26e5bdadc,open,c5c5a31b-d523-4364-b531-fee26e5bdadc
0,1b9a6407-6834-4833-92e4-804234c79450,open,1b9a6407-6834-4833-92e4-804234c79450
0,3acd7598-505d-4ac6-912b-e7dcfa0ed846,open,3acd7598-505d-4ac6-912b-e7dcfa0ed846
0,0d334c3f-67b7-4770-bf0a-84b1aebaf69a,open,0d334c3f-67b7-4770-bf0a-84b1aebaf69a
0,20c300ae-4267-4abe-bc6a-cea46650502b,open,20c300ae-4267-4abe-bc6a-cea46650502b
0,a09a9216-be27-48b3-90f3-f97c599b04d1,open,a09a9216-be27-48b3-90f3-f97c599b04d1
0,1e2f8b64-cd7f-4c52-abf0-5684b315ea58,open,1e2f8b64-cd7f-4c52-abf0-5684b315ea58
0,1ce99d13-bbe1-48a0-9bdd-9c2210b98d21,open,1ce99d13-bbe1-48a0-9bdd-9c2210b98d21
0,50cfa5b4-1000-4558-aba0-f914553c0ebd,open,50cfa5b4-1000-4558-aba0-f914553c0ebd
0,91018c7d-fc25-4242-bd09-23ceb19480b9,open,91018c7d-fc25-4242-bd09-23ceb19480b9
0,a911a3ec-01b2-45de-9a3e-e14ade872b6e,open,a911a3ec-01b2-45de-9a3e-e14ade872b6e
0,b4b528ed-3ed5-4306-bba9-72dd7c778be4,open,b4b528ed-3ed5-4306-bba9-72dd7c778be4
0,1741f5f3-f8a9-400f-86a6-e27093ce53cf,open,1741f5f3-f8a9-400f-86a6-e27093ce53cf
0,36372edb-2ac7-4258-bba8-3b33b32fa349,open,36372edb-2ac7-4258-bba8-3b33b32fa349
0,24a5cab5-5f04-442e-9d52-c78cd7cb8e75,open,24a5cab5-5f04-442e-9d52-c78cd7cb8e75
0,6dea1d29-e32d-4302-9f86-19c332e97e91,open,6dea1d29-e32d-4302-9f86-19c332e97e91
0,3c067bad-a596-4fa0-98f9-9c854ff55615,open,3c067bad-a596-4fa0-98f9-9c854ff55615
0,d32386f7-70e9-42a3-955f-6141ccd04bf6,open,d32386f7-70e9-42a3-955f-6141ccd04bf6
0,ffb94287-f161-44be-81fc-56755c529802,open,ffb94287-f161-44be-81fc-56755c529802
0,d0458cc0-8230-48e9-b24c-0affe626cc9c,open,d0458cc0-8230-48e9-b24c-0affe626cc9c
0,2d67a481-4b6e-467d-974f-9b859d5b9ded,open,2d67a481-4b6e-467d-974f-9b859d5b9ded
0,57946d7c-737c-4adf-9b2c-a0668bb29673,open,57946d7c-737c-4adf-9b2c-a0668bb29673
0,e2ad24b7-460b-4636-be33-267b4ff6e1e3,open,e2ad24b7-460b-4636-be33-267b4ff6e1e3
0,b3228a21-9f7a-4aad-bf99-26c8e3fa8444,open,b3228a21-9f7a-4aad-bf99-26c8e3fa8444
0,be1e726e-0cad-42fe-8e68-e2deb81dded3,open,be1e726e-0cad-42fe-8e68-e2deb81dded3
0,d92c2410-6af0-4464-b072-d8fa5e5a26a3,open,d92c2410-6af0-4464-b072-d8fa5e5a26a3
0,32b7c6a1-3025-41ad-aca3-e0e57bf03049,open,32b7c6a1-3025-41ad-aca3-e0e57bf03049
0,33bdf616-6474-4e60-916d-86a8f199604f,open,33bdf616-6474-4e60-916d-86a8f199604f
0,996a12c7-cfd2-4290-a55b-ceed312b2936,open,996a12c7-cfd2-4290-a55b-ceed312b2936
0,832e9d04-d7eb-451c-9e67-4eed686c2f64,open,832e9d04-d7eb-451c-9e67-4eed686c2f64
0,083bd1fa-c296-4e72-8174-097457e4b43e,open,083bd1fa-c296-4e72-8174-097457e4b43e
0,071b0295-43e9-4abb-806d-30358a9ae71a,open,071b0295-43e9-4abb-806d-30358a9ae71a
0,65ad4359-3bcc-47b0-8ae3-61b9509efe8f,open,65ad4359-3bcc-47b0-8ae3-61b9509efe8f
0,6ccef6e6-6b8c-4c6c-abb3-4620f9737863,open,6ccef6e6-6b8c-4c6c-abb3-4620f9737863
0,3a48e208-6f71-4f71-bffe-12f931ac73af,open,3a48e208-6f71-4f71-bffe-12f931ac73af
0,7042df43-497c-4607-abfa-0d1af0de9870,open,7042df43-497c-4607-abfa-0d1af0de9870
0,534f6e45-d34d-4fc1-a94a-ff765420978c,open,534f6e45-d34d-4fc1-a94a-ff765420978c
0,fd4c8242-023d-458b-8799-103381a4eba5,open,fd4c8242-023d-458b-8799-103381a4eba5
0,d77d0d86-9089-4cb0-bce7-00a0aad5c462,open,d77d0d86-9089-4cb0-bce7-00a0aad5c462
0,980b0d2e-05f2-41d3-a838-ff47268e600d,open,980b0d2e-05f2-41d3-a838-ff47268e600d
0,1415ea5c-11bb-4536-8e3c-b4d64e44bded,open,1415ea5c-11bb-4536-8e3c-b4d64e44bded
0,6d4563d8-44b0-42b7-99a6-d0414135a894,open,6d4563d8-44b0-42b7-99a6-d0414135a894
0,eb3e2b4b-6238-40b9-955e-5cfe7a9743e4,open,eb3e2b4b-6238-40b9-955e-5cfe7a9743e4
0,4b1e1384-c404-4179-af46-3d6018b739f4,open,4b1e1384-c404-4179-af46-3d6018b739f4
0,2a3b1b48-034f-44d8-8491-065c0449d87e,open,2a3b1b48-034f-44d8-8491-065c0449d87e
0,fbc397a9-829d-4ff7-b0ae-c2ffc12f81e3,open,fbc397a9-829d-4ff7-b0ae-c2ffc12f81e3
0,848b8780-7ba6-42b8-8e10-582eb6fdeed2,open,848b8780-7ba6-42b8-8e10-582eb6fdeed2
0,c07e6adf-c56c-4601-a14b-2c49b729bc90,open,c07e6adf-c56c-4601-a14b-2c49b729bc90
0,7320c384-b1d9-48bb-8149-a7c05e9299ec,open,7320c384-b1d9-48bb-8149-a7c05e9299ec
0,27eebeab-df10-4825-95a7-76a3cb74c8e6,open,27eebeab-df10-4825-95a7-76a3cb74c8e6
0,5d6b6ca3-070f-4e95-a5b2-5330334d70a7,open,5d6b6ca3-070f-4e95-a5b2-5330334d70a7
0,3f796f50-2ff1-45a6-80b7-7300f06afc39,open,3f796f50-2ff1-45a6-80b7-7300f06afc39
0,1744593a-c26e-4f1b-a2bc-67dd167bef28,open,1744593a-c26e-4f1b-a2bc-67dd167bef28
0,942b6605-e8e7-4a5f-b952-bf501c8e204e,open,942b6605-e8e7-4a5f-b952-bf501c8e204e
0,752586b3-d470-4b11-a6d2-dda96a32f732,open,752586b3-d470-4b11-a6d2-dda96a32f732
0,a1b68fe5-c2fc-4c19-8d3a-fd00dad5159a,open,a1b68fe5-c2fc-4c19-8d3a-fd00dad5159a
0,3cb25593-5fad-4c6d-be1f-d9b7df7a8289,open,3cb25593-5fad-4c6d-be1f-d9b7df7a8289
0,b86c282e-d625-48cc-9d54-27a9a99bcb91,open,b86c282e-d625-48cc-9d54-27a9a99bcb91
0,d48b723e-a728-4afb-a272-957e47c025dd,open,d48b723e-a728-4afb-a272-957e47c025dd
0,7c04fd44-5108-428a-94bf-24b0d85aa57d,open,7c04fd44-5108-428a-94bf-24b0d85aa57d
0,f4c49d54-b7ec-4bc2-99bd-3f7b2e191706,open,f4c49d54-b7ec-4bc2-99bd-3f7b2e191706
0,6aaebf14-6d91-4c5e-add0-359cd5a4136b,open,6aaebf14-6d91-4c5e-add0-359cd5a4136b
0,570f6e58-af1f-4fbf-a210-d22d7800a828,open,570f6e58-af1f-4fbf-a210-d22d7800a828
0,6f197673-66a1-46c2-a235-d427f6d098a1,open,6f197673-66a1-46c2-a235-d427f6d098a1
0,60f4a6ef-bb01-4c58-9f21-59d1d93d2c3c,open,60f4a6ef-bb01-4c58-9f21-59d1d93d2c3c
0,6f344fda-b424-437c-8312-458978f3d7b3,open,6f344fda-b424-437c-8312-458978f3d7b3
0,98b20285-b379-41a9-bab8-1a57976df674,open,98b20285-b379-41a9-bab8-1a57976df674
0,5b2bb23b-5efd-4a45-926f-3efc589bebdd,open,5b2bb23b-5efd-4a45-926f-3efc589bebdd
0,21e62a01-2f56-4c7a-924f-c5ad366fd49c,open,21e62a01-2f56-4c7a-924f-c5ad366fd49c
0,f4af7245-09a8-4170-a6d2-3ef8a99c12a7,open,f4af7245-09a8-4170-a6d2-3ef8a99c12a7
0,ec7fd543-5357-431a-a4b7-fba7ccbafc73,open,ec7fd543-5357-431a-a4b7-fba7ccbafc73
0,bc8b306d-b209-4122-aa3f-1f2c1c6fb041,open,bc8b306d-b209-4122-aa3f-1f2c1c6fb041
0,625e7940-ad2f-4bea-9495-f3373ee90532,open,625e7940-ad2f-4bea-9495-f3373ee90532
0,78eda966-dd78-4cbd-8341-b6f0fc9a1f08,open,78eda966-dd78-4cbd-8341-b6f0fc9a1f08
0,0f4d78a9-2249-4891-b5cb-53e02bd1c7fe,open,0f4d78a9-2249-4891-b5cb-53e02bd1c7fe
0,72945e44-e115-4a44-8d6b-db6b6a36520c,open,72945e44-e115-4a44-8d6b-db6b6a36520c
0,65337803-0a6f-4885-af95-319fba2bb737,open,65337803-0a6f-4885-af95-319fba2bb737
0,e4ed526c-522c-411d-99d8-049c3cd21002,open,e4ed526c-522c-411d-99d8-049c3cd21002
0,a62fe98f-46a4-4d30-8463-63480d33d2d1,open,a62fe98f-46a4-4d30-8463-63480d33d2d1
0,da4e6b46-f0d8-4d99-9182-3aafbde9b70a,open,da4e6b46-f0d8-4d99-9182-3aafbde9b70a
0,e23ba6c4-bd4b-404d-a68c-db36131da535,open,e23ba6c4-bd4b-404d-a68c-db36131da535
0,adcb1ee2-20d1-4d8f-81e8-7354bd5b8084,open,adcb1ee2-20d1-4d8f-81e8-7354bd5b8084
0,db3c5173-4fbe-46b0-bb02-d3538df44bd0,open,db3c5173-4fbe-46b0-bb02-d3538df44bd0
0,203d766a-56d2-4a7a-833b-7f1cef4faf24,open,203d766a-56d2-4a7a-833b-7f1cef4faf24
0,d76c85e1-099a-4070-8c77-ca19c14d0022,open,d76c85e1-099a-4070-8c77-ca19c14d0022
0,4e76ff5d-3983-4d29-ba76-ddc5e65a9d7c,open,4e76ff5d-3983-4d29-ba76-ddc5e65a9d7c
0,f174a172-938f-49aa-a9c9-ec98ec0c151e,open,f174a172-938f-49aa-a9c9-ec98ec0c151e
0,49d66d61-3e10-4031-ae05-01ce6930eb03,open,49d66d61-3e10-4031-ae05-01ce6930eb03
0,ad8b75fd-5a73-4771-a83b-86049695a6f1,open,ad8b75fd-5a73-4771-a83b-86049695a6f1
0,8b9e560a-53ea-43b3-b329-f9e66609083a,open,8b9e560a-53ea-43b3-b329-f9e66609083a
0,d28ede32-44ad-476e-bcc2-57528f57a2ee,open,d28ede32-44ad-476e-bcc2-57528f57a2ee
0,14303940-76f5-4cf3-b13b-05b2f8f52964,open,14303940-76f5-4cf3-b13b-05b2f8f52964
0,69ef75d3-30ea-4621-be03-7be9de200168,open,69ef75d3-30ea-4621-be03-7be9de200168
0,489e8b59-48f2-48ba-a5f7-a5077782bd53,open,489e8b59-48f2-48ba-a5f7-a5077782bd53
0,459ebdbd-bd10-43f1-9c1a-eba1fc30084d,open,459ebdbd-bd10-43f1-9c1a-eba1fc30084d
0,0078f3dd-32d9-425a-96cb-090414f74216,open,0078f3dd-32d9-425a-96cb-090414f74216
0,c26433ac-45b3-4916-b1db-2d799549fac0,open,c26433ac-45b3-4916-b1db-2d799549fac0
0,c929ac74-ca05-4462-86ed-d8bc6ca5d19c,open,c929ac74-ca05-4462-86ed-d8bc6ca5d19c
0,f3a14c22-e402-4d59-a2c7-c34c878dbd39,open,f3a14c22-e402-4d59-a2c7-c34c878dbd39
0,e093beb7-ff89-4a0d-a4ba-376b2f2d8b3f,open,e093beb7-ff89-4a0d-a4ba-376b2f2d8b3f
0,afadd231-e315-4ea3-8c68-905768731194,open,afadd231-e315-4ea3-8c68-905768731194
0,e5bc1a55-4208-47bb-98a6-30550130e0f9,open,e5bc1a55-4208-47bb-98a6-30550130e0f9
0,6ef2457d-0830-4d2e-bbc5-c08f64d53ff1,open,6ef2457d-0830-4d2e-bbc5-c08f64d53ff1
0,ffc02eac-33c0-4598-8d3c-b215c67d8c1f,open,ffc02eac-33c0-4598-8d3c-b215c67d8c1f
0,51673e7a-1ce0-4a14-a1b4-0a190eae938f,open,51673e7a-1ce0-4a14-a1b4-0a190eae938f
0,3fea09c5-37ee-4f20-bff3-f3d2b0d0602a,open,3fea09c5-37ee-4f20-bff3-f3d2b0d0602a
0,99c0eb6c-3414-43d8-a2c5-15573add1040,open,99c0eb6c-3414-43d8-a2c5-15573add1040
0,6e9453e6-1eee-4f7f-b03d-8d3fb059a704,open,6e9453e6-1eee-4f7f-b03d-8d3fb059a704
0,1cebfbd1-a76f-477b-aadd-1cc1a02c0b3b,open,1cebfbd1-a76f-477b-aadd-1cc1a02c0b3b
0,1673c590-5c34-4064-ac29-0d18e04e9348,open,1673c590-5c34-4064-ac29-0d18e04e9348
0,0338163e-ea42-4634-9409-efba70a30c49,open,0338163e-ea42-4634-9409-efba70a30c49
0,4a84c59f-d8a6-4d3a-89b9-544651d284fe,open,4a84c59f-d8a6-4d3a-89b9-544651d284fe
0,9d4d7265-28d7-40ae-9027-3faa137569e8,open,9d4d7265-28d7-40ae-9027-3faa137569e8
0,53069dd7-f78f-48ee-af3d-15041d6cbb76,open,53069dd7-f78f-48ee-af3d-15041d6cbb76
0,189e99ee-dd64-4daa-8349-37b5abc0c48d,open,189e99ee-dd64-4daa-8349-37b5abc0c48d
0,8df7dc8c-7f87-41e5-9fe6-2a7ab56f1137,open,8df7dc8c-7f87-41e5-9fe6-2a7ab56f1137
0,a9c83ccc-0a61-4fdd-bc8a-78e2292d9b1f,open,a9c83ccc-0a61-4fdd-bc8a-78e2292d9b1f
0,fdb3ecab-8bb7-4030-a6a0-5c108bdc87b8,open,fdb3ecab-8bb7-4030-a6a0-5c108bdc87b8
0,f8d84812-2fae-449f-9c2a-d38b1c172471,open,f8d84812-2fae-449f-9c2a-d38b1c172471
0,636dffbc-dc06-4bb4-874c-09342369bffd,open,636dffbc-dc06-4bb4-874c-09342369bffd
0,927c3f65-f903-40dc-b3c8-5531fbca51f4,open,927c3f65-f903-40dc-b3c8-5531fbca51f4
0,16d57520-9f65-4557-b0bc-9f9e479dbfcf,open,16d57520-9f65-4557-b0bc-9f9e479dbfcf
0,135def05-327e-4e9d-b98e-6ab6d19f1cea,open,135def05-327e-4e9d-b98e-6ab6d19f1cea
0,4293f93e-a8b4-4907-be04-3e67091fc775,open,4293f93e-a8b4-4907-be04-3e67091fc775
0,7a4b4b5d-b3f3-4523-b994-ba67b24d7bf2,open,7a4b4b5d-b3f3-4523-b994-ba67b24d7bf2
0,5afdeee4-24d1-4d60-82e9-841a9743db47,open,5afdeee4-24d1-4d60-82e9-841a9743db47
0,95e3490f-6977-43bd-9522-bd044f4beb48,open,95e3490f-6977-43bd-9522-bd044f4beb48
0,eb73d796-4305-48a1-97bf-4320911e9fca,open,eb73d796-4305-48a1-97bf-4320911e9fca
0,d1897452-a2e9-4721-afa3-5089519b356c,open,d1897452-a2e9-4721-afa3-5089519b356c
0,a9a13d3f-a24e-439f-a458-fdcf59363053,open,a9a13d3f-a24e-439f-a458-fdcf59363053
0,085b1e86-d0ae-4fe1-b73a-67780701e2c7,open,085b1e86-d0ae-4fe1-b73a-67780701e2c7
0,dd973731-87e3-4c52-ab69-78cd935e1938,open,dd973731-87e3-4c52-ab69-78cd935e1938
0,6369d66b-4fe7-4b58-b27d-fbc9801882e0,open,6369d66b-4fe7-4b58-b27d-fbc9801882e0
0,e0aa007b-6c77-4a60-b571-07db513f6fda,open,e0aa007b-6c77-4a60-b571-07db513f6fda
0,db064f25-dc44-4537-ba57-02d26a1b3e7f,open,db064f25-dc44-4537-ba57-02d26a1b3e7f
0,5d1a4334-19c5-4f6b-b863-07037d5870d6,open,5d1a4334-19c5-4f6b-b863-07037d5870d6
0,7017d039-ba0a-4d70-915d-86776571332c,open,7017d039-ba0a-4d70-915d-86776571332c
0,5a5c3a26-ad7c-4114-99b2-f50b6452f442,open,5a5c3a26-ad7c-4114-99b2-f50b6452f442
0,c3d9df59-b5ee-43df-b9e6-c6730a3743ff,open,c3d9df59-b5ee-43df-b9e6-c6730a3743ff
0,f0340367-0544-4147-8479-379379c212b2,open,f0340367-0544-4147-8479-379379c212b2
0,2859525e-2063-4a43-86c8-d36371e3d582,open,2859525e-2063-4a43-86c8-d36371e3d582
0,f2ab2c5c-8498-4c0b-9065-1e24cd6904c9,open,f2ab2c5c-8498-4c0b-9065-1e24cd6904c9
0,c54a7135-f527-4d88-bf12-8508a3a864ff,open,c54a7135-f527-4d88-bf12-8508a3a864ff
0,c1cfba94-8369-456a-9fd7-f27788262c99,open,c1cfba94-8369-456a-9fd7-f27788262c99
0,616123eb-8c1a-466d-b859-da9896acb13c,open,616123eb-8c1a-466d-b859-da9896acb13c
0,c9f3a4f2-18c9-41ca-ad77-cb13f0323702,open,c9f3a4f2-18c9-41ca-ad77-cb13f0323702
0,a73c5548-cf35-453d-a7a9-8cc438170396,open,a73c5548-cf35-453d-a7a9-8cc438170396
0,16e6f9f6-554e-43f3-abeb-a4ee71ac9be5,open,16e6f9f6-554e-43f3-abeb-a4ee71ac9be5
0,8f132b86-f821-4753-a427-214d487ad7c4,open,8f132b86-f821-4753-a427-214d487ad7c4
0,1e71dfc2-1348-4a3f-ae0b-77acb0bbae61,open,1e71dfc2-1348-4a3f-ae0b-77acb0bbae61
0,7f0003a4-67fe-4d5d-8d9c-e2c40be0ad0c,open,7f0003a4-67fe-4d5d-8d9c-e2c40be0ad0c
0,51f783da-e65d-463f-ad5f-3cbfa44fdabc,open,51f783da-e65d-463f-ad5f-3cbfa44fdabc
0,28f7f5a0-7199-400b-beae-4cf101e5a370,open,28f7f5a0-7199-400b-beae-4cf101e5a370
0,7a788e31-1776-4de9-a3fa-40191f540930,open,7a788e31-1776-4de9-a3fa-40191f540930
0,0db87fd5-dee6-49cc-ad15-f6b23239f25f,open,0db87fd5-dee6-49cc-ad15-f6b23239f25f
0,216ce790-fc81-4eb8-9bc8-c46b7741cb4b,open,216ce790-fc81-4eb8-9bc8-c46b7741cb4b
0,40053f31-9cfa-439b-93d6-19e0d686463c,open,40053f31-9cfa-439b-93d6-19e0d686463c
0,e0af5b44-2444-4987-bab2-032448b2aaee,open,e0af5b44-2444-4987-bab2-032448b2aaee
0,15558247-abc1-4093-b0bd-e09cd2613392,open,15558247-abc1-4093-b0bd-e09cd2613392
0,016fa810-6391-4cdb-9127-40c706d9f8b9,open,016fa810-6391-4cdb-9127-40c706d9f8b9
0,e13f4559-77a8-49b4-8a02-287fe7787eaa,open,e13f4559-77a8-49b4-8a02-287fe7787eaa
0,8c5891b5-daa8-470f-9884-96c519b8541f,open,8c5891b5-daa8-470f-9884-96c519b8541f
0,ee1546a3-f922-480a-96b6-cb63816aff6a,open,ee1546a3-f922-480a-96b6-cb63816aff6a
0,fb0f2bc4-dd49-4caa-8455-57852a3fa794,open,fb0f2bc4-dd49-4caa-8455-57852a3fa794
0,6dea2e3e-74cc-4789-9e39-a1f7b6c61abf,open,6dea2e3e-74cc-4789-9e39-a1f7b6c61abf
0,14d1dda0-8407-4f04-a8cd-e532fd0ff5fe,open,14d1dda0-8407-4f04-a8cd-e532fd0ff5fe
0,3188ba2b-a44a-4b77-af69-a303fbb16f19,open,3188ba2b-a44a-4b77-af69-a303fbb16f19
0,a3185257-6018-42b6-9866-e5c77f035c6b,open,a3185257-6018-42b6-9866-e5c77f035c6b
0,f1d448c8-58c6-450a-8334-c2fb51b5c9b7,open,f1d448c8-58c6-450a-8334-c2fb51b5c9b7
0,6ffdd39c-4755-43d6-abaa-3a7cc18878ab,open,6ffdd39c-4755-43d6-abaa-3a7cc18878ab
0,6f808fc1-dcb0-417f-b550-5969247ee71d,open,6f808fc1-dcb0-417f-b550-5969247ee71d
0,c8dce23b-36c2-483e-a3b0-0cbd9b57caec,open,c8dce23b-36c2-483e-a3b0-0cbd9b57caec
0,48adf47a-4999-4662-a768-99234811eaa9,open,48adf47a-4999-4662-a768-99234811eaa9
0,46bdd661-accc-4a93-bd8f-25a69c33cae9,open,46bdd661-accc-4a93-bd8f-25a69c33cae9
0,213f9aa0-b17c-4229-b8c2-02a9920aa745,open,213f9aa0-b17c-4229-b8c2-02a9920aa745
0,2585c5e0-e401-4145-bea0-3cb57b81a7d1,open,2585c5e0-e401-4145-bea0-3cb57b81a7d1
0,53a9d1c4-3ca8-4ec6-91c7-b4cf734dc308,open,53a9d1c4-3ca8-4ec6-91c7-b4cf734dc308
0,71d08ebc-f732-4412-a7af-c67f29e24a80,open,71d08ebc-f732-4412-a7af-c67f29e24a80
0,77841a6e-dcc4-423b-9002-3c03d32bf8d0,open,77841a6e-dcc4-423b-9002-3c03d32bf8d0
0,ee9f0eae-f467-48eb-a359-7c4e4782ddc9,open,ee9f0eae-f467-48eb-a359-7c4e4782ddc9
0,4cbe01cb-faf2-4170-865d-4b905c6190b9,open,4cbe01cb-faf2-4170-865d-4b905c6190b9
0,caef32e8-719c-4f13-8d52-afb7ec51a953,open,caef32e8-719c-4f13-8d52-afb7ec51a953
0,3d5659bb-987c-41ec-9b49-a76cccc356ed,open,3d5659bb-987c-41ec-9b49-a76cccc356ed
0,76fa372e-505b-4696-87dc-3c22ee77bf48,open,76fa372e-505b-4696-87dc-3c22ee77bf48
0,672eaf71-43ba-4af5-b145-b38bb11f942f,open,672eaf71-43ba-4af5-b145-b38bb11f942f
0,d2a1fc4d-3b8c-47af-bd8a-63a223318d49,open,d2a1fc4d-3b8c-47af-bd8a-63a223318d49
0,d2684c70-0e48-4eca-ab1d-c13ba8449d43,open,d2684c70-0e48-4eca-ab1d-c13ba8449d43
0,e440b6ed-7d0e-4960-8d78-adc221e92eb7,open,e440b6ed-7d0e-4960-8d78-adc221e92eb7
0,f8d2526c-3112-4393-bc9e-5b0523a89ee4,open,f8d2526c-3112-4393-bc9e-5b0523a89ee4
0,75cc27ec-d72d-4e65-8dd2-010c7200d02b,open,75cc27ec-d72d-4e65-8dd2-010c7200d02b
0,f8f850f9-d796-46bc-aef1-80ab5dbe54bc,open,f8f850f9-d796-46bc-aef1-80ab5dbe54bc
0,56289e19-2b46-4154-af86-0f896b3a0388,open,56289e19-2b46-4154-af86-0f896b3a0388
0,0103e323-0ecc-4395-bd1b-dd0c583be440,open,0103e323-0ecc-4395-bd1b-dd0c583be440
0,98e433eb-2e04-4ed3-9784-4c08744b04fb,open,98e433eb-2e04-4ed3-9784-4c08744b04fb
0,6fafed69-1511-427a-a4d7-38f78a0e7697,open,6fafed69-1511-427a-a4d7-38f78a0e7697
0,34c905c6-a5d5-4584-9ad3-2ce6ea1c6c25,open,34c905c6-a5d5-4584-9ad3-2ce6ea1c6c25
0,875b84e8-cc56-4ed0-b26a-fa296d26fce1,open,875b84e8-cc56-4ed0-b26a-fa296d26fce1
0,21cf9fbb-a6b5-4ab2-b873-45ed981a8b4b,open,21cf9fbb-a6b5-4ab2-b873-45ed981a8b4b
0,f99224af-027f-4b2f-a23a-b6d50028918d,open,f99224af-027f-4b2f-a23a-b6d50028918d
0,50bae7c9-8df0-49cb-9abd-cc1631e46510,open,50bae7c9-8df0-49cb-9abd-cc1631e46510
0,2fb1306e-17cf-42a3-b316-e2e769648a00,open,2fb1306e-17cf-42a3-b316-e2e769648a00
0,1e3c1927-df77-42ac-9ca4-a06e5fe94515,open,1e3c1927-df77-42ac-9ca4-a06e5fe94515
0,e5707013-1ebc-407c-801e-d137dcb0dc31,open,e5707013-1ebc-407c-801e-d137dcb0dc31
0,bbebfeb2-29c8-438e-8d7e-18da7f1bb593,open,bbebfeb2-29c8-438e-8d7e-18da7f1bb593
0,986174cc-a311-45f7-afd6-445d24f59743,open,986174cc-a311-45f7-afd6-445d24f59743
0,3721c90d-93de-4e6c-bbab-6cde36a7bcc1,open,3721c90d-93de-4e6c-bbab-6cde36a7bcc1
0,c9aef073-0e0e-4dd9-82b5-fa9da0cabba4,open,c9aef073-0e0e-4dd9-82b5-fa9da0cabba4
0,86f5c4d7-660b-4200-87ad-5db0134650f8,open,86f5c4d7-660b-4200-87ad-5db0134650f8
0,89f2e12c-113f-4f88-93f7-99810961a71c,open,89f2e12c-113f-4f88-93f7-99810961a71c
0,836f89bb-730b-48c1-922b-2485c6c047f6,open,836f89bb-730b-48c1-922b-2485c6c047f6
0,dc3d7bfd-fd2a-413c-a5d3-2f89755f4db3,open,dc3d7bfd-fd2a-413c-a5d3-2f89755f4db3
0,e73b1cc8-7090-42df-a348-6fd3764e02e5,open,e73b1cc8-7090-42df-a348-6fd3764e02e5
0,b031c1d6-639d-419c-9b50-2aaa7612784f,open,b031c1d6-639d-419c-9b50-2aaa7612784f
0,de3f3ca5-6ead-4cc5-ba85-d302fa901beb,open,de3f3ca5-6ead-4cc5-ba85-d302fa901beb
0,ded51f14-42ce-4681-8db1-4d7d33e70341,open,ded51f14-42ce-4681-8db1-4d7d33e70341
0,fd336f20-d55f-4d08-96a4-9a787cf9e416,open,fd336f20-d55f-4d08-96a4-9a787cf9e416
0,616c6f5e-dc46-4bca-a100-61a69bd13dc7,open,616c6f5e-dc46-4bca-a100-61a69bd13dc7
0,4c532831-2910-4b06-9fce-48d770632f56,open,4c532831-2910-4b06-9fce-48d770632f56
0,75559fe5-5792-4fbf-b0f2-ba44f117bfa5,open,75559fe5-5792-4fbf-b0f2-ba44f117bfa5
0,72e36d14-d4df-48d2-8a73-fcc84adea57b,open,72e36d14-d4df-48d2-8a73-fcc84adea57b
0,8bddc3c4-64cf-4a6a-a63f-a8e3fb90d2e0,open,8bddc3c4-64cf-4a6a-a63f-a8e3fb90d2e0
0,701576bf-54e4-4c73-80e8-3bb8ce34f401,open,701576bf-54e4-4c73-80e8-3bb8ce34f401
0,0175aad5-6ddc-4e77-917e-5a999db11419,open,0175aad5-6ddc-4e77-917e-5a999db11419
0,bfca4c0c-02cc-4b3e-a79b-00a800bcdc5d,open,bfca4c0c-02cc-4b3e-a79b-00a800bcdc5d
0,9da767bf-238b-45d5-9533-244bd066b799,open,9da767bf-238b-45d5-9533-244bd066b799
0,f6cbfd79-5554-49d5-b8cb-0ad5f4411dd9,open,f6cbfd79-5554-49d5-b8cb-0ad5f4411dd9
0,31a8e26d-9665-49b5-8830-3a1186957764,open,31a8e26d-9665-49b5-8830-3a1186957764
0,12542287-5c19-4476-b623-6632304734d4,open,12542287-5c19-4476-b623-6632304734d4
0,a7b8d170-9216-458d-ac6a-649a42183d90,open,a7b8d170-9216-458d-ac6a-649a42183d90
0,c52f1af5-fb2b-478e-8d20-50d830c341eb,open,c52f1af5-fb2b-478e-8d20-50d830c341eb
0,7858bc65-587b-49cf-a78a-fb3538473f21,open,7858bc65-587b-49cf-a78a-fb3538473f21
0,b5c6f5d5-e983-4416-aa27-67906981b7b2,open,b5c6f5d5-e983-4416-aa27-67906981b7b2
0,7e84aaf6-2dfe-4929-8fc6-1ac5fb0bf9cf,open,7e84aaf6-2dfe-4929-8fc6-1ac5fb0bf9cf
0,c9d4070e-646f-46d2-add3-8fd8fa3c4c89,open,c9d4070e-646f-46d2-add3-8fd8fa3c4c89
0,674f2834-a6a9-49f8-92b7-96c76ba6f819,open,674f2834-a6a9-49f8-92b7-96c76ba6f819
0,bc0c1bfd-700a-40c4-9e59-027f2b67470a,open,bc0c1bfd-700a-40c4-9e59-027f2b67470a
0,671be2e2-39c8-45fc-9f55-1339a67c36d6,open,671be2e2-39c8-45fc-9f55-1339a67c36d6
0,8615b278-c433-4fb8-bd6c-f3d7b4de9805,open,8615b278-c433-4fb8-bd6c-f3d7b4de9805
0,424261d1-a362-4ad3-a61c-38e21e079f87,open,424261d1-a362-4ad3-a61c-38e21e079f87
0,2bb6cae8-ab1e-4f0d-be5b-b6558233806e,open,2bb6cae8-ab1e-4f0d-be5b-b6558233806e
0,546b329e-9378-4672-8b3d-bcd635e42967,open,546b329e-9378-4672-8b3d-bcd635e42967
0,6f121e0a-6ad4-4b05-9eb0-ff1ba9977147,open,6f121e0a-6ad4-4b05-9eb0-ff1ba9977147
0,1fad7b6c-7096-4db7-a7ff-f10c5bc7e423,open,1fad7b6c-7096-4db7-a7ff-f10c5bc7e423
0,d5078900-700c-4f0c-8e42-efad162f425a,open,d5078900-700c-4f0c-8e42-efad162f425a
0,a9d375a0-4a24-4056-9d18-7838e00f2791,open,a9d375a0-4a24-4056-9d18-7838e00f2791
0,975148be-4e24-4d74-acca-2556704f63ad,open,975148be-4e24-4d74-acca-2556704f63ad
0,21621587-00ee-4c09-8ce1-309ea2bd338b,open,21621587-00ee-4c09-8ce1-309ea2bd338b
0,0e060495-4028-4cb4-a496-3d068164ff49,open,0e060495-4028-4cb4-a496-3d068164ff49
0,2dde3474-ef6d-4b23-ad55-b8d09926ee4a,open,2dde3474-ef6d-4b23-ad55-b8d09926ee4a
0,81388a32-f3f2-400a-9a00-c44d94090321,open,81388a32-f3f2-400a-9a00-c44d94090321
0,0dce8e4b-c83a-4002-a5a0-128e7097daad,open,0dce8e4b-c83a-4002-a5a0-128e7097daad
0,9cce2086-a0c5-4639-be16-6d1d02f5296b,open,9cce2086-a0c5-4639-be16-6d1d02f5296b
0,24376a9d-a56a-4cbb-8492-d508eb22f047,open,24376a9d-a56a-4cbb-8492-d508eb22f047
0,ed322e52-a878-4c72-82be-0cdf96a3cb4d,open,ed322e52-a878-4c72-82be-0cdf96a3cb4d
0,2e377880-c7d7-4674-bcdf-ba6bc374bd3d,open,2e377880-c7d7-4674-bcdf-ba6bc374bd3d
0,cc500c6e-6e07-452c-81d3-c661ba60188b,open,cc500c6e-6e07-452c-81d3-c661ba60188b
0,b20313c7-642a-4e9e-91da-56b64ed02e6a,open,b20313c7-642a-4e9e-91da-56b64ed02e6a
0,9d6c2405-c088-4aac-80d3-9d34de3af45c,open,9d6c2405-c088-4aac-80d3-9d34de3af45c
0,3f5c9dff-fb07-4792-a539-97b8dcd31afd,open,3f5c9dff-fb07-4792-a539-97b8dcd31afd
0,2c2ae506-e2ed-48b8-ade7-38e729e03df0,open,2c2ae506-e2ed-48b8-ade7-38e729e03df0
0,7a6e4dd7-ec3a-4cb5-86a2-594e4b5355fc,open,7a6e4dd7-ec3a-4cb5-86a2-594e4b5355fc
0,1bdfc99c-e4b0-4b6b-a0f8-b29539ddbeba,open,1bdfc99c-e4b0-4b6b-a0f8-b29539ddbeba
0,e0111bac-992a-45eb-913e-2fabee89b5e5,open,e0111bac-992a-45eb-913e-2fabee89b5e5
0,1cbd606c-05ae-437d-b8a2-a2a7aad24045,open,1cbd606c-05ae-437d-b8a2-a2a7aad24045
0,7867976d-b4c2-4b2e-8591-a9afa61ee1f8,open,7867976d-b4c2-4b2e-8591-a9afa61ee1f8
0,14e7971f-4b66-4a70-adb0-88eb46f5f90d,open,14e7971f-4b66-4a70-adb0-88eb46f5f90d
0,2e844cdf-90ad-44ce-9f00-913677730f4d,open,2e844cdf-90ad-44ce-9f00-913677730f4d
0,553e6469-45d5-4aad-adbb-d392a6693b26,open,553e6469-45d5-4aad-adbb-d392a6693b26
0,1d2fc2ed-3208-4ab3-976b-9ad8d10c0ee4,open,1d2fc2ed-3208-4ab3-976b-9ad8d10c0ee4
0,1fdc32b4-47b1-4a53-a849-36ca5e3d9914,open,1fdc32b4-47b1-4a53-a849-36ca5e3d9914
0,3a54b73c-70b0-449d-9f09-404142fb383f,open,3a54b73c-70b0-449d-9f09-404142fb383f
0,a0019dc8-8599-456c-9907-80631e4748d7,open,a0019dc8-8599-456c-9907-80631e4748d7
0,8832d696-061a-4c18-b2fc-c351cd440c93,open,8832d696-061a-4c18-b2fc-c351cd440c93
0,90b7ed6b-d648-4205-8b86-cb2c5a733496,open,90b7ed6b-d648-4205-8b86-cb2c5a733496
0,ece9c9f5-9282-46ad-83f5-6b8822789861,open,ece9c9f5-9282-46ad-83f5-6b8822789861
0,59e718cc-b8db-450d-9c4b-8b37fdd53b1f,open,59e718cc-b8db-450d-9c4b-8b37fdd53b1f
0,96df0ba4-0e6f-4e3b-a1d0-807a9a988e4b,open,96df0ba4-0e6f-4e3b-a1d0-807a9a988e4b
0,5dd3fac1-06a2-4132-b3b3-ee3fa504ad87,open,5dd3fac1-06a2-4132-b3b3-ee3fa504ad87
0,360657e2-53e9-4a81-a369-893631ecfdfc,open,360657e2-53e9-4a81-a369-893631ecfdfc
0,54b1da5b-8e96-44aa-ac78-397877b2feae,open,54b1da5b-8e96-44aa-ac78-397877b2feae
0,dbd37b01-7c75-41c9-ad4f-c92bbfd55213,open,dbd37b01-7c75-41c9-ad4f-c92bbfd55213
0,2c508f9f-df24-46fd-86e3-fae2f2545db7,open,2c508f9f-df24-46fd-86e3-fae2f2545db7
0,1fec3eab-fc78-4c19-8097-df4125d81528,open,1fec3eab-fc78-4c19-8097-df4125d81528
0,77b054a6-58b2-48d5-b346-74658e810a39,open,77b054a6-58b2-48d5-b346-74658e810a39
0,a07f4349-d6a6-4d80-8aea-df179126ccfe,open,a07f4349-d6a6-4d80-8aea-df179126ccfe
0,c148d13a-c55c-44cd-94c2-d44c96cd20aa,open,c148d13a-c55c-44cd-94c2-d44c96cd20aa
0,f1e0bfc4-d4aa-43c8-bde4-3f362bc6293e,open,f1e0bfc4-d4aa-43c8-bde4-3f362bc6293e
0,ebeac9dd-4c47-425f-943b-0dcc03d5cc1f,open,ebeac9dd-4c47-425f-943b-0dcc03d5cc1f
0,6cc9385a-eb7f-4026-8b10-973f4a420c47,open,6cc9385a-eb7f-4026-8b10-973f4a420c47
0,d8474c9a-8ca5-43ca-aa79-ae121dd0e66b,open,d8474c9a-8ca5-43ca-aa79-ae121dd0e66b
0,a2406dd4-a60f-456d-9668-7bc7c205068d,open,a2406dd4-a60f-456d-9668-7bc7c205068d
0,e65e9f51-c985-4a37-92e2-b766010a9831,open,e65e9f51-c985-4a37-92e2-b766010a9831
0,f88d5272-65dc-4657-832f-25f0b6fe4247,open,f88d5272-65dc-4657-832f-25f0b6fe4247
0,e2d8a081-0049-4f3c-a8bd-df178464ab02,open,e2d8a081-0049-4f3c-a8bd-df178464ab02
0,b13f0fe8-c51b-4361-895d-9f77e966de9e,open,b13f0fe8-c51b-4361-895d-9f77e966de9e
0,675ac228-c2b7-4a64-b9f4-7b6cd706d1d8,open,675ac228-c2b7-4a64-b9f4-7b6cd706d1d8
0,e9cf499d-6d48-456e-bd79-4405986f788d,open,e9cf499d-6d48-456e-bd79-4405986f788d
0,dad62146-c9ba-426b-8bc0-32271cf303f6,open,dad62146-c9ba-426b-8bc0-32271cf303f6
0,cc520f84-f196-403e-8a86-b509dcebb59e,open,cc520f84-f196-403e-8a86-b509dcebb59e
0,fa770ee2-8ad4-40cc-8448-9e26d037ce72,open,fa770ee2-8ad4-40cc-8448-9e26d037ce72
0,f3997789-29b7-45bb-9ca4-dd878edd8e5c,open,f3997789-29b7-45bb-9ca4-dd878edd8e5c
0,a0af0264-4c15-4053-83d7-8d26accee47a,open,a0af0264-4c15-4053-83d7-8d26accee47a
0,1e48169c-560b-4229-a12a-8e8a8eb02f2e,open,1e48169c-560b-4229-a12a-8e8a8eb02f2e
0,75d68a17-b3c7-4d20-8f95-0600e2f77649,open,75d68a17-b3c7-4d20-8f95-0600e2f77649
0,7ebf9de1-05ad-414b-a293-21da9e0ab345,open,7ebf9de1-05ad-414b-a293-21da9e0ab345
0,f79dd976-dc64-47d1-ac8e-4a22ccf9962a,open,f79dd976-dc64-47d1-ac8e-4a22ccf9962a
0,87f163df-6d98-48e3-a555-7d664c1fbb4a,open,87f163df-6d98-48e3-a555-7d664c1fbb4a
0,5deaa1fe-01f5-48ed-b720-f800847a7742,open,5deaa1fe-01f5-48ed-b720-f800847a7742
0,18f17820-7fb1-4548-9a9c-d3d375d5984f,open,18f17820-7fb1-4548-9a9c-d3d375d5984f
0,8c24353c-85a2-4fa0-bca1-a857de000fa9,open,8c24353c-85a2-4fa0-bca1-a857de000fa9
0,70b6ebbd-2e92-485d-90f5-f844ab09e872,open,70b6ebbd-2e92-485d-90f5-f844ab09e872
0,f1aa360a-0882-47cd-a7c8-39d28d3e66c2,open,f1aa360a-0882-47cd-a7c8-39d28d3e66c2
0,ba695cca-23c7-46d4-8b25-37b890c5bd50,open,ba695cca-23c7-46d4-8b25-37b890c5bd50
0,8caa0c63-235b-48bd-8365-1dfdade3dc20,open,8caa0c63-235b-48bd-8365-1dfdade3dc20
0,bf048bcf-b93e-4d73-b9c8-2d74ff42763e,open,bf048bcf-b93e-4d73-b9c8-2d74ff42763e
0,7007bedc-1d3f-42ed-9fc4-a2c3d11d9603,open,7007bedc-1d3f-42ed-9fc4-a2c3d11d9603
0,3967c531-0423-497f-84b4-964ea0fb1258,open,3967c531-0423-497f-84b4-964ea0fb1258
0,36595aa0-6fba-48a4-a7c0-84a244679638,open,36595aa0-6fba-48a4-a7c0-84a244679638
0,fa01c531-5b2b-4893-b8d5-58bc87c37109,open,fa01c531-5b2b-4893-b8d5-58bc87c37109
0,04b46d5b-d9a2-4c37-bd10-ff658e7df412,open,04b46d5b-d9a2-4c37-bd10-ff658e7df412
0,63ef732e-2840-4d05-bdf4-662cddfc79ab,open,63ef732e-2840-4d05-bdf4-662cddfc79ab
0,8c5d2942-22fa-4c56-9d60-53faba5bd492,open,8c5d2942-22fa-4c56-9d60-53faba5bd492
0,06e2da93-b4d9-4682-9ff4-73f8fff30e2e,open,06e2da93-b4d9-4682-9ff4-73f8fff30e2e
0,e73528ed-3e24-4e63-986d-be57cd651d9f,open,e73528ed-3e24-4e63-986d-be57cd651d9f
0,f783520b-a176-43c8-9419-2d10ee014c85,open,f783520b-a176-43c8-9419-2d10ee014c85
0,b8e71ff9-b785-4d9e-ae3d-a14a835e4d6a,open,b8e71ff9-b785-4d9e-ae3d-a14a835e4d6a
0,8f364e16-9e62-421b-be2a-be1e42369638,open,8f364e16-9e62-421b-be2a-be1e42369638
0,a2ba8d48-5d76-4c58-85bb-8724388d8820,open,a2ba8d48-5d76-4c58-85bb-8724388d8820
0,88f84030-0a02-4475-b08a-d273f6fe866b,open,88f84030-0a02-4475-b08a-d273f6fe866b
0,079749c2-11e6-44dc-8d85-a66a1b1c5edb,open,079749c2-11e6-44dc-8d85-a66a1b1c5edb
0,f59e242f-ee84-4715-89a9-4a9e9afe5dcf,open,f59e242f-ee84-4715-89a9-4a9e9afe5dcf
0,a8e38a69-ee94-4277-8374-11926068c136,open,a8e38a69-ee94-4277-8374-11926068c136
0,31fb0bf5-7130-4363-a0f3-b29fe39a5eda,open,31fb0bf5-7130-4363-a0f3-b29fe39a5eda
0,44e11547-8f50-480d-a368-80c442c9eb37,open,44e11547-8f50-480d-a368-80c442c9eb37
0,b0e1d95c-d3e1-493f-8aca-c02a7b5e7c16,open,b0e1d95c-d3e1-493f-8aca-c02a7b5e7c16
0,01b20731-8628-4513-8b4a-2c5ed7c76d27,open,01b20731-8628-4513-8b4a-2c5ed7c76d27
0,017447f8-9340-48a4-95dd-b986d7fe485b,open,017447f8-9340-48a4-95dd-b986d7fe485b
0,044af482-ebb6-4d58-80fe-ee04feb7732d,open,044af482-ebb6-4d58-80fe-ee04feb7732d
0,bc3ce84e-65aa-4d0e-a51b-97b92b25a7bf,open,bc3ce84e-65aa-4d0e-a51b-97b92b25a7bf
0,e72476d6-ebb8-4f55-b1e7-dc901eb72fc9,open,e72476d6-ebb8-4f55-b1e7-dc901eb72fc9
0,0c479de5-bc07-4b46-9b48-c258ec125525,open,0c479de5-bc07-4b46-9b48-c258ec125525
0,cd8b5878-87da-4860-a6cd-1d36eaf1f376,open,cd8b5878-87da-4860-a6cd-1d36eaf1f376
0,2151a7c8-84e3-4d77-be69-aafd46dc06b7,open,2151a7c8-84e3-4d77-be69-aafd46dc06b7
0,e133a0e4-181c-4e70-947f-9b6232d6ee44,open,e133a0e4-181c-4e70-947f-9b6232d6ee44
0,ae520031-2d92-487c-adb0-480156182b49,open,ae520031-2d92-487c-adb0-480156182b49
0,9ff92a92-2fb5-4425-a87e-aaa705a6e6a2,open,9ff92a92-2fb5-4425-a87e-aaa705a6e6a2
0,14b64c58-0ebd-4733-9357-35a93fcb87f5,open,14b64c58-0ebd-4733-9357-35a93fcb87f5
0,56d606c0-e87e-4f1f-9787-a41d7e33d4f5,open,56d606c0-e87e-4f1f-9787-a41d7e33d4f5
0,e9b09a86-1bd7-4da4-b932-7b78448364f0,open,e9b09a86-1bd7-4da4-b932-7b78448364f0
0,89da49d5-8772-4ad9-abd9-0aab5126a177,open,89da49d5-8772-4ad9-abd9-0aab5126a177
0,497c1d29-1d28-4bbb-b3c2-5c64471fe4f3,open,497c1d29-1d28-4bbb-b3c2-5c64471fe4f3
0,9ce33252-970e-48d8-80c1-1517edbe6e37,open,9ce33252-970e-48d8-80c1-1517edbe6e37
0,00cfa919-d2fb-499b-a1c7-29a478b4169e,open,00cfa919-d2fb-499b-a1c7-29a478b4169e
0,0af3cee7-007a-4c70-bbc4-04f3ed130fe5,open,0af3cee7-007a-4c70-bbc4-04f3ed130fe5
0,f9dbefd6-aca1-431c-b0d6-b0fa64c90cb7,open,f9dbefd6-aca1-431c-b0d6-b0fa64c90cb7
0,d8866061-8535-4473-991d-8f8bd5ca7b02,open,d8866061-8535-4473-991d-8f8bd5ca7b02
0,2efe8c96-4c2a-4240-8b52-e6a4b3fbaed4,open,2efe8c96-4c2a-4240-8b52-e6a4b3fbaed4
0,eb308a70-c300-4076-b6ec-e70205618227,open,eb308a70-c300-4076-b6ec-e70205618227
0,7d047f6f-21be-4c71-935b-4e567cb2087b,open,7d047f6f-21be-4c71-935b-4e567cb2087b
0,44d18c44-618f-4961-b45d-bf97b195c7d7,open,44d18c44-618f-4961-b45d-bf97b195c7d7
0,ae4595be-9f91-4792-8bfb-63a42ed04b71,open,ae4595be-9f91-4792-8bfb-63a42ed04b71
0,b3d9bda8-2b6e-4ca5-aee4-46e2635d28d0,open,b3d9bda8-2b6e-4ca5-aee4-46e2635d28d0
0,43fafe95-d1ba-4869-9540-b6c38f6b99c6,open,43fafe95-d1ba-4869-9540-b6c38f6b99c6
0,deaa4d47-0047-47c3-95ff-0870fac31512,open,deaa4d47-0047-47c3-95ff-0870fac31512
0,ed7298e7-0f7e-4d67-bf1c-865c91adb4cf,open,ed7298e7-0f7e-4d67-bf1c-865c91adb4cf
0,de16d35e-3c83-42f6-af51-c8a2b8f89031,open,de16d35e-3c83-42f6-af51-c8a2b8f89031
0,635b3e60-325d-4a76-a8c7-2327ea178324,open,635b3e60-325d-4a76-a8c7-2327ea178324
0,8ab90b11-be9d-4ff9-9f7c-8d62487ce92c,open,8ab90b11-be9d-4ff9-9f7c-8d62487ce92c
0,e259a01b-9813-4d33-b7b6-9b8cb1e3bdf9,open,e259a01b-9813-4d33-b7b6-9b8cb1e3bdf9
0,42a735c8-1fb1-4ee9-a21e-7ae508771bea,open,42a735c8-1fb1-4ee9-a21e-7ae508771bea
0,59bbce28-f50a-4faa-86ee-8be571ca3c4b,open,59bbce28-f50a-4faa-86ee-8be571ca3c4b
0,dd4ca269-6290-4523-8b59-739ab49a8ecb,open,dd4ca269-6290-4523-8b59-739ab49a8ecb
0,134485a5-978d-48b9-9ac9-d625b91315f6,open,134485a5-978d-48b9-9ac9-d625b91315f6
0,87192559-1b6a-44cd-a439-e1858b217363,open,87192559-1b6a-44cd-a439-e1858b217363
0,7345f1da-7abe-4943-9c18-2a99ede7b1dd,open,7345f1da-7abe-4943-9c18-2a99ede7b1dd
0,066f5783-7349-4fff-a431-5ef21b1ba65d,open,066f5783-7349-4fff-a431-5ef21b1ba65d
0,a186a789-84d0-489e-bc9a-0647ca5439c6,open,a186a789-84d0-489e-bc9a-0647ca5439c6
0,bf22bb19-d981-4116-8b26-519dd4cd50f0,open,bf22bb19-d981-4116-8b26-519dd4cd50f0
0,9741d5d2-6461-480e-ab47-01679ea257c3,open,9741d5d2-6461-480e-ab47-01679ea257c3
0,3adea103-7265-4fe0-b275-df53082e63c5,open,3adea103-7265-4fe0-b275-df53082e63c5
0,b5485e40-c2a2-48f2-b3a3-ebcb4349e7db,open,b5485e40-c2a2-48f2-b3a3-ebcb4349e7db
0,6b470c9f-59b3-409d-a39f-6ce8f45f067d,open,6b470c9f-59b3-409d-a39f-6ce8f45f067d
0,9168a96e-3c59-4edc-b4ca-3117f384c2f5,open,9168a96e-3c59-4edc-b4ca-3117f384c2f5
0,74f8a134-1bb9-454a-81ca-5a36b96e835f,open,74f8a134-1bb9-454a-81ca-5a36b96e835f
0,de8eea70-fbb8-4a6f-8ec1-984c2f81e914,open,de8eea70-fbb8-4a6f-8ec1-984c2f81e914
0,b448c374-a98c-483b-af7f-6ae0e1e09ae9,open,b448c374-a98c-483b-af7f-6ae0e1e09ae9
0,5efe65fd-b503-4131-9555-df0045444c18,open,5efe65fd-b503-4131-9555-df0045444c18
0,3dbd2eab-0a01-48ce-a6cd-3e6e969672a1,open,3dbd2eab-0a01-48ce-a6cd-3e6e969672a1
0,c99a76cb-963c-41ef-a902-ac7873043bac,open,c99a76cb-963c-41ef-a902-ac7873043bac
0,adb06b06-bc27-4699-9323-abf6469a5362,open,adb06b06-bc27-4699-9323-abf6469a5362
0,50a3ccce-74cf-46eb-bec0-aa2bdf52a094,open,50a3ccce-74cf-46eb-bec0-aa2bdf52a094
0,8560ea1d-5fc6-4395-b60b-65995b05f1cd,open,8560ea1d-5fc6-4395-b60b-65995b05f1cd
0,0258754e-7733-4ae4-aaeb-c8b46e417537,open,0258754e-7733-4ae4-aaeb-c8b46e417537
0,de0ef5bc-a8b3-48a2-bd3b-1b9986762795,open,de0ef5bc-a8b3-48a2-bd3b-1b9986762795
0,e485e192-ded2-4274-b773-1f817cd6df90,open,e485e192-ded2-4274-b773-1f817cd6df90
0,8e88d951-8151-4b4e-a494-e3d8f907ccda,open,8e88d951-8151-4b4e-a494-e3d8f907ccda
0,3c636375-be26-49dc-960a-e413c2b66aa8,open,3c636375-be26-49dc-960a-e413c2b66aa8
0,73932a9e-1dd3-4875-b50f-a1f490fc8540,open,73932a9e-1dd3-4875-b50f-a1f490fc8540
0,b8fb2e54-30ad-4eac-a403-c05d81d2c7c9,open,b8fb2e54-30ad-4eac-a403-c05d81d2c7c9
0,ea04b8e9-88e8-4c61-8ee9-889d5a751cad,open,ea04b8e9-88e8-4c61-8ee9-889d5a751cad
0,b4bb9515-f8b8-49d6-b398-e02f3febadd2,open,b4bb9515-f8b8-49d6-b398-e02f3febadd2
0,58dd6018-9a17-43fe-888e-f3fd4049f3fb,open,58dd6018-9a17-43fe-888e-f3fd4049f3fb
0,a6e71e31-6107-460c-83f9-ad2f4d842265,open,a6e71e31-6107-460c-83f9-ad2f4d842265
0,186d53dc-630b-4a10-bc5c-cce0331d9605,open,186d53dc-630b-4a10-bc5c-cce0331d9605
0,ceff695d-3c40-4d14-be0f-70d6dd6226b9,open,ceff695d-3c40-4d14-be0f-70d6dd6226b9
0,bac32c25-9fd8-48bb-8955-69860627335d,open,bac32c25-9fd8-48bb-8955-69860627335d
0,8c3344f9-0cff-40f4-9900-fa6ea0c7094b,open,8c3344f9-0cff-40f4-9900-fa6ea0c7094b
0,0de76089-860a-4d0a-9324-4948aa4d383b,open,0de76089-860a-4d0a-9324-4948aa4d383b
0,5317767e-363e-4e5c-a340-df18e74e2434,open,5317767e-363e-4e5c-a340-df18e74e2434
0,ba53b38d-5df3-4a64-ac16-59372f445a9f,open,ba53b38d-5df3-4a64-ac16-59372f445a9f
0,1036539f-8229-4277-b501-e9f339b7dbd7,open,1036539f-8229-4277-b501-e9f339b7dbd7
0,24240037-3914-4f8f-afba-be9515cef2da,open,24240037-3914-4f8f-afba-be9515cef2da
0,d99e1df1-07e9-4dd6-8109-45ee5e1a55d7,open,d99e1df1-07e9-4dd6-8109-45ee5e1a55d7
0,67cdcf8d-979b-4ed9-ba6f-8579687131ad,open,67cdcf8d-979b-4ed9-ba6f-8579687131ad
0,0c7b8b0a-68c5-4848-9c5f-85cd12bd6cd3,open,0c7b8b0a-68c5-4848-9c5f-85cd12bd6cd3
0,c5a447d5-d0ba-4d9e-8be1-3f26ca3d195d,open,c5a447d5-d0ba-4d9e-8be1-3f26ca3d195d
0,280c4c73-13ab-4a7c-83d7-7cef70991517,open,280c4c73-13ab-4a7c-83d7-7cef70991517
0,fa640af3-b7a8-4166-a31a-f901284799ac,open,fa640af3-b7a8-4166-a31a-f901284799ac
0,a8c2d64a-dd81-49eb-b832-3e492fbf90c8,open,a8c2d64a-dd81-49eb-b832-3e492fbf90c8
0,47b6894f-7a18-4ba3-9e3f-a9a5164b0df5,open,47b6894f-7a18-4ba3-9e3f-a9a5164b0df5
0,c79c3bb8-d69f-4244-9861-8f341dad9f24,open,c79c3bb8-d69f-4244-9861-8f341dad9f24
0,e39cb907-5a8a-44b4-b1cb-59aab1a8e41b,open,e39cb907-5a8a-44b4-b1cb-59aab1a8e41b
0,2ea91868-e333-4df2-8b41-3d5b46a8a368,open,2ea91868-e333-4df2-8b41-3d5b46a8a368
0,71db2ca5-c6e7-416b-8fb1-0d9e44f48e59,open,71db2ca5-c6e7-416b-8fb1-0d9e44f48e59
0,973a73f2-94d1-4a11-b781-862620ba638a,open,973a73f2-94d1-4a11-b781-862620ba638a
0,adbdd2a1-c606-4101-8c37-be2d2109d515,open,adbdd2a1-c606-4101-8c37-be2d2109d515
0,bf694474-2fa5-455d-b154-ca9540e694fc,open,bf694474-2fa5-455d-b154-ca9540e694fc
0,a2bec315-9376-46d4-a1bd-8ec255176a79,open,a2bec315-9376-46d4-a1bd-8ec255176a79
0,a8558ec9-2230-4855-8b5a-326f82694b14,open,a8558ec9-2230-4855-8b5a-326f82694b14
0,a67a1fe3-e5cc-425f-bb22-e2e7508ffd36,open,a67a1fe3-e5cc-425f-bb22-e2e7508ffd36
0,9c01929d-f15b-4532-b434-93acb06a0507,open,9c01929d-f15b-4532-b434-93acb06a0507
0,12b43c7e-7b19-4d08-bcca-acebf769bc41,open,12b43c7e-7b19-4d08-bcca-acebf769bc41
0,fb2ccc45-28ef-4c72-9c1c-7d4386c2b76a,open,fb2ccc45-28ef-4c72-9c1c-7d4386c2b76a
0,5a722b14-5768-48f9-8dfa-a1db857e4842,open,5a722b14-5768-48f9-8dfa-a1db857e4842
0,70f9ee27-14ff-47f1-96a9-723214495e80,open,70f9ee27-14ff-47f1-96a9-723214495e80
0,b4b7a372-a889-4132-a1bd-585d9c73a2b6,open,b4b7a372-a889-4132-a1bd-585d9c73a2b6
0,55261693-85be-47cb-80b5-26e32d63ece9,open,55261693-85be-47cb-80b5-26e32d63ece9
0,4e6a8ab6-c40e-4118-bc8c-d3291a1ef72e,open,4e6a8ab6-c40e-4118-bc8c-d3291a1ef72e
0,3f8a6634-1852-42f5-b556-d8b731089ab2,open,3f8a6634-1852-42f5-b556-d8b731089ab2
0,69ec0e42-845c-426d-a266-41c714dca8e1,open,69ec0e42-845c-426d-a266-41c714dca8e1
0,0c89d1fb-1338-4c7d-b850-1cd8a2cda770,open,0c89d1fb-1338-4c7d-b850-1cd8a2cda770
0,da58856d-bd70-408f-a79d-2d4e1dc0c3f3,open,da58856d-bd70-408f-a79d-2d4e1dc0c3f3
0,d9a62dd5-7245-41af-a2ae-7d524f3289db,open,d9a62dd5-7245-41af-a2ae-7d524f3289db
0,47cdb752-e263-49a7-874b-f5ba7053d185,open,47cdb752-e263-49a7-874b-f5ba7053d185
0,87c9f932-b6d3-47d6-8d56-f47fd35bb322,open,87c9f932-b6d3-47d6-8d56-f47fd35bb322
0,94415df8-3c0b-4c18-a6a8-79d9784a558a,open,94415df8-3c0b-4c18-a6a8-79d9784a558a
0,ee02b6ae-4cb3-4813-9e95-840c771c46d8,open,ee02b6ae-4cb3-4813-9e95-840c771c46d8
0,f67d1a01-7b40-4cc0-943a-670a4c136477,open,f67d1a01-7b40-4cc0-943a-670a4c136477
0,0661dbef-aa94-4566-8422-6a99049ebcab,open,0661dbef-aa94-4566-8422-6a99049ebcab
0,f394531d-b9f2-41f9-a5eb-e0b400a9543f,open,f394531d-b9f2-41f9-a5eb-e0b400a9543f
0,b38572d2-6f4c-45a7-b898-1eaee48c6865,open,b38572d2-6f4c-45a7-b898-1eaee48c6865
0,abf42ece-91ba-45cc-b9c5-8e14b9961322,open,abf42ece-91ba-45cc-b9c5-8e14b9961322
0,5f122a41-696f-40fb-83a9-a68c3d3456de,open,5f122a41-696f-40fb-83a9-a68c3d3456de
0,a1f93a6f-4ac2-4ba1-9bc6-dbe44b59b195,open,a1f93a6f-4ac2-4ba1-9bc6-dbe44b59b195
0,b17818bb-47a0-4a8e-b1ac-52982aa09c56,open,b17818bb-47a0-4a8e-b1ac-52982aa09c56
0,cd0b7579-20a1-4ef3-be40-5256431749a0,open,cd0b7579-20a1-4ef3-be40-5256431749a0
0,cfdd8e14-12c2-4ca8-911f-a5d0e7ffea0a,open,cfdd8e14-12c2-4ca8-911f-a5d0e7ffea0a
0,4203eb6e-0ec2-4f49-af71-0b1a9d4e2f19,open,4203eb6e-0ec2-4f49-af71-0b1a9d4e2f19
0,8fe48de7-946a-44ac-b2cc-0a51cdb92571,open,8fe48de7-946a-44ac-b2cc-0a51cdb92571
0,51f1e44d-35a4-4d53-a67f-1bc6bb95f45f,open,51f1e44d-35a4-4d53-a67f-1bc6bb95f45f
0,1f0969f2-67b7-4aea-bcb3-d0d1710071d4,open,1f0969f2-67b7-4aea-bcb3-d0d1710071d4
0,f1a12a6e-edea-4198-8208-82efde008975,open,f1a12a6e-edea-4198-8208-82efde008975
0,bbd2130e-ce2c-4b7f-ae28-da0b5803b391,open,bbd2130e-ce2c-4b7f-ae28-da0b5803b391
0,07c3d95d-c236-4ceb-b432-b62ad07862b7,open,07c3d95d-c236-4ceb-b432-b62ad07862b7
0,d3c551e9-30f7-4216-a44f-739c4bb56837,open,d3c551e9-30f7-4216-a44f-739c4bb56837
0,84f19ded-2abe-42d0-95df-31a21c9f2f41,open,84f19ded-2abe-42d0-95df-31a21c9f2f41
0,94caab96-89f7-4930-b76c-4262b6925667,open,94caab96-89f7-4930-b76c-4262b6925667
0,c24509c7-5b29-442d-b0bd-b4768d5a11a9,open,c24509c7-5b29-442d-b0bd-b4768d5a11a9
0,fe97f12f-c07b-4baf-9bc0-5ff240255655,open,fe97f12f-c07b-4baf-9bc0-5ff240255655
0,9ab14db2-90e6-4280-a8c0-32f876905338,open,9ab14db2-90e6-4280-a8c0-32f876905338
0,3017172a-f8bb-4539-80df-17c759071f4b,open,3017172a-f8bb-4539-80df-17c759071f4b
0,add39408-c236-4740-99b0-d2b445621f52,open,add39408-c236-4740-99b0-d2b445621f52
0,7ab77b93-ad19-491d-acc8-5d92e0e4c9ce,open,7ab77b93-ad19-491d-acc8-5d92e0e4c9ce
0,d6fcdae6-d75c-41ae-ae7c-d5614b4f50ed,open,d6fcdae6-d75c-41ae-ae7c-d5614b4f50ed
0,f79c2a74-5821-4ccc-98a4-b86747bfec8c,open,f79c2a74-5821-4ccc-98a4-b86747bfec8c
0,769fe548-6743-437c-a874-1d216e6b85f6,open,769fe548-6743-437c-a874-1d216e6b85f6
0,6aae286e-7fbf-4cda-89af-aa3a851c4c51,open,6aae286e-7fbf-4cda-89af-aa3a851c4c51
0,4bbdf481-2158-4f9b-af61-69a8dba72e9a,open,4bbdf481-2158-4f9b-af61-69a8dba72e9a
0,a6629785-cf74-4e55-a7c5-de482dcbdac7,open,a6629785-cf74-4e55-a7c5-de482dcbdac7
0,8fd850e8-3d62-4750-a8a5-939a9ff51988,open,8fd850e8-3d62-4750-a8a5-939a9ff51988
0,3d058f6e-ab79-442a-a76d-f58e52401eb0,open,3d058f6e-ab79-442a-a76d-f58e52401eb0
0,adbae859-f80f-4f28-8a17-9bf28b07b295,open,adbae859-f80f-4f28-8a17-9bf28b07b295
0,1bf3aef6-d926-43d4-b1b5-8cbf0cfd2587,open,1bf3aef6-d926-43d4-b1b5-8cbf0cfd2587
0,03f07a81-3638-4ec2-9434-ca759e84715f,open,03f07a81-3638-4ec2-9434-ca759e84715f
0,514215f0-6cfb-48b9-87d2-e7201bece4d9,open,514215f0-6cfb-48b9-87d2-e7201bece4d9
0,6173cae9-072e-4d38-8f66-4975a5ab1e64,open,6173cae9-072e-4d38-8f66-4975a5ab1e64
0,8cd02316-5355-4972-82eb-3522059f395c,open,8cd02316-5355-4972-82eb-3522059f395c
0,a22b880c-411e-4c83-a387-6da64c11ca12,open,a22b880c-411e-4c83-a387-6da64c11ca12
0,46a14766-d810-4bb2-8de0-022a30447b6e,open,46a14766-d810-4bb2-8de0-022a30447b6e
0,0bb45ab1-4d34-4d2d-9b07-9bb73b69bde0,open,0bb45ab1-4d34-4d2d-9b07-9bb73b69bde0
0,0c35d3b2-3763-49d3-a784-566510874a0f,open,0c35d3b2-3763-49d3-a784-566510874a0f
0,2497b7a8-c130-47d9-bb46-07e2b53df9eb,open,2497b7a8-c130-47d9-bb46-07e2b53df9eb
0,5841a182-9aae-4ba3-89c7-18126a01acfb,open,5841a182-9aae-4ba3-89c7-18126a01acfb
0,70f5ce38-31d9-4baa-a565-8ae7c285fa00,open,70f5ce38-31d9-4baa-a565-8ae7c285fa00
0,c974aea6-f99d-468f-bacb-c7f01ea2b425,open,c974aea6-f99d-468f-bacb-c7f01ea2b425
0,d698fa17-0ce7-4386-ae52-6b7f7caaec30,open,d698fa17-0ce7-4386-ae52-6b7f7caaec30
0,f5dbf747-2231-4e0f-ac34-1b9c32530a62,open,f5dbf747-2231-4e0f-ac34-1b9c32530a62
0,1a6dd905-637f-4cbe-9d82-e3bfb6e8e680,open,1a6dd905-637f-4cbe-9d82-e3bfb6e8e680
0,6a263f23-b24b-4667-b16b-d6e6dc013fa6,open,6a263f23-b24b-4667-b16b-d6e6dc013fa6
0,122ae75e-62d5-44b4-a598-473d10e7a381,open,122ae75e-62d5-44b4-a598-473d10e7a381
0,f56c91b1-80a1-4c0c-9641-1c90f12f4fbc,open,f56c91b1-80a1-4c0c-9641-1c90f12f4fbc
0,01d1d3bf-ffe0-4282-ae2b-7abf97becec1,open,01d1d3bf-ffe0-4282-ae2b-7abf97becec1
0,df58fcf2-0b1e-4d51-9c0b-5615bfaedb8d,open,df58fcf2-0b1e-4d51-9c0b-5615bfaedb8d
0,88f99210-3e0c-4ef3-b35f-cce04cc0da21,open,88f99210-3e0c-4ef3-b35f-cce04cc0da21
0,19e73498-e296-444a-992a-df26f690e2a1,open,19e73498-e296-444a-992a-df26f690e2a1
0,b64ffd4c-b61a-4ed1-acb8-00a2f1556b3c,open,b64ffd4c-b61a-4ed1-acb8-00a2f1556b3c
0,ed15844d-dc2f-4381-a9f3-8b0bae90b30f,open,ed15844d-dc2f-4381-a9f3-8b0bae90b30f
0,9c99f15e-3e5b-4aab-b5cd-10865f055e0c,open,9c99f15e-3e5b-4aab-b5cd-10865f055e0c
0,633f46bd-79fa-41f6-82a9-fe3ffe56f16b,open,633f46bd-79fa-41f6-82a9-fe3ffe56f16b
0,cb1bf3b5-71ea-44d6-b0fe-47bfdf7ab99c,open,cb1bf3b5-71ea-44d6-b0fe-47bfdf7ab99c
0,092228eb-23e3-4911-9fa5-8ea8fd3439ae,open,092228eb-23e3-4911-9fa5-8ea8fd3439ae
0,11e8f533-89c9-448a-9699-c231faabdc04,open,11e8f533-89c9-448a-9699-c231faabdc04
0,daad2217-72a0-42a8-8cb7-6b2c6b3c6b4e,open,daad2217-72a0-42a8-8cb7-6b2c6b3c6b4e
0,2129ebb7-5d5a-4f44-8514-1bea4cabbc94,open,2129ebb7-5d5a-4f44-8514-1bea4cabbc94
0,a6067e18-f121-4aeb-aab3-2ac4cc73f943,open,a6067e18-f121-4aeb-aab3-2ac4cc73f943
0,a86e5570-9b98-4be7-88a0-1ef96e528f11,open,a86e5570-9b98-4be7-88a0-1ef96e528f11
0,bcb37640-c130-48ca-9fdd-3d08d661eca6,open,bcb37640-c130-48ca-9fdd-3d08d661eca6
0,a308d620-e7a5-4e52-ae1b-93277da01ecf,open,a308d620-e7a5-4e52-ae1b-93277da01ecf
0,310aaafc-9853-4eb8-958a-251153b137be,open,310aaafc-9853-4eb8-958a-251153b137be
0,d0810bb2-5e7c-4bcb-bc95-6a36ecdd2d13,open,d0810bb2-5e7c-4bcb-bc95-6a36ecdd2d13
0,55efb570-0a68-4fb7-bda8-90903880625d,open,55efb570-0a68-4fb7-bda8-90903880625d
0,e74de321-89b7-4af4-9b09-d44d61c07369,open,e74de321-89b7-4af4-9b09-d44d61c07369
0,e676af58-0606-469e-86d9-d2b1aa55e0b2,open,e676af58-0606-469e-86d9-d2b1aa55e0b2
0,595de8b6-476c-4728-9bfc-b8004ec20998,open,595de8b6-476c-4728-9bfc-b8004ec20998
0,b4ca634c-151b-4263-b726-7053f7d236b9,open,b4ca634c-151b-4263-b726-7053f7d236b9
0,185688d2-f232-4c5d-ab1e-bd41919e71f0,open,185688d2-f232-4c5d-ab1e-bd41919e71f0
0,cda48e81-95af-4c61-9a0e-10e85129d3d8,open,cda48e81-95af-4c61-9a0e-10e85129d3d8
0,01b5c019-47ee-4199-ab06-9835b6eaa2a3,open,01b5c019-47ee-4199-ab06-9835b6eaa2a3
0,57756f4d-4ce1-4fd7-828f-b6e6d5d59599,open,57756f4d-4ce1-4fd7-828f-b6e6d5d59599
0,c4137fc7-5a8b-4532-8fa1-138fb59f516c,open,c4137fc7-5a8b-4532-8fa1-138fb59f516c
0,b59a1d6e-f1dd-4c80-ba6b-690db36ef5a0,open,b59a1d6e-f1dd-4c80-ba6b-690db36ef5a0
0,306907e9-e927-4df1-9a5a-efdd7d57b334,open,306907e9-e927-4df1-9a5a-efdd7d57b334
0,09f46593-cae4-403b-a028-4814490560ba,open,09f46593-cae4-403b-a028-4814490560ba
0,523e4021-662a-4553-bd26-2b87aff1e27b,open,523e4021-662a-4553-bd26-2b87aff1e27b
0,3654285a-6ee1-4f1b-b350-13c91a1f9598,open,3654285a-6ee1-4f1b-b350-13c91a1f9598
0,0663182b-5e5c-41e7-be2c-b70449f29fa8,open,0663182b-5e5c-41e7-be2c-b70449f29fa8
0,c7955399-3107-45ae-920c-0e94d0c18c23,open,c7955399-3107-45ae-920c-0e94d0c18c23
0,1b37a751-9373-448d-98d6-fff35bfb1368,open,1b37a751-9373-448d-98d6-fff35bfb1368
0,d8a30ba0-4d21-4451-b282-8391d44fe2c5,open,d8a30ba0-4d21-4451-b282-8391d44fe2c5
0,10d7a55d-b491-4504-9732-17a63924882f,open,10d7a55d-b491-4504-9732-17a63924882f
0,65899ba0-59c3-46f9-8995-670e7e162bd8,open,65899ba0-59c3-46f9-8995-670e7e162bd8
0,3472a0b3-a072-4659-98fe-c0fa250c1991,open,3472a0b3-a072-4659-98fe-c0fa250c1991
0,3e7dc97f-13e2-40d4-8c53-2f70d2504a7f,open,3e7dc97f-13e2-40d4-8c53-2f70d2504a7f
0,01323711-606c-4632-85d3-139b2fc48aa1,open,01323711-606c-4632-85d3-139b2fc48aa1
0,398d7d7b-bf7a-4473-98bf-8e69dffae441,open,398d7d7b-bf7a-4473-98bf-8e69dffae441
0,746df9e9-1f0c-4aff-ab24-fc0ed98600d2,open,746df9e9-1f0c-4aff-ab24-fc0ed98600d2
0,aca53502-a4b4-4ef9-b60c-8c5f915aca4b,open,aca53502-a4b4-4ef9-b60c-8c5f915aca4b
0,6b204499-c344-4272-a5cd-561b8ba08446,open,6b204499-c344-4272-a5cd-561b8ba08446
0,77fede6c-e4b4-48b6-92b1-d2f6ef2378c2,open,77fede6c-e4b4-48b6-92b1-d2f6ef2378c2
0,6e1f03ad-616e-45ef-99f1-675a50d4c70f,open,6e1f03ad-616e-45ef-99f1-675a50d4c70f
0,bdcd0e70-cae8-4fb5-b6b3-32342513238a,open,bdcd0e70-cae8-4fb5-b6b3-32342513238a
0,71cf59a7-ba18-41fb-8a8e-7f94f1f291bf,open,71cf59a7-ba18-41fb-8a8e-7f94f1f291bf
0,a118e955-9655-49b2-9c57-39338b9a5c19,open,a118e955-9655-49b2-9c57-39338b9a5c19
0,bdd3b8d0-883f-4c34-aca6-01997883b7f5,open,bdd3b8d0-883f-4c34-aca6-01997883b7f5
0,2979be15-da13-4adc-93f8-7f8fe2c1e7fb,open,2979be15-da13-4adc-93f8-7f8fe2c1e7fb
0,0baaa80b-696b-436e-8621-67aa6211827f,open,0baaa80b-696b-436e-8621-67aa6211827f
0,73f88ae4-16bb-41b2-853d-39536b173778,open,73f88ae4-16bb-41b2-853d-39536b173778
0,841c065c-c10c-49ae-be6d-c9601751e39d,open,841c065c-c10c-49ae-be6d-c9601751e39d
0,7a09afca-c433-4d35-b237-cfb765e814e2,open,7a09afca-c433-4d35-b237-cfb765e814e2
0,5503352c-56e8-4565-9e99-35d019b47e80,open,5503352c-56e8-4565-9e99-35d019b47e80
0,429d06b3-3f51-4627-9fa4-8fbfb8c3ae25,open,429d06b3-3f51-4627-9fa4-8fbfb8c3ae25
0,de90edfa-12f5-4d66-b54e-6646b0b3853f,open,de90edfa-12f5-4d66-b54e-6646b0b3853f
0,90c5bfe0-c1cf-4cb8-8da8-d06d5b814175,open,90c5bfe0-c1cf-4cb8-8da8-d06d5b814175
0,0a56aa52-85ec-4a13-9041-d642423138d9,open,0a56aa52-85ec-4a13-9041-d642423138d9
0,89f44dc3-d300-4684-be5d-5b4ef1a0ed05,open,89f44dc3-d300-4684-be5d-5b4ef1a0ed05
0,ecd97e3a-9a4e-4028-bb43-555dcaef48f0,open,ecd97e3a-9a4e-4028-bb43-555dcaef48f0
0,426d7b3a-9052-4729-a075-64eafea937f1,open,426d7b3a-9052-4729-a075-64eafea937f1
0,cfc8ca31-8522-42dd-a7f9-90fadfc61e7d,open,cfc8ca31-8522-42dd-a7f9-90fadfc61e7d
0,39a1b6c2-6904-4fb1-8666-fafb42d0f3e0,open,39a1b6c2-6904-4fb1-8666-fafb42d0f3e0
0,998beb58-7ec3-4491-b92c-1df9cd41abd6,open,998beb58-7ec3-4491-b92c-1df9cd41abd6
0,f401a8ac-ce14-42eb-8958-e3da209e536a,open,f401a8ac-ce14-42eb-8958-e3da209e536a
0,076e4a95-cc76-4417-a3cd-8a06eb4e4853,open,076e4a95-cc76-4417-a3cd-8a06eb4e4853
0,3edece25-339e-4dd3-82d8-0c397228e8be,open,3edece25-339e-4dd3-82d8-0c397228e8be
0,ab1f11af-065e-488c-8c92-0cc163e3f38a,open,ab1f11af-065e-488c-8c92-0cc163e3f38a
0,1f781dd6-a214-4ffc-9bbc-f679fc946ca1,open,1f781dd6-a214-4ffc-9bbc-f679fc946ca1
0,5ad74ed5-f479-453a-86ea-d1f1ecd02938,open,5ad74ed5-f479-453a-86ea-d1f1ecd02938
0,b418fe44-e5cb-4b22-8aad-04a50995d9f3,open,b418fe44-e5cb-4b22-8aad-04a50995d9f3
0,3188d4bc-2b24-428d-9647-cc7681c3c2df,open,3188d4bc-2b24-428d-9647-cc7681c3c2df
0,da7b8dfe-c484-4770-97e6-b4da51bb5480,open,da7b8dfe-c484-4770-97e6-b4da51bb5480
0,8d300401-8408-4de3-80cd-d7a0bdc5367d,open,8d300401-8408-4de3-80cd-d7a0bdc5367d
0,c66666d6-e934-49df-a10c-a390360d4d8f,open,c66666d6-e934-49df-a10c-a390360d4d8f
0,7b3bc6f9-6b45-4d4b-aa39-48e91e64027b,open,7b3bc6f9-6b45-4d4b-aa39-48e91e64027b
0,88ae1473-5732-4bf9-be88-eb4ea673159e,open,88ae1473-5732-4bf9-be88-eb4ea673159e
0,08034f1f-dfba-48bb-abb0-c5b3d6d99191,open,08034f1f-dfba-48bb-abb0-c5b3d6d99191
0,2da912ac-640a-4e6e-852c-a8763e53b7f6,open,2da912ac-640a-4e6e-852c-a8763e53b7f6
0,247dca07-e8f3-40f4-ad61-b7fe4347ea09,open,247dca07-e8f3-40f4-ad61-b7fe4347ea09
0,6f7f1f88-acdc-4415-9965-9e67cf948fa3,open,6f7f1f88-acdc-4415-9965-9e67cf948fa3
0,26cafdcf-0d26-4c32-8d39-00f2389c5196,open,26cafdcf-0d26-4c32-8d39-00f2389c5196
0,1994a844-bf9c-4496-80ef-d4ded1ee9d94,open,1994a844-bf9c-4496-80ef-d4ded1ee9d94
0,d72102db-fd25-4ee2-a264-423547bec3fe,open,d72102db-fd25-4ee2-a264-423547bec3fe
0,ca3d38b0-6c18-4ddb-b7c4-e5a1eef5f98f,open,ca3d38b0-6c18-4ddb-b7c4-e5a1eef5f98f
0,842643da-7cb4-40b1-bb2f-55dabdf61fb7,open,842643da-7cb4-40b1-bb2f-55dabdf61fb7
0,5ddc4636-bb2c-4b5c-976d-6e8afd463e23,open,5ddc4636-bb2c-4b5c-976d-6e8afd463e23
0,1e2e3d46-301e-4a12-8a6b-56df7acabbf5,open,1e2e3d46-301e-4a12-8a6b-56df7acabbf5
0,8f94499d-768c-49a1-9924-380161591f61,open,8f94499d-768c-49a1-9924-380161591f61
0,e6134ccb-8e0f-49a0-b265-563078aedea1,open,e6134ccb-8e0f-49a0-b265-563078aedea1
0,76a5fdec-ae80-41a0-acbe-93e727df8721,open,76a5fdec-ae80-41a0-acbe-93e727df8721
0,91161d61-2e36-4080-85f2-93a648867e27,open,91161d61-2e36-4080-85f2-93a648867e27
0,e0594890-992c-4255-b590-96985d9ab217,open,e0594890-992c-4255-b590-96985d9ab217
0,3ac122a1-8782-4f52-ae0d-b9b767294599,open,3ac122a1-8782-4f52-ae0d-b9b767294599
0,b5874f98-dd72-4cfb-8911-e6b150791024,open,b5874f98-dd72-4cfb-8911-e6b150791024
0,a1edc0ba-3cf2-4e6c-83cf-a2e88aa736a2,open,a1edc0ba-3cf2-4e6c-83cf-a2e88aa736a2
0,ac4f2942-2da9-4a6e-8511-3cf9acaa0051,open,ac4f2942-2da9-4a6e-8511-3cf9acaa0051
0,29dd9a61-4c18-44e7-8ff5-66f1abfb03b6,open,29dd9a61-4c18-44e7-8ff5-66f1abfb03b6
0,80ad5749-e9f6-4349-ba5c-4f2c90c36380,open,80ad5749-e9f6-4349-ba5c-4f2c90c36380
0,e3c64747-a09c-44e0-9b0e-aa1408fac35c,open,e3c64747-a09c-44e0-9b0e-aa1408fac35c
0,9e35df4c-16d7-43a6-a757-44644e85ba5d,open,9e35df4c-16d7-43a6-a757-44644e85ba5d
0,cf01d5f5-30d0-4255-974c-9f1d62c1ceed,open,cf01d5f5-30d0-4255-974c-9f1d62c1ceed
0,e8baf4ab-34bb-4859-b150-23534cd486de,open,e8baf4ab-34bb-4859-b150-23534cd486de
0,9272e054-4266-4aef-aee9-d68cbedb4a4e,open,9272e054-4266-4aef-aee9-d68cbedb4a4e
0,42a16eeb-c29a-45cd-a4bf-9e3a98538a06,open,42a16eeb-c29a-45cd-a4bf-9e3a98538a06
0,5d07c05a-00e1-4071-9d31-3fe137db086b,open,5d07c05a-00e1-4071-9d31-3fe137db086b
0,3268b8fe-5876-4199-92ba-d4c698875fb0,open,3268b8fe-5876-4199-92ba-d4c698875fb0
0,90d68cc2-d99a-434c-b0a0-19e9cfb8697f,open,90d68cc2-d99a-434c-b0a0-19e9cfb8697f
0,e8c53498-170f-4f3d-9fb6-99101e268fc7,open,e8c53498-170f-4f3d-9fb6-99101e268fc7
0,5e7f275a-e515-4a59-9f7b-f73df813c617,open,5e7f275a-e515-4a59-9f7b-f73df813c617
0,baad80ad-55d6-4177-bef5-2382541ebcdb,open,baad80ad-55d6-4177-bef5-2382541ebcdb
0,2d7a0e67-d196-43de-81ad-0c3dbc2e4a83,open,2d7a0e67-d196-43de-81ad-0c3dbc2e4a83
0,e85d7ab2-edd2-4713-b119-8329a42c8f2c,open,e85d7ab2-edd2-4713-b119-8329a42c8f2c
0,08384a0c-9ea5-43c6-bb10-14af3c01ea0e,open,08384a0c-9ea5-43c6-bb10-14af3c01ea0e
0,77760598-0011-49b3-8e8f-b4058835fcec,open,77760598-0011-49b3-8e8f-b4058835fcec
0,46947bb2-f647-4c96-99dd-c0a2142e5540,open,46947bb2-f647-4c96-99dd-c0a2142e5540
0,863687ce-aec7-4de9-89f9-ab51eee873a9,open,863687ce-aec7-4de9-89f9-ab51eee873a9
0,2d16b276-7fea-4b49-adbd-526dcd7cf19f,open,2d16b276-7fea-4b49-adbd-526dcd7cf19f
0,d4d20edc-ce59-4c3e-9b1f-e5a103dfa43a,open,d4d20edc-ce59-4c3e-9b1f-e5a103dfa43a
0,cb036b91-0381-486f-8786-84db38a3c3b2,open,cb036b91-0381-486f-8786-84db38a3c3b2
0,231c443a-17cf-417d-9c65-67ef9b28c5fb,open,231c443a-17cf-417d-9c65-67ef9b28c5fb
0,60a4d8e2-a640-4e42-909b-9fac980d36eb,open,60a4d8e2-a640-4e42-909b-9fac980d36eb
0,fce31c6b-08f0-4bee-bf77-f54bfe6a2d98,open,fce31c6b-08f0-4bee-bf77-f54bfe6a2d98
0,a7be3c32-d9df-4f08-9ba0-bd14a56d4cdb,open,a7be3c32-d9df-4f08-9ba0-bd14a56d4cdb
0,09fc2df7-9ca2-47d0-91cb-5a7235350cc3,open,09fc2df7-9ca2-47d0-91cb-5a7235350cc3
0,61978018-328f-41d5-a9da-1724c46b6395,open,61978018-328f-41d5-a9da-1724c46b6395
0,44703639-d2d7-4fc8-8e36-ef2e9a56b032,open,44703639-d2d7-4fc8-8e36-ef2e9a56b032
0,21681b8e-5563-41c8-a907-5a497081658b,open,21681b8e-5563-41c8-a907-5a497081658b
0,32db5e8c-33cf-4d2b-9063-4666431aa6b8,open,32db5e8c-33cf-4d2b-9063-4666431aa6b8
0,e1f5f52a-78fe-4476-b85a-7cf2e9148353,open,e1f5f52a-78fe-4476-b85a-7cf2e9148353
0,6f18fbdb-8c48-4407-a7fb-89f4712b48d1,open,6f18fbdb-8c48-4407-a7fb-89f4712b48d1
0,fe5bbd11-58ca-449b-98f4-5bb67e615979,open,fe5bbd11-58ca-449b-98f4-5bb67e615979
0,68534f90-1ce8-4bee-8d72-ee989ce2ef7a,open,68534f90-1ce8-4bee-8d72-ee989ce2ef7a
0,a277ada4-52d8-44c2-a05d-125ef6ace061,open,a277ada4-52d8-44c2-a05d-125ef6ace061
0,0c9a02ab-6eec-491f-ae45-28ff4fda2301,open,0c9a02ab-6eec-491f-ae45-28ff4fda2301
0,85e66644-6f70-4fda-8352-393e2ce3b70f,open,85e66644-6f70-4fda-8352-393e2ce3b70f
0,5d97551b-4045-41e8-ae13-1b24256fca95,open,5d97551b-4045-41e8-ae13-1b24256fca95
0,b886e706-3b3d-441c-8cee-ded3c6535af1,open,b886e706-3b3d-441c-8cee-ded3c6535af1
0,6ae21528-aa31-40c5-987a-58f3590aafdb,open,6ae21528-aa31-40c5-987a-58f3590aafdb
0,9c9b4369-870a-46d1-b8dc-b024a1053572,open,9c9b4369-870a-46d1-b8dc-b024a1053572
0,d720c240-46b3-4f8f-8cfd-16fc97b4df60,open,d720c240-46b3-4f8f-8cfd-16fc97b4df60
0,b7f26f7f-f3d2-4426-b771-7bc542ae0b52,open,b7f26f7f-f3d2-4426-b771-7bc542ae0b52
0,f5f58890-5cd9-46fd-b32a-dce531c760b4,open,f5f58890-5cd9-46fd-b32a-dce531c760b4
0,7c86de88-f59f-4a60-afaf-6373d135d215,open,7c86de88-f59f-4a60-afaf-6373d135d215
0,d2367314-1ed6-438d-b9f6-e711102d9062,open,d2367314-1ed6-438d-b9f6-e711102d9062
0,9319892d-db65-4d46-b54c-f2179975f8d2,open,9319892d-db65-4d46-b54c-f2179975f8d2
0,326f070d-d0ee-45d8-8f19-ef1e1f5f0094,open,326f070d-d0ee-45d8-8f19-ef1e1f5f0094
0,1e4a8483-5d85-4d5d-a103-e2b3a0e2eab7,open,1e4a8483-5d85-4d5d-a103-e2b3a0e2eab7
0,e89e7000-9d1e-4fad-bb4c-d4a8cd460f1b,open,e89e7000-9d1e-4fad-bb4c-d4a8cd460f1b
0,d4c07be2-971f-4b8f-859f-bfc2983a4130,open,d4c07be2-971f-4b8f-859f-bfc2983a4130
0,daef3c6c-a253-4390-a9b8-86bf21a24378,open,daef3c6c-a253-4390-a9b8-86bf21a24378
0,94e5cbf2-a0bc-47d8-9f7f-91d281f5a297,open,94e5cbf2-a0bc-47d8-9f7f-91d281f5a297
0,b076ac37-2944-48b0-970e-cabecbe1726f,open,b076ac37-2944-48b0-970e-cabecbe1726f
0,0b747161-9525-491b-b503-71d39ad570a3,open,0b747161-9525-491b-b503-71d39ad570a3
0,1faf5358-1ca3-4349-95a5-8ea1c1805fc7,open,1faf5358-1ca3-4349-95a5-8ea1c1805fc7
0,85459704-f100-422f-a262-d57225b195c0,open,85459704-f100-422f-a262-d57225b195c0
0,4e747f65-a7aa-4ba9-9d69-8692d9a8275e,open,4e747f65-a7aa-4ba9-9d69-8692d9a8275e
0,5dda514f-0d62-401d-9030-2119c53363f5,open,5dda514f-0d62-401d-9030-2119c53363f5
0,9295878f-1bd9-4833-84e4-dd973ee232f3,open,9295878f-1bd9-4833-84e4-dd973ee232f3
0,4de6d6f5-fb0e-4e51-bf04-1f92b28daf72,open,4de6d6f5-fb0e-4e51-bf04-1f92b28daf72
0,7035fffd-d867-42a6-9af8-a1e574df425b,open,7035fffd-d867-42a6-9af8-a1e574df425b
0,d4196ccf-c3ea-42eb-8b02-613fb2f14819,open,d4196ccf-c3ea-42eb-8b02-613fb2f14819
0,9639e714-e037-41fb-8acf-f1a69be93c01,open,9639e714-e037-41fb-8acf-f1a69be93c01
0,655de0fb-db7c-4622-8080-ef5129642668,open,655de0fb-db7c-4622-8080-ef5129642668
0,539021a8-9ebe-4e29-990b-ae1bbbcd5759,open,539021a8-9ebe-4e29-990b-ae1bbbcd5759
0,48f71daa-5e12-422d-bb39-2b2a1d150ef3,open,48f71daa-5e12-422d-bb39-2b2a1d150ef3
0,e9417abd-84db-4399-ad5b-a8584836537e,open,e9417abd-84db-4399-ad5b-a8584836537e
0,3b2f66b9-3833-43e2-a961-142f0f4c2a05,open,3b2f66b9-3833-43e2-a961-142f0f4c2a05
0,8c102fdc-ef66-44be-b030-ff326d690d46,open,8c102fdc-ef66-44be-b030-ff326d690d46
0,f0f9c99c-2aa8-4cf7-a723-749c785a4936,open,f0f9c99c-2aa8-4cf7-a723-749c785a4936
0,9adb8e0b-8ced-4f74-875c-c887e8d4272e,open,9adb8e0b-8ced-4f74-875c-c887e8d4272e
0,07509e3b-66f8-455b-9300-3da7257d55df,open,07509e3b-66f8-455b-9300-3da7257d55df
0,d65adcb2-709c-4104-9b2d-3966dec04c61,open,d65adcb2-709c-4104-9b2d-3966dec04c61
0,a7891d99-9a40-4f37-a3ed-3688ebec58cf,open,a7891d99-9a40-4f37-a3ed-3688ebec58cf
0,7e5e23ed-7693-49c7-9225-7588fadc8974,open,7e5e23ed-7693-49c7-9225-7588fadc8974
0,2af32d6a-fc1f-4581-884f-16840d2c85a1,open,2af32d6a-fc1f-4581-884f-16840d2c85a1
0,cb50440d-b9c0-4eab-affd-5abb404a9b8f,open,cb50440d-b9c0-4eab-affd-5abb404a9b8f
0,cf4eeba4-93d0-424b-abff-81b5abf5bf97,open,cf4eeba4-93d0-424b-abff-81b5abf5bf97
0,6b0399c2-351e-43d7-b5fe-25b10a7a1372,open,6b0399c2-351e-43d7-b5fe-25b10a7a1372
0,de6573ec-30a9-4a52-9a02-acefff7f9b1a,open,de6573ec-30a9-4a52-9a02-acefff7f9b1a
0,3fa4d6c6-6637-4758-a8db-17a569f62b9f,open,3fa4d6c6-6637-4758-a8db-17a569f62b9f
0,de996815-3c1d-412a-a9f3-3849b1e8fe3c,open,de996815-3c1d-412a-a9f3-3849b1e8fe3c
0,8ae2e6aa-768e-46e9-981b-0d0800692a9c,open,8ae2e6aa-768e-46e9-981b-0d0800692a9c
0,c688e088-0263-4ec5-bfce-a52bb62a2226,open,c688e088-0263-4ec5-bfce-a52bb62a2226
0,6ea0a41c-b56e-4387-ada1-de0df1d437d0,open,6ea0a41c-b56e-4387-ada1-de0df1d437d0
0,728bffb1-be41-4b99-92b0-dbe6d5965fa5,open,728bffb1-be41-4b99-92b0-dbe6d5965fa5
0,e2747b97-1b02-403d-97f2-94d518b63133,open,e2747b97-1b02-403d-97f2-94d518b63133
0,5d9a5ec0-bb2a-40c0-b2cd-885e05ac01dc,open,5d9a5ec0-bb2a-40c0-b2cd-885e05ac01dc
0,e2a0b69b-e5ba-414f-8dce-273db66834c4,open,e2a0b69b-e5ba-414f-8dce-273db66834c4
0,46db5634-6270-4956-8ff6-37127b5fe857,open,46db5634-6270-4956-8ff6-37127b5fe857
0,c76d55bf-2abd-4b30-891c-9f67359a739b,open,c76d55bf-2abd-4b30-891c-9f67359a739b
0,6516cecf-48e6-4bdf-84ce-c0a087435943,open,6516cecf-48e6-4bdf-84ce-c0a087435943
0,d513e885-b9c7-475d-bc32-425beeb20f72,open,d513e885-b9c7-475d-bc32-425beeb20f72
0,11c8b5ee-7d94-4e04-9365-4a7e4cb50a74,open,11c8b5ee-7d94-4e04-9365-4a7e4cb50a74
0,1a63a360-b361-4df2-8892-e285e088d16a,open,1a63a360-b361-4df2-8892-e285e088d16a
0,cf0d27a5-8bb4-4d17-a369-07d531cc336a,open,cf0d27a5-8bb4-4d17-a369-07d531cc336a
0,76abaf9f-d1a6-4019-9a62-9afb9ec659a1,open,76abaf9f-d1a6-4019-9a62-9afb9ec659a1
0,8fc50ab6-a76d-419a-b30d-39ad8b7d8a3f,open,8fc50ab6-a76d-419a-b30d-39ad8b7d8a3f
0,656e6694-8414-4b0e-a856-f2f978bf41b2,open,656e6694-8414-4b0e-a856-f2f978bf41b2
0,63a010dd-6117-4ee7-8742-3f9bacf5fb1d,open,63a010dd-6117-4ee7-8742-3f9bacf5fb1d
0,913988a0-57af-4802-80fe-26affe3f9f47,open,913988a0-57af-4802-80fe-26affe3f9f47
0,bfbee701-713f-4f23-b462-1ada77713d9a,open,bfbee701-713f-4f23-b462-1ada77713d9a
0,24fac8d4-0c1a-4eb0-8eb1-844ce24cc0fc,open,24fac8d4-0c1a-4eb0-8eb1-844ce24cc0fc
0,aafdb580-6578-4d3d-be31-75bfce114de9,open,aafdb580-6578-4d3d-be31-75bfce114de9
0,fb046f17-ede0-42b5-99eb-03356427bedd,open,fb046f17-ede0-42b5-99eb-03356427bedd
0,f9ddb52e-e6a1-46c4-916d-c11c12dc8acf,open,f9ddb52e-e6a1-46c4-916d-c11c12dc8acf
0,8f6a2bf7-44cb-41be-810a-e93243770f4f,open,8f6a2bf7-44cb-41be-810a-e93243770f4f
0,ad0385b2-ff52-4cb9-828d-3c8d0c809939,open,ad0385b2-ff52-4cb9-828d-3c8d0c809939
0,1758a8a8-5f53-4aac-854c-6e40705df306,open,1758a8a8-5f53-4aac-854c-6e40705df306
0,5dcd0dbf-2140-4713-87b2-b79513bda7c1,open,5dcd0dbf-2140-4713-87b2-b79513bda7c1
0,4cdc9bbf-955c-4d03-a2c3-6b84ad337f29,open,4cdc9bbf-955c-4d03-a2c3-6b84ad337f29
0,70c116ba-d968-4893-a7bc-57265c25e4be,open,70c116ba-d968-4893-a7bc-57265c25e4be
0,7a321189-5987-45c1-9cee-54d6f7574c43,open,7a321189-5987-45c1-9cee-54d6f7574c43
0,9d42888b-90e7-4dce-a672-13fdbd18ff8f,open,9d42888b-90e7-4dce-a672-13fdbd18ff8f
0,8ee47acd-83fa-4ef1-afcc-e6eec57253fe,open,8ee47acd-83fa-4ef1-afcc-e6eec57253fe
0,be390f52-0e1b-41aa-8578-92b0e7fdbb46,open,be390f52-0e1b-41aa-8578-92b0e7fdbb46
0,9e3ba7ce-9e04-4050-beca-555386e558e2,open,9e3ba7ce-9e04-4050-beca-555386e558e2
0,d3949278-37e1-4e5f-a9aa-f769c5b32280,open,d3949278-37e1-4e5f-a9aa-f769c5b32280
0,a6f845b9-d732-459a-a5d9-e9801d41ea1e,open,a6f845b9-d732-459a-a5d9-e9801d41ea1e
0,a95d756f-9580-49f6-9c1a-9caff47b3806,open,a95d756f-9580-49f6-9c1a-9caff47b3806
0,c27fd0f1-20be-4b9c-b388-28b5da3019a7,open,c27fd0f1-20be-4b9c-b388-28b5da3019a7
0,e33d19c3-fdec-4463-b666-6912f0917575,open,e33d19c3-fdec-4463-b666-6912f0917575
0,d5f043b5-de63-464c-aa7f-3f70111fc31e,open,d5f043b5-de63-464c-aa7f-3f70111fc31e
0,2dbb3913-0343-4cd8-a834-343c9e17cfba,open,2dbb3913-0343-4cd8-a834-343c9e17cfba
0,d69c74c1-b94d-450a-a2d8-ad5f461885ed,open,d69c74c1-b94d-450a-a2d8-ad5f461885ed
0,1d26997e-2cfb-46d4-9610-a325b546c1d8,open,1d26997e-2cfb-46d4-9610-a325b546c1d8
0,64f15936-d805-4d39-938a-e99618e2ba3d,open,64f15936-d805-4d39-938a-e99618e2ba3d
0,5e324688-60ae-42ca-9b0a-87f3c6a347c4,open,5e324688-60ae-42ca-9b0a-87f3c6a347c4
0,56c30e75-af46-4c56-9ca4-92d5430ae561,open,56c30e75-af46-4c56-9ca4-92d5430ae561
0,f4f0e028-6f03-48cc-9dd0-e5fe6d536f8d,open,f4f0e028-6f03-48cc-9dd0-e5fe6d536f8d
0,27e554c9-b5ab-41f6-a52f-987ee6595fdd,open,27e554c9-b5ab-41f6-a52f-987ee6595fdd
0,9b515969-7c05-4a5d-9a0c-b9248ac038c3,open,9b515969-7c05-4a5d-9a0c-b9248ac038c3
0,d510e9ac-d5f6-4188-bbeb-ff39e9a21230,open,d510e9ac-d5f6-4188-bbeb-ff39e9a21230
0,63399cf4-28d4-4223-bba1-060d672733ff,open,63399cf4-28d4-4223-bba1-060d672733ff
0,0aa32e57-2057-42fd-b78c-0268e67c5699,open,0aa32e57-2057-42fd-b78c-0268e67c5699
0,aafeaf19-c3ad-447b-95c4-5f4af909a78e,open,aafeaf19-c3ad-447b-95c4-5f4af909a78e
0,ef9502a3-cc9a-46a8-80f7-65c89b17150d,open,ef9502a3-cc9a-46a8-80f7-65c89b17150d
0,de8e7462-8aa4-499e-a913-11bd475d2344,open,de8e7462-8aa4-499e-a913-11bd475d2344
0,c02b6efc-ebc9-4dca-907f-383ebb0da9f1,open,c02b6efc-ebc9-4dca-907f-383ebb0da9f1
0,19d5e0b0-fffd-4fd9-af1c-b0351862484b,open,19d5e0b0-fffd-4fd9-af1c-b0351862484b
0,efd185d3-b772-4ee0-a40c-61bcd0bbbb5a,open,efd185d3-b772-4ee0-a40c-61bcd0bbbb5a
0,885a9891-58bb-4d98-9727-919c2a0822d7,open,885a9891-58bb-4d98-9727-919c2a0822d7
0,b301ffaf-06ed-402e-aae1-a5bfa0ab0b9b,open,b301ffaf-06ed-402e-aae1-a5bfa0ab0b9b
0,2bc27676-099c-4691-a1c1-89552094f3c1,open,2bc27676-099c-4691-a1c1-89552094f3c1
0,5dd1894d-3194-4535-9b48-e95d71e8d4e8,open,5dd1894d-3194-4535-9b48-e95d71e8d4e8
0,19cc4801-aac3-4ba9-aef6-b6904d0dd05e,open,19cc4801-aac3-4ba9-aef6-b6904d0dd05e
0,26b9cd22-9009-485d-9d26-1e8f511616e7,open,26b9cd22-9009-485d-9d26-1e8f511616e7
0,92185ca4-c747-4dfe-b1a1-ea1360cc7463,open,92185ca4-c747-4dfe-b1a1-ea1360cc7463
0,5b54ab41-179a-402b-8ac2-e74fc87aeab2,open,5b54ab41-179a-402b-8ac2-e74fc87aeab2
0,936f22ca-bc06-4929-b527-83ae37ca866e,open,936f22ca-bc06-4929-b527-83ae37ca866e
0,72d26331-90ee-4f00-beac-1608f21facfc,open,72d26331-90ee-4f00-beac-1608f21facfc
0,9e42035a-d017-4e69-a95e-d7d7901bc6b9,open,9e42035a-d017-4e69-a95e-d7d7901bc6b9
0,2b044797-103a-4a55-b479-11915d5c4e4b,open,2b044797-103a-4a55-b479-11915d5c4e4b
0,718cedad-526b-49b8-b1fe-38d4681f34d3,open,718cedad-526b-49b8-b1fe-38d4681f34d3
0,7ac5b493-bbb3-4d7d-84af-52293fb7f707,open,7ac5b493-bbb3-4d7d-84af-52293fb7f707
0,f7cd67fc-9693-4f38-90fd-d915824f7b87,open,f7cd67fc-9693-4f38-90fd-d915824f7b87
0,4c8befd1-af09-4916-823e-d617dace6a65,open,4c8befd1-af09-4916-823e-d617dace6a65
0,32a370cf-7b02-45cd-bb7c-1b730cb32ba3,open,32a370cf-7b02-45cd-bb7c-1b730cb32ba3
0,133d5d63-ca18-4155-bd9d-b1e7b9779f37,open,133d5d63-ca18-4155-bd9d-b1e7b9779f37
0,3f616abe-cfa3-494b-a896-a71bd1a5a274,open,3f616abe-cfa3-494b-a896-a71bd1a5a274
0,94c658ef-de18-42db-83b9-3ff74653c62a,open,94c658ef-de18-42db-83b9-3ff74653c62a
0,b2b981a4-c2ff-4ac0-ad84-1589fb02931a,open,b2b981a4-c2ff-4ac0-ad84-1589fb02931a
0,88b506c8-b43d-450d-a348-c9bf10a20e15,open,88b506c8-b43d-450d-a348-c9bf10a20e15
0,fb6871e4-6e4c-46ea-a3b0-76d2e332bc2b,open,fb6871e4-6e4c-46ea-a3b0-76d2e332bc2b
0,8b95f582-bf77-4bc1-a92b-c8e06362d5dc,open,8b95f582-bf77-4bc1-a92b-c8e06362d5dc
0,1ffc78ca-3c30-4b7d-9b5c-0ab396f8d6e0,open,1ffc78ca-3c30-4b7d-9b5c-0ab396f8d6e0
0,62ab0549-45a6-4810-a724-c99849c2e143,open,62ab0549-45a6-4810-a724-c99849c2e143
0,f3bfc9ac-f03d-47ae-a7dd-de91d0436861,open,f3bfc9ac-f03d-47ae-a7dd-de91d0436861
0,74180a55-4ad3-4212-b7f1-5ddec12b83a4,open,74180a55-4ad3-4212-b7f1-5ddec12b83a4
0,400e47b7-26a8-4e5d-be67-623c02c1aae6,open,400e47b7-26a8-4e5d-be67-623c02c1aae6
0,7c99dac4-2824-4d09-8dc0-d31727be2ff4,open,7c99dac4-2824-4d09-8dc0-d31727be2ff4
0,e03155f8-dfd2-4aa2-8d98-25ee5be2cc75,open,e03155f8-dfd2-4aa2-8d98-25ee5be2cc75
0,9c4526fe-b558-4d7c-832c-09438e238e47,open,9c4526fe-b558-4d7c-832c-09438e238e47
0,6a8030d4-0b9b-48cd-9734-d618fa5eaccb,open,6a8030d4-0b9b-48cd-9734-d618fa5eaccb
0,3a89977b-be80-42bb-a395-de90d98a1eb4,open,3a89977b-be80-42bb-a395-de90d98a1eb4
0,f3777465-2523-47ef-93cd-2e78b962a7f9,open,f3777465-2523-47ef-93cd-2e78b962a7f9
0,b83b1236-5c61-452c-a285-2a0aa886976b,open,b83b1236-5c61-452c-a285-2a0aa886976b
0,ba69dd37-8e7b-44f4-9e89-627f515541e8,open,ba69dd37-8e7b-44f4-9e89-627f515541e8
0,aab64ef8-c3fc-49b4-aaf2-6168ed7b1936,open,aab64ef8-c3fc-49b4-aaf2-6168ed7b1936
0,5d86c679-6a43-465d-8ba1-725654733a48,open,5d86c679-6a43-465d-8ba1-725654733a48
0,d462c5ec-34c9-455a-8e45-87d84086564c,open,d462c5ec-34c9-455a-8e45-87d84086564c
0,9f294ac6-bc74-463f-aa73-2154947667a0,open,9f294ac6-bc74-463f-aa73-2154947667a0
0,979ea811-1e36-45f4-a954-ad5d18230df9,open,979ea811-1e36-45f4-a954-ad5d18230df9
0,b7948d54-4f1a-490b-960b-501811ae0836,open,b7948d54-4f1a-490b-960b-501811ae0836
0,8469a1d3-0dd3-43bc-b6ab-b3c1b2d2176b,open,8469a1d3-0dd3-43bc-b6ab-b3c1b2d2176b
0,0d0144ed-b5d9-433d-abf7-6dc2b2f29ffd,open,0d0144ed-b5d9-433d-abf7-6dc2b2f29ffd
0,12ce3c39-0ba9-4798-b5d5-2de36106dff4,open,12ce3c39-0ba9-4798-b5d5-2de36106dff4
0,158c3fe1-9ebc-4e08-a20c-90d9cd39c2c4,open,158c3fe1-9ebc-4e08-a20c-90d9cd39c2c4
0,11b1ba21-2676-4792-a1ba-0c00fb18040c,open,11b1ba21-2676-4792-a1ba-0c00fb18040c
0,0781f0cf-354d-45e4-bc96-cf87abe91c0f,open,0781f0cf-354d-45e4-bc96-cf87abe91c0f
0,0062e0d4-df94-4b3b-9b50-0f53c5c87780,open,0062e0d4-df94-4b3b-9b50-0f53c5c87780
0,4331b944-a95c-4b55-b8dd-ff0da300e956,open,4331b944-a95c-4b55-b8dd-ff0da300e956
0,1834da87-f9a5-4285-b158-beabff636b54,open,1834da87-f9a5-4285-b158-beabff636b54
0,86739be0-532d-42ad-84df-c08e2e969d00,open,86739be0-532d-42ad-84df-c08e2e969d00
0,f2d46f0f-188e-4485-9c78-176f8279e87d,open,f2d46f0f-188e-4485-9c78-176f8279e87d
0,2c9e1a37-0acc-458b-9df5-5e4f061eca6a,open,2c9e1a37-0acc-458b-9df5-5e4f061eca6a
0,0f0edc96-b46e-45f6-bf68-3a8b7eeb9f53,open,0f0edc96-b46e-45f6-bf68-3a8b7eeb9f53
0,e40f3883-d78b-4e11-92e9-e9d69ca1b6e1,open,e40f3883-d78b-4e11-92e9-e9d69ca1b6e1
0,b09d64c9-1d99-4253-8eb1-a51c8d3ab876,open,b09d64c9-1d99-4253-8eb1-a51c8d3ab876
0,a169528a-94e3-493e-b9d5-2ca74a45ccb7,open,a169528a-94e3-493e-b9d5-2ca74a45ccb7
0,f3ecaed3-16d7-4595-9b1f-ec5e184658ea,open,f3ecaed3-16d7-4595-9b1f-ec5e184658ea
0,dccaca36-d5e3-403e-b11c-8e21b25b194b,open,dccaca36-d5e3-403e-b11c-8e21b25b194b
0,258d007e-c348-43c8-b9e7-609030dd2326,open,258d007e-c348-43c8-b9e7-609030dd2326
0,03caa6fa-cf3e-44c0-904d-696ad7e256fa,open,03caa6fa-cf3e-44c0-904d-696ad7e256fa
0,51ee67ff-4125-4080-821e-b09e3f5db5d5,open,51ee67ff-4125-4080-821e-b09e3f5db5d5
0,dcf51e50-1dad-4ca3-a3f7-9d5da5abe64d,open,dcf51e50-1dad-4ca3-a3f7-9d5da5abe64d
0,0a8b4315-ee80-4ff3-85c6-ac79a41961d2,open,0a8b4315-ee80-4ff3-85c6-ac79a41961d2
0,b7f491ed-7f34-41ad-9584-7bba194afe92,open,b7f491ed-7f34-41ad-9584-7bba194afe92
0,5c083833-d5ce-425e-8614-1c164c1aa846,open,5c083833-d5ce-425e-8614-1c164c1aa846
0,0766ba70-6578-4c63-bf8f-45ac630325fa,open,0766ba70-6578-4c63-bf8f-45ac630325fa
0,0990c617-a814-4028-abb6-3e9c7a751b93,open,0990c617-a814-4028-abb6-3e9c7a751b93
0,b8e329c6-0999-4475-a071-cbedf841391e,open,b8e329c6-0999-4475-a071-cbedf841391e
0,a59fa454-8156-4800-ada3-7af52a6eaf3c,open,a59fa454-8156-4800-ada3-7af52a6eaf3c
0,16066524-4824-4b4a-a922-e19812a45609,open,16066524-4824-4b4a-a922-e19812a45609
0,27f46fea-ab68-4b69-84ae-ebd1561674c4,open,27f46fea-ab68-4b69-84ae-ebd1561674c4
0,453dd2e0-dea7-472e-9d27-fd29d4daf0ba,open,453dd2e0-dea7-472e-9d27-fd29d4daf0ba
0,d2b7f75b-68b2-403d-84bb-ef0c10fdba61,open,d2b7f75b-68b2-403d-84bb-ef0c10fdba61
0,427d3765-215a-4d05-afbd-5610bacf0f40,open,427d3765-215a-4d05-afbd-5610bacf0f40
0,da960f4d-21d2-41a6-8a86-8fe65f2c431e,open,da960f4d-21d2-41a6-8a86-8fe65f2c431e
0,712b29d6-2892-48f9-bdb7-3ff1b2b1636c,open,712b29d6-2892-48f9-bdb7-3ff1b2b1636c
0,6501a386-8f72-4f92-8e96-092d7ae426d1,open,6501a386-8f72-4f92-8e96-092d7ae426d1
0,90e4a0b5-921e-4ab2-a229-4c0d5916b366,open,90e4a0b5-921e-4ab2-a229-4c0d5916b366
0,62259b2c-a031-4d0b-bc9a-9e8a35bdac61,open,62259b2c-a031-4d0b-bc9a-9e8a35bdac61
0,caab327a-8abe-4334-8725-11088499a0e1,open,caab327a-8abe-4334-8725-11088499a0e1
0,956fe560-462c-4a0b-a537-437c0b6748e7,open,956fe560-462c-4a0b-a537-437c0b6748e7
0,64cc9c44-b3e8-4137-a368-d208efb8a5db,open,64cc9c44-b3e8-4137-a368-d208efb8a5db
0,081cd59b-091b-485f-8d6a-07213b49e0ff,open,081cd59b-091b-485f-8d6a-07213b49e0ff
0,1d58333c-6276-4aa2-8173-8146518e9668,open,1d58333c-6276-4aa2-8173-8146518e9668
0,b2544f87-fcb0-4573-9d71-914ded933044,open,b2544f87-fcb0-4573-9d71-914ded933044
0,dd55c456-96ed-4945-9051-8f90289ef3e1,open,dd55c456-96ed-4945-9051-8f90289ef3e1
0,1432ea0c-db78-41f7-b031-9c2a4232204e,open,1432ea0c-db78-41f7-b031-9c2a4232204e
0,dfe8d804-61d3-4331-a572-248a8fca23ee,open,dfe8d804-61d3-4331-a572-248a8fca23ee
0,17b1f65d-76b7-4081-9a34-4ae6a78253ef,open,17b1f65d-76b7-4081-9a34-4ae6a78253ef
0,9a0f9b89-930a-4c2b-ac83-d4822355ed74,open,9a0f9b89-930a-4c2b-ac83-d4822355ed74
0,a07c3129-6988-481d-9117-7f1d2c407bd7,open,a07c3129-6988-481d-9117-7f1d2c407bd7
0,5db95b29-e647-40e4-bb70-8c4659d0312c,open,5db95b29-e647-40e4-bb70-8c4659d0312c
0,ae180935-e382-401e-9e24-fc8b131419b0,open,ae180935-e382-401e-9e24-fc8b131419b0
0,8d391063-dc18-422c-8833-c9fcc7fb2796,open,8d391063-dc18-422c-8833-c9fcc7fb2796
0,74317cdb-eb77-45f1-bffe-abef6052c820,open,74317cdb-eb77-45f1-bffe-abef6052c820
0,2be7367b-9544-4d36-a8b5-2d7d781ff64d,open,2be7367b-9544-4d36-a8b5-2d7d781ff64d
0,502e4e57-a8ea-45d8-a754-8e94a2d80b9d,open,502e4e57-a8ea-45d8-a754-8e94a2d80b9d
0,8a524998-2a2b-4635-8bb0-827e2fee42d5,open,8a524998-2a2b-4635-8bb0-827e2fee42d5
0,33c96ef1-f9cb-41de-abc9-4e5f2cd15fe6,open,33c96ef1-f9cb-41de-abc9-4e5f2cd15fe6
0,96c2777e-cb53-468a-86dc-62c417e0c585,open,96c2777e-cb53-468a-86dc-62c417e0c585
0,6b801ddb-dab5-48de-9b23-7350529a5136,open,6b801ddb-dab5-48de-9b23-7350529a5136
0,f2eff386-810f-4721-94fe-6e0e35f06241,open,f2eff386-810f-4721-94fe-6e0e35f06241
0,4e2d83e9-1c33-4d20-9533-dba9bd50205d,open,4e2d83e9-1c33-4d20-9533-dba9bd50205d
0,0046fa8d-5dab-41ca-b121-a7c1e802f56e,open,0046fa8d-5dab-41ca-b121-a7c1e802f56e
0,5be93db1-b7f8-4af2-aeec-c2c7b8e22fb6,open,5be93db1-b7f8-4af2-aeec-c2c7b8e22fb6
0,fa7e5e09-2e95-4db9-8d26-78d6653b12bc,open,fa7e5e09-2e95-4db9-8d26-78d6653b12bc
0,5e94bdd7-96a0-4a8f-aed7-5831eff50635,open,5e94bdd7-96a0-4a8f-aed7-5831eff50635
0,0f7a5412-5462-4e92-b5f3-84cc447f1fd5,open,0f7a5412-5462-4e92-b5f3-84cc447f1fd5
0,f5558162-e848-43c2-81f3-fadb4ef9e678,open,f5558162-e848-43c2-81f3-fadb4ef9e678
0,0a4ee404-40fc-43ec-b849-886c6d0b724c,open,0a4ee404-40fc-43ec-b849-886c6d0b724c
0,7d5a4fd3-50e2-4bc1-adbf-bce0eb09dc78,open,7d5a4fd3-50e2-4bc1-adbf-bce0eb09dc78
0,baffc4ea-b42e-4b32-b92b-c2eccf9e0952,open,baffc4ea-b42e-4b32-b92b-c2eccf9e0952
0,ce93f88f-6c13-48f1-b4b5-51129c78160c,open,ce93f88f-6c13-48f1-b4b5-51129c78160c
0,b6307e14-b457-4825-8e4d-b7c544e2ea4f,open,b6307e14-b457-4825-8e4d-b7c544e2ea4f
0,9beb2588-778f-4d49-bd3d-6dd018d09826,open,9beb2588-778f-4d49-bd3d-6dd018d09826
0,b54cf01e-5ff1-4328-b39e-f434eaefea78,open,b54cf01e-5ff1-4328-b39e-f434eaefea78
0,35935ae7-57c2-4304-904a-cb81cf13e9db,open,35935ae7-57c2-4304-904a-cb81cf13e9db
0,d0a905c8-ed12-4539-9558-669a20f89b19,open,d0a905c8-ed12-4539-9558-669a20f89b19
0,2d8488b7-10f4-4930-bf12-fe50e1acc14e,open,2d8488b7-10f4-4930-bf12-fe50e1acc14e
0,ed670c25-73ac-4a2c-ba82-1820db77d613,open,ed670c25-73ac-4a2c-ba82-1820db77d613
0,b9f211f5-18d5-48d5-95a4-2e5a32a60950,open,b9f211f5-18d5-48d5-95a4-2e5a32a60950
0,af8fbaf1-bdb9-4b9e-96f6-693503598b19,open,af8fbaf1-bdb9-4b9e-96f6-693503598b19
0,ca68e8a1-329e-4a20-af43-19a64fab17d9,open,ca68e8a1-329e-4a20-af43-19a64fab17d9
0,aedc6c34-7491-4f65-b15c-2d53a83eaf5d,open,aedc6c34-7491-4f65-b15c-2d53a83eaf5d
0,8d030423-78c0-402a-8c02-ce3865d5db96,open,8d030423-78c0-402a-8c02-ce3865d5db96
0,8c3fc6e8-7ff9-4074-b19c-c70d254962bb,open,8c3fc6e8-7ff9-4074-b19c-c70d254962bb
0,9751a704-e683-4fd3-91aa-1f4e8225df97,open,9751a704-e683-4fd3-91aa-1f4e8225df97
0,b5a51de9-9087-412e-a57c-5df938aec51e,open,b5a51de9-9087-412e-a57c-5df938aec51e
0,2248cb13-d2ea-4867-9dd2-e2c0660db8ca,open,2248cb13-d2ea-4867-9dd2-e2c0660db8ca
0,616c58e6-96ea-4591-9ba0-df828f48cac0,open,616c58e6-96ea-4591-9ba0-df828f48cac0
0,db0431c8-5c09-4c50-9875-aead2280c239,open,db0431c8-5c09-4c50-9875-aead2280c239
0,156da9dd-8d74-4969-a4ce-16f10de4ddfa,open,156da9dd-8d74-4969-a4ce-16f10de4ddfa
0,1e7bbd0a-f0e3-47db-b3c4-b7a96471c559,open,1e7bbd0a-f0e3-47db-b3c4-b7a96471c559
0,0f1b2d16-aa92-4f66-b423-9c96e108bfc3,open,0f1b2d16-aa92-4f66-b423-9c96e108bfc3
0,f6b4e90f-bd66-4b21-82cb-c0b39099aef4,open,f6b4e90f-bd66-4b21-82cb-c0b39099aef4
0,453c0a44-84db-4fa2-9c4d-278704d4ed9d,open,453c0a44-84db-4fa2-9c4d-278704d4ed9d
0,5d08bbf8-90b9-44ff-9712-a97ed581bbb2,open,5d08bbf8-90b9-44ff-9712-a97ed581bbb2
0,e6ae03dc-bb85-442e-a31c-bcaaf3661c0c,open,e6ae03dc-bb85-442e-a31c-bcaaf3661c0c
0,79f86c0f-6ae5-4912-92fa-684f14343f9a,open,79f86c0f-6ae5-4912-92fa-684f14343f9a
0,db7a577a-0a26-4ab9-ae7c-347297037bd6,open,db7a577a-0a26-4ab9-ae7c-347297037bd6
0,5e66150d-41ae-4730-8d81-84955c6b6273,open,5e66150d-41ae-4730-8d81-84955c6b6273
0,83f4da97-c930-463b-83ad-ea80e0644238,open,83f4da97-c930-463b-83ad-ea80e0644238
0,b4997d5c-d0f2-4faf-b501-4ef1ead6d42d,open,b4997d5c-d0f2-4faf-b501-4ef1ead6d42d
0,be867167-4ad1-4a1a-a78e-8eac8765750f,open,be867167-4ad1-4a1a-a78e-8eac8765750f
0,35217025-dfa5-4d80-8d81-15e0ffe064ae,open,35217025-dfa5-4d80-8d81-15e0ffe064ae
0,850df9d1-6008-4ffb-b382-495d38306779,open,850df9d1-6008-4ffb-b382-495d38306779
0,376a0287-d282-40d3-954b-461820a5fc1b,open,376a0287-d282-40d3-954b-461820a5fc1b
0,2d4b778b-3e50-4f0d-bc51-deebea74f8e7,open,2d4b778b-3e50-4f0d-bc51-deebea74f8e7
0,155fc352-8856-4cab-8271-96d6e98b92d7,open,155fc352-8856-4cab-8271-96d6e98b92d7
0,fdb8ea45-d56f-49a7-ad65-dc67bcf6b57d,open,fdb8ea45-d56f-49a7-ad65-dc67bcf6b57d
0,bc5fbdbb-60ef-4663-89f1-e6f9115d094e,open,bc5fbdbb-60ef-4663-89f1-e6f9115d094e
0,c2fa95ce-b666-4243-aa28-a584cd6be751,open,c2fa95ce-b666-4243-aa28-a584cd6be751
0,b46ce294-999a-4cd0-b1fa-d6a1927958fc,open,b46ce294-999a-4cd0-b1fa-d6a1927958fc
0,f9add23d-a8f9-4d77-98fb-3883edb3210f,open,f9add23d-a8f9-4d77-98fb-3883edb3210f
0,b161afbe-a271-49d4-9dfd-33c4a2fe241b,open,b161afbe-a271-49d4-9dfd-33c4a2fe241b
0,a0b469ca-9051-4c62-97e3-e067379d00e0,open,a0b469ca-9051-4c62-97e3-e067379d00e0
0,59cdf281-e93d-4a8f-a83f-3e796bfac331,open,59cdf281-e93d-4a8f-a83f-3e796bfac331
0,63949212-10f8-4426-a2a3-83c41701a402,open,63949212-10f8-4426-a2a3-83c41701a402
0,e124bac9-e1f6-4f30-a64f-f0fe321ffd46,open,e124bac9-e1f6-4f30-a64f-f0fe321ffd46
0,c47311d5-6b11-4b8c-9d58-1a0a2973fd3b,open,c47311d5-6b11-4b8c-9d58-1a0a2973fd3b
0,a4ce5e6c-0f3e-4f32-aa9e-7527d803bfd1,open,a4ce5e6c-0f3e-4f32-aa9e-7527d803bfd1
0,3a06a6d2-895e-428f-afcc-29ee1307443c,open,3a06a6d2-895e-428f-afcc-29ee1307443c
0,dc4ab79e-31eb-4024-9ecc-a9ab2b587c66,open,dc4ab79e-31eb-4024-9ecc-a9ab2b587c66
0,3cd7e4a0-9fbe-4bf6-bdc4-859af94eed5e,open,3cd7e4a0-9fbe-4bf6-bdc4-859af94eed5e
0,8b84aee2-0538-46ab-8a25-660f7eb8d97e,open,8b84aee2-0538-46ab-8a25-660f7eb8d97e
0,c5c6ea2e-29e5-493b-8224-7e2022fc6fb8,open,c5c6ea2e-29e5-493b-8224-7e2022fc6fb8
0,01441aca-3631-41b7-872b-eb4820ba4d12,open,01441aca-3631-41b7-872b-eb4820ba4d12
0,6521c919-6ad8-4274-87c5-4eb2261b840e,open,6521c919-6ad8-4274-87c5-4eb2261b840e
0,0cdb35ac-98b1-4070-a512-5b7aa452b3ab,open,0cdb35ac-98b1-4070-a512-5b7aa452b3ab
0,165ef395-6a1d-48df-8683-44320950c207,open,165ef395-6a1d-48df-8683-44320950c207
0,70b002a7-7e76-4a4d-864a-5686077ba9b3,open,70b002a7-7e76-4a4d-864a-5686077ba9b3
0,adbc364e-0495-4a7d-81bc-4e6c52e92320,open,adbc364e-0495-4a7d-81bc-4e6c52e92320
0,494c4b99-1e5b-44e4-9f15-034f7cbc10af,open,494c4b99-1e5b-44e4-9f15-034f7cbc10af
0,fbe52a2d-6968-46b7-9e6b-143248b40e11,open,fbe52a2d-6968-46b7-9e6b-143248b40e11
0,e6427807-f59e-44fd-b0e1-8a57208eaea3,open,e6427807-f59e-44fd-b0e1-8a57208eaea3
0,5645cb7a-5b68-4d2e-8861-6ecc12bd4c9f,open,5645cb7a-5b68-4d2e-8861-6ecc12bd4c9f
0,fb31b4b3-e6c3-448c-bba3-ba56e9edb64e,open,fb31b4b3-e6c3-448c-bba3-ba56e9edb64e
0,a1604043-250e-414e-baa7-ac9827ea39fe,open,a1604043-250e-414e-baa7-ac9827ea39fe
0,d07e6cbf-8824-4b5e-b591-49677c6b4383,open,d07e6cbf-8824-4b5e-b591-49677c6b4383
0,5ba8985d-cff6-431d-9b0d-2566b213b782,open,5ba8985d-cff6-431d-9b0d-2566b213b782
0,b016540a-57d9-4c95-9ff6-b3b8b19c2e05,open,b016540a-57d9-4c95-9ff6-b3b8b19c2e05
0,3fb125a7-c08c-4af5-92cf-77a7c1dd7553,open,3fb125a7-c08c-4af5-92cf-77a7c1dd7553
0,4f16f18d-0224-479b-bf3c-9ba16431995d,open,4f16f18d-0224-479b-bf3c-9ba16431995d
0,fdbc5cf2-7764-4690-9066-efef586def00,open,fdbc5cf2-7764-4690-9066-efef586def00
0,f4176ad2-c302-4b0a-93a7-f7007332215e,open,f4176ad2-c302-4b0a-93a7-f7007332215e
0,542e9edf-3872-4422-a851-325bc6c9c968,open,542e9edf-3872-4422-a851-325bc6c9c968
0,a4f7cf61-c4b2-4789-8f4d-8ff0895b239b,open,a4f7cf61-c4b2-4789-8f4d-8ff0895b239b
0,94c1bfad-69e0-45ae-af05-cd6ddd8f1812,open,94c1bfad-69e0-45ae-af05-cd6ddd8f1812
0,4656810a-5397-453a-820f-0d95b9c2cde0,open,4656810a-5397-453a-820f-0d95b9c2cde0
0,a1ef61d7-0254-4883-9d44-f016f7dd5b2a,open,a1ef61d7-0254-4883-9d44-f016f7dd5b2a
0,0d68f74a-7f4a-4af8-95c2-d2fab45abe50,open,0d68f74a-7f4a-4af8-95c2-d2fab45abe50
0,3a748bf0-7e84-4e4a-9fea-bcaf11760cd4,open,3a748bf0-7e84-4e4a-9fea-bcaf11760cd4
0,cf4fd0ba-b1b1-4303-92d1-4b3375e4ea8b,open,cf4fd0ba-b1b1-4303-92d1-4b3375e4ea8b
0,ad7b18a5-a17b-4915-acf1-fdcf950a1ebf,open,ad7b18a5-a17b-4915-acf1-fdcf950a1ebf
0,e2fe8848-35cc-4842-94d0-2a26fe8259cc,open,e2fe8848-35cc-4842-94d0-2a26fe8259cc
0,99a36cf0-34b4-4553-9f47-a118a9b1a389,open,99a36cf0-34b4-4553-9f47-a118a9b1a389
0,af6bbac1-2005-4ff3-af85-4e9bea71ab3a,open,af6bbac1-2005-4ff3-af85-4e9bea71ab3a
0,aa6bd89a-513c-4703-9612-c455a88d7769,open,aa6bd89a-513c-4703-9612-c455a88d7769
0,ef9b6d86-ae51-45d1-a815-1862ef65ed20,open,ef9b6d86-ae51-45d1-a815-1862ef65ed20
0,a2295176-8a05-48d4-a88d-a5d83901d9f8,open,a2295176-8a05-48d4-a88d-a5d83901d9f8
0,60b045dd-a540-4bf4-bcc8-7727edf2c7f4,open,60b045dd-a540-4bf4-bcc8-7727edf2c7f4
0,da90e8e3-3bff-47c8-8bf5-661b6210ce5a,open,da90e8e3-3bff-47c8-8bf5-661b6210ce5a
0,7dc91915-55c8-4f93-a94e-d687b2b25d6a,open,7dc91915-55c8-4f93-a94e-d687b2b25d6a
0,a0a2b0f0-ba52-44b9-b04e-0f1a382da00c,open,a0a2b0f0-ba52-44b9-b04e-0f1a382da00c
0,37f13b4a-151d-43ad-a948-1515b4cbf8fe,open,37f13b4a-151d-43ad-a948-1515b4cbf8fe
0,ac1b1823-270d-4d95-8171-f0538449135f,open,ac1b1823-270d-4d95-8171-f0538449135f
0,39353af7-c5a9-4b02-8593-72f7c54bd6f7,open,39353af7-c5a9-4b02-8593-72f7c54bd6f7
0,30926314-e795-4bb3-b8ad-b85fcfdd45cf,open,30926314-e795-4bb3-b8ad-b85fcfdd45cf
0,d038a8de-b84e-42e3-963e-f3bf826b193f,open,d038a8de-b84e-42e3-963e-f3bf826b193f
0,5c5344dc-9857-4c0e-b08b-70fee800348c,open,5c5344dc-9857-4c0e-b08b-70fee800348c
0,0c26db3e-4f32-4cdf-a7ea-466ddc113de1,open,0c26db3e-4f32-4cdf-a7ea-466ddc113de1
0,525299f4-c479-4e29-bb1c-1055b330bac8,open,525299f4-c479-4e29-bb1c-1055b330bac8
0,85064855-0a9b-428a-8b5e-7bb888625673,open,85064855-0a9b-428a-8b5e-7bb888625673
0,3a756978-389b-40bc-bd9d-6a7c6a36d0ad,open,3a756978-389b-40bc-bd9d-6a7c6a36d0ad
0,2e4e9137-c2a8-44c0-a2bf-99a28acf88dd,open,2e4e9137-c2a8-44c0-a2bf-99a28acf88dd
0,042b00bd-488b-4631-b404-912f31f71478,open,042b00bd-488b-4631-b404-912f31f71478
0,ecf0ce8d-06a5-4d33-955a-6f9e75043451,open,ecf0ce8d-06a5-4d33-955a-6f9e75043451
0,ca0126b8-3e89-4354-b383-c53d1c690a06,open,ca0126b8-3e89-4354-b383-c53d1c690a06
0,a9cbc9df-0859-4061-9b10-c73a8c214fff,open,a9cbc9df-0859-4061-9b10-c73a8c214fff
0,b494d40b-0a80-47b1-8b42-f74d7c1569b6,open,b494d40b-0a80-47b1-8b42-f74d7c1569b6
0,ba38d2f4-27b0-4b39-a294-44019559b1d2,open,ba38d2f4-27b0-4b39-a294-44019559b1d2
0,d252931e-fa6a-446d-b3a9-c77f185c5b16,open,d252931e-fa6a-446d-b3a9-c77f185c5b16
0,c4f067fa-dbbd-43ee-8149-4a25fb150ae1,open,c4f067fa-dbbd-43ee-8149-4a25fb150ae1
0,ca9863c8-e12a-49be-848a-5cf323ab4b45,open,ca9863c8-e12a-49be-848a-5cf323ab4b45
0,00f84b7a-225e-473a-9ff5-571ff926cfd9,open,00f84b7a-225e-473a-9ff5-571ff926cfd9
0,6bb37602-0c04-4976-b131-e0cb91ec89b4,open,6bb37602-0c04-4976-b131-e0cb91ec89b4
0,ed6e77dd-8c0d-42be-8235-ff9943c1ba56,open,ed6e77dd-8c0d-42be-8235-ff9943c1ba56
0,804dc1e6-0aa3-407d-915b-4a7d00d5de4b,open,804dc1e6-0aa3-407d-915b-4a7d00d5de4b
0,4dd36f3d-f6e4-4be0-b08d-97b87c4c596b,open,4dd36f3d-f6e4-4be0-b08d-97b87c4c596b
0,c51aba44-229f-4fe7-8161-7ef64807d355,open,c51aba44-229f-4fe7-8161-7ef64807d355
0,0b82fee7-920d-416b-a03e-f39fcc929578,open,0b82fee7-920d-416b-a03e-f39fcc929578
0,8124cd15-b572-4cdd-b721-3b924c5cffdd,open,8124cd15-b572-4cdd-b721-3b924c5cffdd
0,cb150897-ea50-4b3c-8cae-9e4764a55698,open,cb150897-ea50-4b3c-8cae-9e4764a55698
0,743d443a-eedb-4a24-be1b-bb8bea4acc7b,open,743d443a-eedb-4a24-be1b-bb8bea4acc7b
0,b9cc9c22-b856-41f1-a143-fa74b9ddca7d,open,b9cc9c22-b856-41f1-a143-fa74b9ddca7d
0,48be70b6-2cff-4b0a-9a6c-29c93def11de,open,48be70b6-2cff-4b0a-9a6c-29c93def11de
0,523a04a5-d32f-4d97-86eb-a67806409893,open,523a04a5-d32f-4d97-86eb-a67806409893
0,d6cce680-3b61-40bc-8eea-2e09123b4fcd,open,d6cce680-3b61-40bc-8eea-2e09123b4fcd
0,a77181ca-f7e5-400c-bbd7-a376d0b8d6e0,open,a77181ca-f7e5-400c-bbd7-a376d0b8d6e0
0,08cc5d6d-7fdc-4e72-856f-01ce15aed2a2,open,08cc5d6d-7fdc-4e72-856f-01ce15aed2a2
0,427381be-6931-4286-9c98-d098f794e37b,open,427381be-6931-4286-9c98-d098f794e37b
0,2f02bb84-bc0e-449d-9cd0-4b7cf0e4ba54,open,2f02bb84-bc0e-449d-9cd0-4b7cf0e4ba54
0,989fa89c-b239-49dc-9d1e-2bb8cef35ae3,open,989fa89c-b239-49dc-9d1e-2bb8cef35ae3
0,34ce72c8-47d0-4de8-a491-b932da99505a,open,34ce72c8-47d0-4de8-a491-b932da99505a
0,d097c795-fbb3-49db-b97c-01c9d9ef422b,open,d097c795-fbb3-49db-b97c-01c9d9ef422b
0,215c8ac9-9448-4a13-800a-1020aef73306,open,215c8ac9-9448-4a13-800a-1020aef73306
0,9af1f4d3-b65c-4a00-aac3-3a9b1228b869,open,9af1f4d3-b65c-4a00-aac3-3a9b1228b869
0,3cc0d17a-d8be-4c04-9925-f1394ffb1ffb,open,3cc0d17a-d8be-4c04-9925-f1394ffb1ffb
0,e60a51d7-6d8d-4981-9a39-7c0d2f55ebf7,open,e60a51d7-6d8d-4981-9a39-7c0d2f55ebf7
0,79477c5a-ee76-4893-82a3-60e0554ffb29,open,79477c5a-ee76-4893-82a3-60e0554ffb29
0,4d04533d-54c3-4a99-bd1d-bff642bb4859,open,4d04533d-54c3-4a99-bd1d-bff642bb4859
0,774a306c-905d-4cc8-8c08-609c8bfd2054,open,774a306c-905d-4cc8-8c08-609c8bfd2054
0,7127c1ff-a634-43d0-ba5e-48efd6f131da,open,7127c1ff-a634-43d0-ba5e-48efd6f131da
0,30cf64be-f96c-4619-9023-7f58f50ac724,open,30cf64be-f96c-4619-9023-7f58f50ac724
0,90668353-53d6-444f-9388-1f66759c5880,open,90668353-53d6-444f-9388-1f66759c5880
0,a05d6679-3f4e-435a-a38e-a8e8455cb0f0,open,a05d6679-3f4e-435a-a38e-a8e8455cb0f0
0,3edca70e-46a4-4cb0-9334-cdff5ac5d50c,open,3edca70e-46a4-4cb0-9334-cdff5ac5d50c
0,a5e9f23f-a574-41e9-9c41-a50f4e020e98,open,a5e9f23f-a574-41e9-9c41-a50f4e020e98
0,c5e211db-f841-4df3-a51f-8544759f7958,open,c5e211db-f841-4df3-a51f-8544759f7958
0,7127f11d-eb62-415e-8c9c-8058f3ad8a8e,open,7127f11d-eb62-415e-8c9c-8058f3ad8a8e
0,98390d0a-c4a2-41d1-b2ff-48a184503de1,open,98390d0a-c4a2-41d1-b2ff-48a184503de1
0,0458615a-684f-4068-8548-43bacea9f757,open,0458615a-684f-4068-8548-43bacea9f757
0,f841cd2c-0bc4-42b8-8efb-1b17d025dcfc,open,f841cd2c-0bc4-42b8-8efb-1b17d025dcfc
0,bb5d232a-a20c-427c-aad2-e06a36b077b9,open,bb5d232a-a20c-427c-aad2-e06a36b077b9
0,b698cf49-6ee8-4567-9fc8-d6137b69c7cd,open,b698cf49-6ee8-4567-9fc8-d6137b69c7cd
0,072ce1b4-1fb6-4ed9-b2d4-89d296dfc981,open,072ce1b4-1fb6-4ed9-b2d4-89d296dfc981
0,434fed5c-8b29-44cd-9eb2-144e738fd240,open,434fed5c-8b29-44cd-9eb2-144e738fd240
0,d4cd6541-39ef-441c-ab92-cedd0730801a,open,d4cd6541-39ef-441c-ab92-cedd0730801a
0,8eb30f71-44bc-4487-9b29-eb43f491bed5,open,8eb30f71-44bc-4487-9b29-eb43f491bed5
0,ca0c0676-c581-4177-8174-c104e1e2a554,open,ca0c0676-c581-4177-8174-c104e1e2a554
0,f3d4385d-13df-49d0-b439-8b5e0438b8f6,open,f3d4385d-13df-49d0-b439-8b5e0438b8f6
0,63a943f1-2037-4a19-b65a-7c875ac2205b,open,63a943f1-2037-4a19-b65a-7c875ac2205b
0,3adf8565-08bd-4f6a-8285-b0bae153f52d,open,3adf8565-08bd-4f6a-8285-b0bae153f52d
0,9615d3bf-40f1-408f-a78b-c73c9b4456fb,open,9615d3bf-40f1-408f-a78b-c73c9b4456fb
0,9caa2d46-81d4-4ec7-9555-d1bf2df1129d,open,9caa2d46-81d4-4ec7-9555-d1bf2df1129d
0,7da14cad-a9d6-43ed-b8b9-07024c033ed6,open,7da14cad-a9d6-43ed-b8b9-07024c033ed6
0,88f203b9-ccf0-4c91-85ce-95145ba16a22,open,88f203b9-ccf0-4c91-85ce-95145ba16a22
0,851bcccf-833a-4c96-8293-b3a75fb5aa43,open,851bcccf-833a-4c96-8293-b3a75fb5aa43
0,4c58ae5d-ca3f-44b7-b1f4-813079e119ca,open,4c58ae5d-ca3f-44b7-b1f4-813079e119ca
0,ca6f0f81-5f2e-4bc7-955f-2d2a40c2e691,open,ca6f0f81-5f2e-4bc7-955f-2d2a40c2e691
0,e8d89de0-4806-438d-a6bd-bbeed3c59686,open,e8d89de0-4806-438d-a6bd-bbeed3c59686
0,cb8a4166-dcc2-4a5f-b385-f2464f7065e7,open,cb8a4166-dcc2-4a5f-b385-f2464f7065e7
0,784dc935-ba3d-43c5-bfc2-9ccaca35f2df,open,784dc935-ba3d-43c5-bfc2-9ccaca35f2df
0,11231cf5-064a-4b17-bb9b-f74631824b45,open,11231cf5-064a-4b17-bb9b-f74631824b45
0,fcf0674f-dc1a-4a5f-930b-0eaa45b058dc,open,fcf0674f-dc1a-4a5f-930b-0eaa45b058dc
0,b0654404-5f47-4797-b39c-4db61c94d9d0,open,b0654404-5f47-4797-b39c-4db61c94d9d0
0,fb72a926-53b8-4ee9-97dc-1728e1aa6a4a,open,fb72a926-53b8-4ee9-97dc-1728e1aa6a4a
0,2f01e54d-02ce-4ccb-9878-88f8fa7ddfeb,open,2f01e54d-02ce-4ccb-9878-88f8fa7ddfeb
0,f3b0d42e-9eda-4457-8f0d-f21d88ac7712,open,f3b0d42e-9eda-4457-8f0d-f21d88ac7712
0,dab7dd7a-4b1e-4a9a-ba91-0ee44442b873,open,dab7dd7a-4b1e-4a9a-ba91-0ee44442b873
0,d1c5e5ad-fc12-46c2-b52e-bbe02cf6cb01,open,d1c5e5ad-fc12-46c2-b52e-bbe02cf6cb01
0,c3fd3837-5d06-4dd3-9c31-74b6b51121cb,open,c3fd3837-5d06-4dd3-9c31-74b6b51121cb
0,51fc5043-c815-4980-8f57-8526beebdcca,open,51fc5043-c815-4980-8f57-8526beebdcca
0,45f629e6-54f4-4a61-8d3f-174dfe50783f,open,45f629e6-54f4-4a61-8d3f-174dfe50783f
0,d9b12972-717a-4c2c-8284-5804a95fcd97,open,d9b12972-717a-4c2c-8284-5804a95fcd97
0,02e8b92e-2027-4075-843c-b70526168db0,open,02e8b92e-2027-4075-843c-b70526168db0
0,62a2c376-66e8-4a64-9940-72fafcf10f41,open,62a2c376-66e8-4a64-9940-72fafcf10f41
0,31a66144-56a8-4277-856b-af34d946bb1f,open,31a66144-56a8-4277-856b-af34d946bb1f
0,092407fe-6fb3-4630-aaec-e1e88c9ad714,open,092407fe-6fb3-4630-aaec-e1e88c9ad714
0,be308f6a-ca90-48cf-9ecf-acedf53f2f4a,open,be308f6a-ca90-48cf-9ecf-acedf53f2f4a
0,68b8b003-02d5-48bf-9aa2-ad21e2b56417,open,68b8b003-02d5-48bf-9aa2-ad21e2b56417
0,a1c5accf-61d2-40de-a54b-1f86efd54e9a,open,a1c5accf-61d2-40de-a54b-1f86efd54e9a
0,9257498a-cac1-4de2-a316-d448a482922f,open,9257498a-cac1-4de2-a316-d448a482922f
0,dd14d1e9-9c29-42ba-902d-0db2657c0c47,open,dd14d1e9-9c29-42ba-902d-0db2657c0c47
0,75b90801-207b-4355-8060-398195c29f9f,open,75b90801-207b-4355-8060-398195c29f9f
0,ce833be2-f212-4732-b0f8-e39d4b81f42b,open,ce833be2-f212-4732-b0f8-e39d4b81f42b
0,8db804a0-9b8c-435d-9aaa-cc332bf34dc3,open,8db804a0-9b8c-435d-9aaa-cc332bf34dc3
0,2c4a939f-5250-4551-babc-f91a09a391dc,open,2c4a939f-5250-4551-babc-f91a09a391dc
0,710f71ad-75a7-4606-adba-7010d8811fbe,open,710f71ad-75a7-4606-adba-7010d8811fbe
0,45a31ab3-08db-49cd-88d7-fdbe7d656947,open,45a31ab3-08db-49cd-88d7-fdbe7d656947
0,543433b9-0032-47eb-bbd8-c6488a3650ef,open,543433b9-0032-47eb-bbd8-c6488a3650ef
0,60cdbadf-9062-40a3-a882-4914cc37e760,open,60cdbadf-9062-40a3-a882-4914cc37e760
0,0e820cc7-e71a-4021-be32-f2c8583bb9f7,open,0e820cc7-e71a-4021-be32-f2c8583bb9f7
0,0876e015-8dd9-4249-a883-06812b567aca,open,0876e015-8dd9-4249-a883-06812b567aca
0,cea73169-c08c-4989-87f5-03ab6b03083b,open,cea73169-c08c-4989-87f5-03ab6b03083b
0,d105cdc7-4758-4a54-a8f2-500195791e53,open,d105cdc7-4758-4a54-a8f2-500195791e53
0,7f7f4872-d46f-40a0-94d1-639652c0ae57,open,7f7f4872-d46f-40a0-94d1-639652c0ae57
0,9e44e32c-4890-4a91-a46c-a223117a78fa,open,9e44e32c-4890-4a91-a46c-a223117a78fa
0,c772e6aa-c723-4e6b-85c7-0536c799c44e,open,c772e6aa-c723-4e6b-85c7-0536c799c44e
0,991551b2-26a3-40da-9baf-f391b79c8bd6,open,991551b2-26a3-40da-9baf-f391b79c8bd6
0,b73c4028-9f6a-4ffd-b73e-6d11e82846fe,open,b73c4028-9f6a-4ffd-b73e-6d11e82846fe
0,f9112077-5663-412c-83a4-46a3038cf733,open,f9112077-5663-412c-83a4-46a3038cf733
0,b79441b6-d3b9-442e-9819-7720eb1e3fd7,open,b79441b6-d3b9-442e-9819-7720eb1e3fd7
0,3fb1eaf4-10f9-419f-83d2-f9d509194b62,open,3fb1eaf4-10f9-419f-83d2-f9d509194b62
0,ad480028-36ff-4d11-985d-84c4ec3045bb,open,ad480028-36ff-4d11-985d-84c4ec3045bb
0,23883dc4-64f8-4231-9210-485d2afd7e7d,open,23883dc4-64f8-4231-9210-485d2afd7e7d
0,0d1e8d5b-94df-4326-97f2-9ac37e52cec0,open,0d1e8d5b-94df-4326-97f2-9ac37e52cec0
0,12ef1788-aa66-44f3-8bcf-12e4121a667b,open,12ef1788-aa66-44f3-8bcf-12e4121a667b
0,d828d740-6ab6-4ad1-a9f2-d28d9741bff0,open,d828d740-6ab6-4ad1-a9f2-d28d9741bff0
0,6acdc383-deb0-4ccd-b15b-197322088f90,open,6acdc383-deb0-4ccd-b15b-197322088f90
0,77eb1e2d-244b-40ba-8636-78d2fa6459f3,open,77eb1e2d-244b-40ba-8636-78d2fa6459f3
0,5a069b96-413e-41c7-8cd9-cc1a5a57fd08,open,5a069b96-413e-41c7-8cd9-cc1a5a57fd08
0,650aa0aa-abbf-489c-91cb-d330eff13c11,open,650aa0aa-abbf-489c-91cb-d330eff13c11
0,33b561ad-d70c-436b-9276-ff579db1aa1a,open,33b561ad-d70c-436b-9276-ff579db1aa1a
0,e4194b31-59a7-457a-9db3-8aa76afb7530,open,e4194b31-59a7-457a-9db3-8aa76afb7530
0,b13ca3aa-298f-49d4-be2e-18f6b902770a,open,b13ca3aa-298f-49d4-be2e-18f6b902770a
0,0121eb6b-861d-4f77-ad61-5cfacb3ad286,open,0121eb6b-861d-4f77-ad61-5cfacb3ad286
0,c1a0ae24-65b7-486d-942e-b934d8b8de53,open,c1a0ae24-65b7-486d-942e-b934d8b8de53
0,86fdc063-a2f8-40bc-b10a-af7b1490c596,open,86fdc063-a2f8-40bc-b10a-af7b1490c596
0,0415b684-eb6f-4be1-9316-6813bb1982ec,open,0415b684-eb6f-4be1-9316-6813bb1982ec
0,13594bd1-6b27-446b-91c0-5e0ba42728d5,open,13594bd1-6b27-446b-91c0-5e0ba42728d5
0,5aee3eaa-bfec-47be-95e4-8c42602e795e,open,5aee3eaa-bfec-47be-95e4-8c42602e795e
0,80d7309a-86ab-460a-9fe3-d884e3e852e5,open,80d7309a-86ab-460a-9fe3-d884e3e852e5
0,acdf5884-6026-43a2-bf46-8d2c4de47ce2,open,acdf5884-6026-43a2-bf46-8d2c4de47ce2
0,600deee6-8b08-4e17-ba80-94e5acf5bcad,open,600deee6-8b08-4e17-ba80-94e5acf5bcad
0,0dd40d57-40cc-4154-9b51-7438a87c68c8,open,0dd40d57-40cc-4154-9b51-7438a87c68c8
0,f1c36c9a-5bd5-487f-b96e-9a3c4cddb67d,open,f1c36c9a-5bd5-487f-b96e-9a3c4cddb67d
0,3ada01c4-201a-4d20-b2fd-7a6e66ebbe25,open,3ada01c4-201a-4d20-b2fd-7a6e66ebbe25
0,645c5e0a-7974-4d6c-b5f8-297147fabde9,open,645c5e0a-7974-4d6c-b5f8-297147fabde9
0,d40342bf-4030-4826-b2b9-589381656299,open,d40342bf-4030-4826-b2b9-589381656299
0,861014f3-34a5-413d-b411-7fd7989af85c,open,861014f3-34a5-413d-b411-7fd7989af85c
0,95ae1b96-2d03-41c6-ac64-ee3c83283241,open,95ae1b96-2d03-41c6-ac64-ee3c83283241
0,85a2cfdc-7f3f-4d01-b223-c25c2daa0fcb,open,85a2cfdc-7f3f-4d01-b223-c25c2daa0fcb
0,28a98547-b54f-4026-92da-95e6581c0113,open,28a98547-b54f-4026-92da-95e6581c0113
0,7439ac38-ea92-445b-bd5b-059bd0aa52ad,open,7439ac38-ea92-445b-bd5b-059bd0aa52ad
0,008f03f1-c85d-4644-85c9-4ba4b8e37ef6,open,008f03f1-c85d-4644-85c9-4ba4b8e37ef6
0,2d5a8d04-94b5-4159-a83e-119fddc2d6cc,open,2d5a8d04-94b5-4159-a83e-119fddc2d6cc
0,2aa73568-e8b3-4abd-b506-bccadb7e2122,open,2aa73568-e8b3-4abd-b506-bccadb7e2122
0,5e5c5098-9fb1-478d-a8cf-e73b31ac927e,open,5e5c5098-9fb1-478d-a8cf-e73b31ac927e
0,4b76b2b2-9474-45f1-b020-df26e8c986a1,open,4b76b2b2-9474-45f1-b020-df26e8c986a1
0,1687ec75-6243-4cdd-a7aa-86efe7682764,open,1687ec75-6243-4cdd-a7aa-86efe7682764
0,921db2fb-d2f7-4f64-812c-4bf48b1babf9,open,921db2fb-d2f7-4f64-812c-4bf48b1babf9
0,60640697-b15b-4fbc-839a-6c53d9ac1432,open,60640697-b15b-4fbc-839a-6c53d9ac1432
0,5d78198f-dd34-42be-b243-b67f17442c1d,open,5d78198f-dd34-42be-b243-b67f17442c1d
0,5fd2f261-1bbf-45db-9d9c-c7eaf8937e6e,open,5fd2f261-1bbf-45db-9d9c-c7eaf8937e6e
0,bd1c6179-2f7f-4bc4-93db-8feb26b6a4e3,open,bd1c6179-2f7f-4bc4-93db-8feb26b6a4e3
0,a2a936c0-2bde-4d5b-9169-baa86e0fb703,open,a2a936c0-2bde-4d5b-9169-baa86e0fb703
0,81843358-7a3b-4063-afec-d508b08f6d53,open,81843358-7a3b-4063-afec-d508b08f6d53
0,0a57e4ed-029c-49d0-8008-1798f43f2dd6,open,0a57e4ed-029c-49d0-8008-1798f43f2dd6
0,6a2ccefe-1125-4d39-a9c1-6ca2726af663,open,6a2ccefe-1125-4d39-a9c1-6ca2726af663
0,0b8b555a-6841-4fc6-adf2-dee1a57130c9,open,0b8b555a-6841-4fc6-adf2-dee1a57130c9
0,399b6e1c-ace4-4898-b654-24d52e1d484f,open,399b6e1c-ace4-4898-b654-24d52e1d484f
0,a1ca53ce-c16d-44c8-a767-7026d9d067db,open,a1ca53ce-c16d-44c8-a767-7026d9d067db
0,adb53aa6-f768-493b-a143-8f8bceed2ec9,open,adb53aa6-f768-493b-a143-8f8bceed2ec9
0,d8893dff-cb24-452f-bae1-d5cb84289455,open,d8893dff-cb24-452f-bae1-d5cb84289455
0,a0e48d85-3ea8-4f8f-a1cf-fef3d6247974,open,a0e48d85-3ea8-4f8f-a1cf-fef3d6247974
0,fc8d39de-36a8-4eba-a72f-a1f1a541f5ce,open,fc8d39de-36a8-4eba-a72f-a1f1a541f5ce
0,e8018321-5f71-4c63-abe5-15bd139c8dcc,open,e8018321-5f71-4c63-abe5-15bd139c8dcc
0,ef3de570-163d-4547-9462-9cfb843f82b9,open,ef3de570-163d-4547-9462-9cfb843f82b9
0,a7ce7bdd-5c66-49ff-acbf-69cacaffc9a1,open,a7ce7bdd-5c66-49ff-acbf-69cacaffc9a1
0,48a6b6c4-5b69-4881-9a61-e0a2f2800e48,open,48a6b6c4-5b69-4881-9a61-e0a2f2800e48
0,e734359d-d62f-4e0c-a6a5-185e6e4f34a2,open,e734359d-d62f-4e0c-a6a5-185e6e4f34a2
0,c73cbae3-b475-48d0-9945-788599f83926,open,c73cbae3-b475-48d0-9945-788599f83926
0,15f0b2d7-b0a3-4d99-8b69-23e4b1586074,open,15f0b2d7-b0a3-4d99-8b69-23e4b1586074
0,75158bd5-0545-42e7-987e-9806a848e03a,open,75158bd5-0545-42e7-987e-9806a848e03a
0,02613c34-9735-42c3-bb04-6db20545ec6c,open,02613c34-9735-42c3-bb04-6db20545ec6c
0,a6296e3f-b618-4505-8b0b-414895120de8,open,a6296e3f-b618-4505-8b0b-414895120de8
0,f08d6991-ff04-4c70-98e1-779a26fda3b4,open,f08d6991-ff04-4c70-98e1-779a26fda3b4
0,8fbd5470-125d-4b1a-b52a-3744cc81ca38,open,8fbd5470-125d-4b1a-b52a-3744cc81ca38
0,e1c4423a-a756-44cb-801b-a37990f0eec6,open,e1c4423a-a756-44cb-801b-a37990f0eec6
0,f5d63c86-27e0-46f3-bbd4-9daddbd0a278,open,f5d63c86-27e0-46f3-bbd4-9daddbd0a278
0,b6d358aa-1ad9-449e-807e-08e466213871,open,b6d358aa-1ad9-449e-807e-08e466213871
0,c23e8b53-0b27-417e-9996-7f6d881c5f3d,open,c23e8b53-0b27-417e-9996-7f6d881c5f3d
0,1a310dcc-336d-49b2-8f05-0a532ec5bc35,open,1a310dcc-336d-49b2-8f05-0a532ec5bc35
0,ef584960-7e04-4b3b-bb24-8651c5095acc,open,ef584960-7e04-4b3b-bb24-8651c5095acc
0,9ec7bc43-fe36-4e88-b59d-892742a4d995,open,9ec7bc43-fe36-4e88-b59d-892742a4d995
0,0c280f35-b74b-4d00-ab03-9380437e6f59,open,0c280f35-b74b-4d00-ab03-9380437e6f59
0,c3991f9a-379f-4e2a-b079-8b1073ca565c,open,c3991f9a-379f-4e2a-b079-8b1073ca565c
0,58f8cb91-1aaf-4829-91e9-2336618cc859,open,58f8cb91-1aaf-4829-91e9-2336618cc859
0,b20a8a98-9ffe-4666-8d73-4a6b7b5f6d3d,open,b20a8a98-9ffe-4666-8d73-4a6b7b5f6d3d
0,8330481b-ee8e-4ff8-aa89-e6c26407f34f,open,8330481b-ee8e-4ff8-aa89-e6c26407f34f
0,a324a102-c415-4c36-a2c3-b2c5b3ec4c95,open,a324a102-c415-4c36-a2c3-b2c5b3ec4c95
0,a6d13afd-a4e7-4cf5-8dc7-746cabea41c8,open,a6d13afd-a4e7-4cf5-8dc7-746cabea41c8
0,5b64ae78-0cf1-48f9-a566-532553864bc0,open,5b64ae78-0cf1-48f9-a566-532553864bc0
0,6e15a8a6-bcb1-41a1-88b2-494e06c9a706,open,6e15a8a6-bcb1-41a1-88b2-494e06c9a706
0,7d762cc8-3b29-43df-a684-00511befcf79,open,7d762cc8-3b29-43df-a684-00511befcf79
0,d3317dc8-ac81-49eb-9952-7f327128fd40,open,d3317dc8-ac81-49eb-9952-7f327128fd40
0,cb29578c-bd78-4afc-8eb8-8ff890038c58,open,cb29578c-bd78-4afc-8eb8-8ff890038c58
0,49162b75-843f-4151-b009-d96a639b1908,open,49162b75-843f-4151-b009-d96a639b1908
0,a098d69b-16ec-47c1-8f0e-c4327d646b87,open,a098d69b-16ec-47c1-8f0e-c4327d646b87
0,20aa5c6c-2b04-46f9-a5dd-8e5923f85db3,open,20aa5c6c-2b04-46f9-a5dd-8e5923f85db3
0,89b53c5e-66c0-47cf-bb63-314782692f5c,open,89b53c5e-66c0-47cf-bb63-314782692f5c
0,3e1fc172-30bf-46b1-ab3e-ed37bd96d340,open,3e1fc172-30bf-46b1-ab3e-ed37bd96d340
0,aa873775-02ee-484d-a914-b76aa8120a68,open,aa873775-02ee-484d-a914-b76aa8120a68
0,b827854f-711a-4c5c-ac0b-2620f7208d83,open,b827854f-711a-4c5c-ac0b-2620f7208d83
0,c7cd329a-7443-4064-ace5-360763783bb0,open,c7cd329a-7443-4064-ace5-360763783bb0
0,716db2b2-4f43-4e3e-8f0e-9c7a3bfb13b6,open,716db2b2-4f43-4e3e-8f0e-9c7a3bfb13b6
0,68b778f5-6548-4e49-8601-cd59d9e23ac2,open,68b778f5-6548-4e49-8601-cd59d9e23ac2
0,a7b58fda-69e5-4887-b43f-e5995223adc4,open,a7b58fda-69e5-4887-b43f-e5995223adc4
0,24a36c02-61af-417f-bad6-a4274f738272,open,24a36c02-61af-417f-bad6-a4274f738272
0,a43e4b7f-48e8-4b56-b46f-dae4b882a12e,open,a43e4b7f-48e8-4b56-b46f-dae4b882a12e
0,2b9ad520-9d4b-42a8-9cb6-9f33c1adcbe1,open,2b9ad520-9d4b-42a8-9cb6-9f33c1adcbe1
0,68765744-90de-4f38-bd7c-3ea43866b209,open,68765744-90de-4f38-bd7c-3ea43866b209
0,901e2c75-d4ba-4df1-91ea-f8672ec84922,open,901e2c75-d4ba-4df1-91ea-f8672ec84922
0,b6aeb054-453c-4385-baf7-a87aa8607924,open,b6aeb054-453c-4385-baf7-a87aa8607924
0,f8cd9907-a910-4a50-972a-1b5565004741,open,f8cd9907-a910-4a50-972a-1b5565004741
0,6e74110e-2abc-45cd-9085-cc76ec05b046,open,6e74110e-2abc-45cd-9085-cc76ec05b046
0,51a54307-239b-442a-a462-b204f53a2596,open,51a54307-239b-442a-a462-b204f53a2596
0,ba12e890-3e0f-4218-a54c-29b34c1c6718,open,ba12e890-3e0f-4218-a54c-29b34c1c6718
0,441a791e-a970-4c6e-8900-be53de0c8609,open,441a791e-a970-4c6e-8900-be53de0c8609
0,9d2ea6db-cc3c-4514-826d-e45023c90dfc,open,9d2ea6db-cc3c-4514-826d-e45023c90dfc
0,f3e332ea-d114-4f10-a6d9-26ff7a79f856,open,f3e332ea-d114-4f10-a6d9-26ff7a79f856
0,f6105571-15f8-472b-aeb1-bcc6bf370fa6,open,f6105571-15f8-472b-aeb1-bcc6bf370fa6
0,6c4e58ec-8f30-466e-bb58-0c5a3b0e725b,open,6c4e58ec-8f30-466e-bb58-0c5a3b0e725b
0,0f6333b6-e498-4eb6-a5c1-49c0ce1446b4,open,0f6333b6-e498-4eb6-a5c1-49c0ce1446b4
0,d5f8709f-0db8-4dee-bd58-6d2017a20cbc,open,d5f8709f-0db8-4dee-bd58-6d2017a20cbc
0,cf2d4288-0321-4d0f-a6d2-546f7641ef3f,open,cf2d4288-0321-4d0f-a6d2-546f7641ef3f
0,955adec1-febe-4ad6-a46c-022d564b64b3,open,955adec1-febe-4ad6-a46c-022d564b64b3
0,6f27a123-708b-450d-9c76-9b361d622a8f,open,6f27a123-708b-450d-9c76-9b361d622a8f
0,d79667fb-65dc-42bc-a66f-f4b8f1dbd1e4,open,d79667fb-65dc-42bc-a66f-f4b8f1dbd1e4
0,10398c8e-1b21-4a72-a9f0-556b1e4eef6d,open,10398c8e-1b21-4a72-a9f0-556b1e4eef6d
0,aa0f755f-17f1-4e43-9b34-4819049bb449,open,aa0f755f-17f1-4e43-9b34-4819049bb449
0,9dfd6a1b-f730-4d67-80ee-da43b6c1f90d,open,9dfd6a1b-f730-4d67-80ee-da43b6c1f90d
0,bf022d8f-08fe-4baa-8e40-81f98d72af22,open,bf022d8f-08fe-4baa-8e40-81f98d72af22
0,6c56b7b4-9500-42e6-9219-68a43fcea673,open,6c56b7b4-9500-42e6-9219-68a43fcea673
0,229a6def-2392-47e9-b921-45e621122a7d,open,229a6def-2392-47e9-b921-45e621122a7d
0,fba7447e-e3d5-44e9-8ba4-4e9bf947b4a0,open,fba7447e-e3d5-44e9-8ba4-4e9bf947b4a0
0,9a9c3768-d1db-4175-bef7-094f0af750d6,open,9a9c3768-d1db-4175-bef7-094f0af750d6
0,cb61ee76-13a8-4656-99b1-1c083b5444c6,open,cb61ee76-13a8-4656-99b1-1c083b5444c6
0,2f9352e6-ab07-4520-bdcd-0a05fbff8c98,open,2f9352e6-ab07-4520-bdcd-0a05fbff8c98
0,543a6f77-bdb8-4728-8a58-08c5ef5595e3,open,543a6f77-bdb8-4728-8a58-08c5ef5595e3
0,9808373e-7629-4e65-b4e0-325b5b244b82,open,9808373e-7629-4e65-b4e0-325b5b244b82
0,9264f96e-752e-426d-9f93-69584d5cbbdc,open,9264f96e-752e-426d-9f93-69584d5cbbdc
0,40ad167e-dd87-4885-9a9d-21935a8d1c28,open,40ad167e-dd87-4885-9a9d-21935a8d1c28
0,2f8cd361-0f66-4224-a75b-9612986e2282,open,2f8cd361-0f66-4224-a75b-9612986e2282
0,e04fa887-b130-4b14-a413-a3d8e2797835,open,e04fa887-b130-4b14-a413-a3d8e2797835
0,e960ad28-4fa1-4db9-8088-f1a0cbaacacf,open,e960ad28-4fa1-4db9-8088-f1a0cbaacacf
0,ec2953b2-38d8-49a3-85e9-86b5bc27130e,open,ec2953b2-38d8-49a3-85e9-86b5bc27130e
0,c52d5cd4-2f7d-4696-a5e9-7503c02e3343,open,c52d5cd4-2f7d-4696-a5e9-7503c02e3343
0,2618c286-c4c6-443b-9b28-951ba90c0592,open,2618c286-c4c6-443b-9b28-951ba90c0592
0,ad98f140-4935-45d2-9660-a7bb596d0fbc,open,ad98f140-4935-45d2-9660-a7bb596d0fbc
0,e36cfb73-501f-4b4c-bc40-96618e1571d9,open,e36cfb73-501f-4b4c-bc40-96618e1571d9
0,2c18d8fc-589d-4ed7-ab32-679d0783a5d3,open,2c18d8fc-589d-4ed7-ab32-679d0783a5d3
0,ec0621e3-2709-473c-981b-f8859e49760d,open,ec0621e3-2709-473c-981b-f8859e49760d
0,cb3916f4-37ea-4686-98da-26e09e344c1f,open,cb3916f4-37ea-4686-98da-26e09e344c1f
0,2768719c-d24c-49ce-9d87-4484c3241560,open,2768719c-d24c-49ce-9d87-4484c3241560
0,c7d8d8a5-cb2b-4c05-bbd6-62fc74b9e829,open,c7d8d8a5-cb2b-4c05-bbd6-62fc74b9e829
0,08aa2502-de93-4e1b-9c4f-31c5ea86922d,open,08aa2502-de93-4e1b-9c4f-31c5ea86922d
0,c6b110ad-7f66-4f85-bf48-0e6db1e9bbe6,open,c6b110ad-7f66-4f85-bf48-0e6db1e9bbe6
0,32089fed-6507-478a-bb00-f1d5137b6775,open,32089fed-6507-478a-bb00-f1d5137b6775
0,10adb159-1d4e-49e5-82b3-4703edb27bcb,open,10adb159-1d4e-49e5-82b3-4703edb27bcb
0,d293fc6b-a184-4254-b987-9dafa83e9409,open,d293fc6b-a184-4254-b987-9dafa83e9409
0,9ce03552-f5ab-4a46-bce9-20215b7eb1e6,open,9ce03552-f5ab-4a46-bce9-20215b7eb1e6
0,7f379bef-29a3-4ae0-9e14-180c53e52185,open,7f379bef-29a3-4ae0-9e14-180c53e52185
0,31146a65-36a9-40cd-9c23-6085dd7154d9,open,31146a65-36a9-40cd-9c23-6085dd7154d9
0,b104781d-8ee2-4589-88ed-8d0b8786cd08,open,b104781d-8ee2-4589-88ed-8d0b8786cd08
0,aaa5d2d1-b118-4b94-a7eb-8137968c2a82,open,aaa5d2d1-b118-4b94-a7eb-8137968c2a82
0,2082deed-602a-4bc1-9b05-a5e39209e97e,open,2082deed-602a-4bc1-9b05-a5e39209e97e
0,70325531-d846-4560-b0d0-f73bf1582d87,open,70325531-d846-4560-b0d0-f73bf1582d87
0,7e81915b-b726-4aae-875d-d7f88db3e9b8,open,7e81915b-b726-4aae-875d-d7f88db3e9b8
0,f011711a-286e-434f-a779-d7c5a81cdf87,open,f011711a-286e-434f-a779-d7c5a81cdf87
0,05adcfeb-d488-4f33-a35c-87350fdd7caa,open,05adcfeb-d488-4f33-a35c-87350fdd7caa
0,3a06927f-3f92-458a-a747-7ad110b51300,open,3a06927f-3f92-458a-a747-7ad110b51300
0,0accb7ea-c6f8-4d2c-9c52-e4b4105d7666,open,0accb7ea-c6f8-4d2c-9c52-e4b4105d7666
0,5184a7d8-1b88-4d2c-8621-2f0d86844463,open,5184a7d8-1b88-4d2c-8621-2f0d86844463
0,af075d11-8633-4d59-93a2-3c8d1a6ad20c,open,af075d11-8633-4d59-93a2-3c8d1a6ad20c
0,dac5feef-b50e-48f6-8d46-4efefa6bb5e4,open,dac5feef-b50e-48f6-8d46-4efefa6bb5e4
0,c2f179ff-6e4c-4a5f-a65f-8b1778f605a4,open,c2f179ff-6e4c-4a5f-a65f-8b1778f605a4
0,45e9cced-1aa6-42aa-a84c-1567f685998d,open,45e9cced-1aa6-42aa-a84c-1567f685998d
0,e9c20e68-bcce-49a9-905b-dcbd32e54ace,open,e9c20e68-bcce-49a9-905b-dcbd32e54ace
0,8377db93-3171-4dc5-846b-213accb01e47,open,8377db93-3171-4dc5-846b-213accb01e47
0,1a83dcfb-b1f8-4fd2-89d4-261f97b19acb,open,1a83dcfb-b1f8-4fd2-89d4-261f97b19acb
0,54892bc2-98fd-446f-9876-42024e8fb7be,open,54892bc2-98fd-446f-9876-42024e8fb7be
0,e9a30f45-67b4-4d5f-87da-7af13ba8757e,open,e9a30f45-67b4-4d5f-87da-7af13ba8757e
0,243a8172-8551-489b-8df9-450c7404acae,open,243a8172-8551-489b-8df9-450c7404acae
0,2e3847fb-bd57-4e7f-b5c0-44f9a4b31d6f,open,2e3847fb-bd57-4e7f-b5c0-44f9a4b31d6f
0,405bce9c-4480-4ae2-ac61-d000a13adae5,open,405bce9c-4480-4ae2-ac61-d000a13adae5
0,21a4a68c-8474-442b-8d10-f4a3b3169458,open,21a4a68c-8474-442b-8d10-f4a3b3169458
0,6200a997-1844-4465-b338-74080f530ebd,open,6200a997-1844-4465-b338-74080f530ebd
0,36397420-d032-49d4-822e-1abeec896700,open,36397420-d032-49d4-822e-1abeec896700
0,1d27fb84-49aa-4414-928e-e0497b77f0f9,open,1d27fb84-49aa-4414-928e-e0497b77f0f9
0,59b57116-db23-4c31-96d8-a116b785fa03,open,59b57116-db23-4c31-96d8-a116b785fa03
0,a66b90f6-1a44-475e-89af-195d5394306c,open,a66b90f6-1a44-475e-89af-195d5394306c
0,7cbfd253-35a0-4598-bb95-6707150a91ae,open,7cbfd253-35a0-4598-bb95-6707150a91ae
0,972fc2a7-9998-469a-ac1e-d2b038dc883b,open,972fc2a7-9998-469a-ac1e-d2b038dc883b
0,fa922a8f-329b-485a-b744-412a8a122d25,open,fa922a8f-329b-485a-b744-412a8a122d25
0,e48be83f-0456-4037-94cd-87a538c30d09,open,e48be83f-0456-4037-94cd-87a538c30d09
0,a4f3e3e9-99fc-4bb3-82b5-358036e50d88,open,a4f3e3e9-99fc-4bb3-82b5-358036e50d88
0,02e14750-d40c-42ad-9c9c-2dd14737ad44,open,02e14750-d40c-42ad-9c9c-2dd14737ad44
0,2a9f55bc-c93b-4281-a5b8-71a240143d63,open,2a9f55bc-c93b-4281-a5b8-71a240143d63
0,f87f5491-c9cd-4f12-91e7-d86292bee55f,open,f87f5491-c9cd-4f12-91e7-d86292bee55f
0,20706695-7c8d-4f9a-a75a-4b20e578ee99,open,20706695-7c8d-4f9a-a75a-4b20e578ee99
0,0e3568dc-65ca-4684-8496-6136f22182d2,open,0e3568dc-65ca-4684-8496-6136f22182d2
0,2f7d5439-c349-4fa4-b391-265390513391,open,2f7d5439-c349-4fa4-b391-265390513391
0,d30d3029-df22-408b-9385-9870ea3c25f2,open,d30d3029-df22-408b-9385-9870ea3c25f2
0,fd95131c-8f4a-4881-bc21-eb45be58ccf2,open,fd95131c-8f4a-4881-bc21-eb45be58ccf2
0,d5df73ae-092b-4ecd-a26f-0f92c901e63a,open,d5df73ae-092b-4ecd-a26f-0f92c901e63a
0,0a956e4b-29f2-46a5-b191-28a6d413f496,open,0a956e4b-29f2-46a5-b191-28a6d413f496
0,f89cf610-041c-488e-8e61-50d7fcfcb92d,open,f89cf610-041c-488e-8e61-50d7fcfcb92d
0,5efd482c-373f-4a92-a4ec-f8e2e6075faa,open,5efd482c-373f-4a92-a4ec-f8e2e6075faa
0,a4fcaf17-68a6-4f52-b917-a7c15aa65fff,open,a4fcaf17-68a6-4f52-b917-a7c15aa65fff
0,bc2bd502-a538-4729-b9a7-706a92153e0d,open,bc2bd502-a538-4729-b9a7-706a92153e0d
0,309b6b5e-62dd-46f9-a9eb-f98c18e5a468,open,309b6b5e-62dd-46f9-a9eb-f98c18e5a468
0,de62b737-eb61-49df-8a19-03c164e21129,open,de62b737-eb61-49df-8a19-03c164e21129
0,07bdee2d-1648-4558-8cdd-a465c3318cf7,open,07bdee2d-1648-4558-8cdd-a465c3318cf7
0,1a8e8217-c04d-44d1-9243-3fa2e27aed62,open,1a8e8217-c04d-44d1-9243-3fa2e27aed62
0,bb40a752-1bd6-4500-b0eb-1081708633d5,open,bb40a752-1bd6-4500-b0eb-1081708633d5
0,1264f9bb-7fa7-45af-b151-9f105be4629f,open,1264f9bb-7fa7-45af-b151-9f105be4629f
0,6d19b5ba-3e95-4b27-9bc5-21b59fa33e28,open,6d19b5ba-3e95-4b27-9bc5-21b59fa33e28
0,4bb8c016-f604-4731-b39c-d305dab0acc6,open,4bb8c016-f604-4731-b39c-d305dab0acc6
0,caa82b61-28aa-44d5-a3e9-ef3397051bb1,open,caa82b61-28aa-44d5-a3e9-ef3397051bb1
0,7a22b9ad-d20d-4d0f-8471-803bc4e187f0,open,7a22b9ad-d20d-4d0f-8471-803bc4e187f0
0,44a78e5a-35b4-47e7-b2c7-f8ef70b29d4a,open,44a78e5a-35b4-47e7-b2c7-f8ef70b29d4a
0,c8d22e0b-45e6-4cd4-84c5-7c7dce7b9dcc,open,c8d22e0b-45e6-4cd4-84c5-7c7dce7b9dcc
0,703cd08d-aec2-4547-900e-8c5ba349fb9e,open,703cd08d-aec2-4547-900e-8c5ba349fb9e
0,209442aa-951c-4ba4-9bca-a52506737928,open,209442aa-951c-4ba4-9bca-a52506737928
0,67c0a916-ded0-4ffd-b788-59469fc3bcdb,open,67c0a916-ded0-4ffd-b788-59469fc3bcdb
0,c041ac32-7d3b-46fd-af28-7b58c76b2323,open,c041ac32-7d3b-46fd-af28-7b58c76b2323
0,a51edd99-8dc7-4544-bee2-5f656a43fe28,open,a51edd99-8dc7-4544-bee2-5f656a43fe28
0,7655953b-7bef-4bc4-98f1-10dd97d46033,open,7655953b-7bef-4bc4-98f1-10dd97d46033
0,055df0ce-d90f-42f9-95f5-63188bdc9bf6,open,055df0ce-d90f-42f9-95f5-63188bdc9bf6
0,b91f95d4-b36a-4601-9c8d-53a48d76c964,open,b91f95d4-b36a-4601-9c8d-53a48d76c964
0,3ac17f7e-bcdd-40b4-b092-01f03ac759b4,open,3ac17f7e-bcdd-40b4-b092-01f03ac759b4
0,4136bb29-d78d-4635-9110-411e1fc88172,open,4136bb29-d78d-4635-9110-411e1fc88172
0,4c9a299a-9f0f-4ed1-b5a0-d07219558dd4,open,4c9a299a-9f0f-4ed1-b5a0-d07219558dd4
0,8623b9a5-82ef-4364-84ac-d997d067ceac,open,8623b9a5-82ef-4364-84ac-d997d067ceac
0,63ca740f-5fbf-4f6b-a211-b69f8ba0552b,open,63ca740f-5fbf-4f6b-a211-b69f8ba0552b
0,c16397c0-e43b-41c0-8613-e0351dc3c46c,open,c16397c0-e43b-41c0-8613-e0351dc3c46c
0,a1798542-3429-44a9-99b6-31c632d04d1b,open,a1798542-3429-44a9-99b6-31c632d04d1b
0,e6d2e59c-beac-4528-b2df-6fb7e9519063,open,e6d2e59c-beac-4528-b2df-6fb7e9519063
0,bbba6fcc-c20a-428d-9c82-29cec30e5180,open,bbba6fcc-c20a-428d-9c82-29cec30e5180
0,3ab8196c-25f6-4e66-a391-49c219294641,open,3ab8196c-25f6-4e66-a391-49c219294641
0,8fa973da-7a33-4385-bc08-1936029df7b4,open,8fa973da-7a33-4385-bc08-1936029df7b4
0,e49edc7d-57eb-4836-8ec7-d0f5acb8fa1e,open,e49edc7d-57eb-4836-8ec7-d0f5acb8fa1e
0,20f4d8e5-58d3-47a9-ae4e-dc86b0982a81,open,20f4d8e5-58d3-47a9-ae4e-dc86b0982a81
0,3f86872b-fa6a-4c50-a757-301a87e91138,open,3f86872b-fa6a-4c50-a757-301a87e91138
0,c13c22f1-c4c2-4234-ac21-9ce03d887af6,open,c13c22f1-c4c2-4234-ac21-9ce03d887af6
0,67fab58a-0957-4196-8d4e-73e4ecd985c2,open,67fab58a-0957-4196-8d4e-73e4ecd985c2
0,025e594b-bb7c-4e30-9743-753ba7c90dcf,open,025e594b-bb7c-4e30-9743-753ba7c90dcf
0,25d0efe0-6f38-440c-b8fd-072daf7e6c31,open,25d0efe0-6f38-440c-b8fd-072daf7e6c31
0,d04597d7-b927-4c4b-abfa-c5a7274e2891,open,d04597d7-b927-4c4b-abfa-c5a7274e2891
0,0c86301b-af8c-4306-80be-ce4a0868f468,open,0c86301b-af8c-4306-80be-ce4a0868f468
0,54aec2bb-244e-4083-a1c6-e25b8fb77fde,open,54aec2bb-244e-4083-a1c6-e25b8fb77fde
0,3c6c74a5-3b38-43af-9946-b60c301b172c,open,3c6c74a5-3b38-43af-9946-b60c301b172c
0,fa13e24a-7005-44bc-8bbb-605e80a5c8d4,open,fa13e24a-7005-44bc-8bbb-605e80a5c8d4
0,ef2b4e98-6a7f-47c5-90f5-d5f0f314d5e3,open,ef2b4e98-6a7f-47c5-90f5-d5f0f314d5e3
0,167fbad0-1667-4950-a6f1-065d425735f8,open,167fbad0-1667-4950-a6f1-065d425735f8
0,5c6c2388-eaf1-4194-b8a3-70cc96b71cdb,open,5c6c2388-eaf1-4194-b8a3-70cc96b71cdb
0,dc89d509-8459-4770-8b83-f9564429f001,open,dc89d509-8459-4770-8b83-f9564429f001
0,b3811c13-9e48-481e-b9e1-743a4fd6eedd,open,b3811c13-9e48-481e-b9e1-743a4fd6eedd
0,5110e985-3ca0-4352-97db-333c563be569,open,5110e985-3ca0-4352-97db-333c563be569
0,afaa4203-2835-4a39-a901-9b0b61ffe886,open,afaa4203-2835-4a39-a901-9b0b61ffe886
0,5747f0b9-2dc0-44c8-ba67-08ac827ec8c2,open,5747f0b9-2dc0-44c8-ba67-08ac827ec8c2
0,0767fd72-71d4-412b-a29b-f5f5aba3f5fa,open,0767fd72-71d4-412b-a29b-f5f5aba3f5fa
0,7b2d2fbf-c1e0-462d-a84a-fb49d34a8654,open,7b2d2fbf-c1e0-462d-a84a-fb49d34a8654
0,fb692df8-a69e-4ca7-b7b6-453c7ef8c61d,open,fb692df8-a69e-4ca7-b7b6-453c7ef8c61d
0,0347e822-dbdd-4a3f-922f-b78a0bd98cce,open,0347e822-dbdd-4a3f-922f-b78a0bd98cce
0,3cf26a14-bce1-4e41-bb2c-a93a03afbc8c,open,3cf26a14-bce1-4e41-bb2c-a93a03afbc8c
0,536992ac-6b63-4449-9ab6-9c3fce8ea513,open,536992ac-6b63-4449-9ab6-9c3fce8ea513
0,ace0aac5-0ede-4598-8824-c9a74a54e49d,open,ace0aac5-0ede-4598-8824-c9a74a54e49d
0,6a5972a6-8385-40cc-bc42-c2edbecd5d77,open,6a5972a6-8385-40cc-bc42-c2edbecd5d77
0,4dfa8f5b-e9de-46d5-9aa5-15a2dc535ec8,open,4dfa8f5b-e9de-46d5-9aa5-15a2dc535ec8
0,ffc235f2-edf7-4a11-aca6-f4e03d385cc5,open,ffc235f2-edf7-4a11-aca6-f4e03d385cc5
0,c18a7c8e-889b-40e2-b4eb-4c6b54667971,open,c18a7c8e-889b-40e2-b4eb-4c6b54667971
0,eb4931eb-3048-4400-a504-d53e487d98b1,open,eb4931eb-3048-4400-a504-d53e487d98b1
0,fa17aa25-7062-4409-bba3-7bc277805dd8,open,fa17aa25-7062-4409-bba3-7bc277805dd8
0,a6a5e158-4ef2-4969-80dd-397ec7fe8f52,open,a6a5e158-4ef2-4969-80dd-397ec7fe8f52
0,29f1d28d-7b4a-4e99-8312-0c91bf95d1eb,open,29f1d28d-7b4a-4e99-8312-0c91bf95d1eb
0,d774c44b-3084-432f-ba69-0fd151380be0,open,d774c44b-3084-432f-ba69-0fd151380be0
0,f820e4e9-1c8b-45d1-9649-1ac805ab4401,open,f820e4e9-1c8b-45d1-9649-1ac805ab4401
0,81d09679-b113-4e53-afca-f5eaf22c86bf,open,81d09679-b113-4e53-afca-f5eaf22c86bf
0,a940cdce-89dc-45d2-b7f7-b3232f799766,open,a940cdce-89dc-45d2-b7f7-b3232f799766
0,4febe6bd-4e0e-4c5e-9602-4c947c9c8a04,open,4febe6bd-4e0e-4c5e-9602-4c947c9c8a04
0,d69fb7d6-f0d1-4179-a26e-bf2d1d0c0c40,open,d69fb7d6-f0d1-4179-a26e-bf2d1d0c0c40
0,2b660e59-bc5b-45a7-ade5-1f915e075cd2,open,2b660e59-bc5b-45a7-ade5-1f915e075cd2
0,d694dd61-c7f6-4c83-ae6e-25c8e99fbfd3,open,d694dd61-c7f6-4c83-ae6e-25c8e99fbfd3
0,2b347501-29a2-415c-91b5-4ff1ec7a5387,open,2b347501-29a2-415c-91b5-4ff1ec7a5387
0,92ee2e1d-6d33-4235-98d8-aeec1cb2c57c,open,92ee2e1d-6d33-4235-98d8-aeec1cb2c57c
0,12c7946e-1c4d-411f-bd8d-5f0680e124cf,open,12c7946e-1c4d-411f-bd8d-5f0680e124cf
0,91d5e328-bf07-4dc8-ac85-f1f7cd788c17,open,91d5e328-bf07-4dc8-ac85-f1f7cd788c17
0,2d7768a5-e983-4c47-8dfc-5abf7819337f,open,2d7768a5-e983-4c47-8dfc-5abf7819337f
0,49479dc0-e9d3-4f74-92f0-a5cbd7ba9424,open,49479dc0-e9d3-4f74-92f0-a5cbd7ba9424
0,e1d983f2-9eb0-4180-88e4-2f74bd4c2b1f,open,e1d983f2-9eb0-4180-88e4-2f74bd4c2b1f
0,6de931fb-8f10-48e4-afe6-a53a317db45a,open,6de931fb-8f10-48e4-afe6-a53a317db45a
0,aa332bb3-70b2-45d3-a57c-cc06225840ed,open,aa332bb3-70b2-45d3-a57c-cc06225840ed
0,b34cc83d-a0ed-40cc-850c-817aec58ab04,open,b34cc83d-a0ed-40cc-850c-817aec58ab04
0,cb7e084d-59da-4b15-b918-cec9edd988f3,open,cb7e084d-59da-4b15-b918-cec9edd988f3
0,e951b0ee-c5fd-41c0-b48d-18fca12d0d8d,open,e951b0ee-c5fd-41c0-b48d-18fca12d0d8d
0,4beff5ac-5150-4ac6-ae87-cd0d766ac1c7,open,4beff5ac-5150-4ac6-ae87-cd0d766ac1c7
0,e4ba3ce3-cfdc-4ded-b7b5-751cd1434d70,open,e4ba3ce3-cfdc-4ded-b7b5-751cd1434d70
0,4e0ec537-789a-4e5c-8788-204a3e767335,open,4e0ec537-789a-4e5c-8788-204a3e767335
0,f54b1727-f0d2-4947-a3d7-88c87753e6db,open,f54b1727-f0d2-4947-a3d7-88c87753e6db
0,baf3e8c3-dbec-4f0b-a6e6-53395b292de1,open,baf3e8c3-dbec-4f0b-a6e6-53395b292de1
0,3ae2129c-3a73-4d1c-b044-3ee5367709f2,open,3ae2129c-3a73-4d1c-b044-3ee5367709f2
0,89a0c8a0-5872-42f2-88a3-551555b6e714,open,89a0c8a0-5872-42f2-88a3-551555b6e714
0,24d3aff0-3038-44e5-b4de-a8a960e14a8a,open,24d3aff0-3038-44e5-b4de-a8a960e14a8a
0,8cc63156-d931-4981-8910-b9ce061fe513,open,8cc63156-d931-4981-8910-b9ce061fe513
0,541739f5-cc87-49ae-bd1d-2a10032cd4d1,open,541739f5-cc87-49ae-bd1d-2a10032cd4d1
0,f9bd43bb-ddee-4666-a6d5-7bfdec9bddeb,open,f9bd43bb-ddee-4666-a6d5-7bfdec9bddeb
0,57810fd8-851f-4a71-98ed-32a300046726,open,57810fd8-851f-4a71-98ed-32a300046726
0,b9195733-2568-4596-b2c0-f15d9d628223,open,b9195733-2568-4596-b2c0-f15d9d628223
0,7adb6e7a-b1ed-48e2-aa9b-2d4a0b8620b9,open,7adb6e7a-b1ed-48e2-aa9b-2d4a0b8620b9
0,b12eb590-cf0c-40c7-9954-1ac1c7c60b04,open,b12eb590-cf0c-40c7-9954-1ac1c7c60b04
0,ba577449-52f8-4b0c-af76-dba46c31dcb3,open,ba577449-52f8-4b0c-af76-dba46c31dcb3
0,e0cb374e-611d-48dd-81e0-71fbd1df6e2e,open,e0cb374e-611d-48dd-81e0-71fbd1df6e2e
0,64a76c0f-0b97-4ca9-94f0-dfb8abdf0980,open,64a76c0f-0b97-4ca9-94f0-dfb8abdf0980
0,555358a0-5dca-42be-bc2a-b055ad9b50ab,open,555358a0-5dca-42be-bc2a-b055ad9b50ab
0,8f6f9c08-a222-4c44-bd9b-cd92001bc49f,open,8f6f9c08-a222-4c44-bd9b-cd92001bc49f
0,711a0d77-a92f-43fc-8b51-be812ba145cb,open,711a0d77-a92f-43fc-8b51-be812ba145cb
0,310bc80a-5d30-43f6-9f22-2d1b4efc1206,open,310bc80a-5d30-43f6-9f22-2d1b4efc1206
0,6bac811a-cce5-4451-8c3c-e3fa3ba03134,open,6bac811a-cce5-4451-8c3c-e3fa3ba03134
0,c87435be-0086-4b75-bc69-69e8d8996714,open,c87435be-0086-4b75-bc69-69e8d8996714
0,9810609e-a528-4155-9248-73ef851a8783,open,9810609e-a528-4155-9248-73ef851a8783
0,f2543d85-d6aa-4e57-846f-c207659887ae,open,f2543d85-d6aa-4e57-846f-c207659887ae
0,93f4e59f-0f41-43e1-a6af-4da92d4d40d0,open,93f4e59f-0f41-43e1-a6af-4da92d4d40d0
0,987340ee-0f86-4920-803f-f99d56021680,open,987340ee-0f86-4920-803f-f99d56021680
0,f127bbe2-9b66-4098-86a2-7c0ea863b219,open,f127bbe2-9b66-4098-86a2-7c0ea863b219
0,729f64d9-81dc-4753-bd22-6c7d4201b3ff,open,729f64d9-81dc-4753-bd22-6c7d4201b3ff
0,fb126341-49e8-4cc8-a2a6-dec51d5ed0dd,open,fb126341-49e8-4cc8-a2a6-dec51d5ed0dd
0,06836a72-4a54-4817-bbec-dddd270310c4,open,06836a72-4a54-4817-bbec-dddd270310c4
0,ca7313d3-b0ac-4fcc-af02-c74546c953de,open,ca7313d3-b0ac-4fcc-af02-c74546c953de
0,bb13bec8-7dee-4fb5-a7c6-e497938b6d83,open,bb13bec8-7dee-4fb5-a7c6-e497938b6d83
0,cff4ac0f-d618-465f-b78c-40389b663a77,open,cff4ac0f-d618-465f-b78c-40389b663a77
0,779b2a67-32f8-43a2-945c-78029e25c385,open,779b2a67-32f8-43a2-945c-78029e25c385
0,f10261f1-96cf-4c4f-8607-173542fbdff2,open,f10261f1-96cf-4c4f-8607-173542fbdff2
0,6a2ceb6b-7472-41ff-981e-9d2df7fd7d9d,open,6a2ceb6b-7472-41ff-981e-9d2df7fd7d9d
0,a3765ede-3864-48e8-9a17-1cabea7cef73,open,a3765ede-3864-48e8-9a17-1cabea7cef73
0,2995207b-4022-4151-ba90-aa2003eef8b3,open,2995207b-4022-4151-ba90-aa2003eef8b3
0,034cb749-80df-43a7-93f7-3eabbc42a58f,open,034cb749-80df-43a7-93f7-3eabbc42a58f
0,b64588b5-00c3-48af-8b62-ec7b2de7b4bf,open,b64588b5-00c3-48af-8b62-ec7b2de7b4bf
0,abe5d3d1-4d9c-4190-9be5-4f0d8d73b28d,open,abe5d3d1-4d9c-4190-9be5-4f0d8d73b28d
0,0b4efd83-fe14-4b9a-aa32-87f9c85d02a5,open,0b4efd83-fe14-4b9a-aa32-87f9c85d02a5
0,dd5dba9f-2202-4c06-a314-8b83cebdc687,open,dd5dba9f-2202-4c06-a314-8b83cebdc687
0,d3b5f83d-2aff-4689-93d6-da30878254e2,open,d3b5f83d-2aff-4689-93d6-da30878254e2
0,a15d0ade-b45b-4b25-81f8-e62cd6c81670,open,a15d0ade-b45b-4b25-81f8-e62cd6c81670
0,edc418e4-deb9-4934-8886-62d236bf43fa,open,edc418e4-deb9-4934-8886-62d236bf43fa
0,f0459c31-9979-4e70-b494-652d1e343bc2,open,f0459c31-9979-4e70-b494-652d1e343bc2
0,ce494b66-86f7-41d0-8e1c-36706ff9dd59,open,ce494b66-86f7-41d0-8e1c-36706ff9dd59
0,18a27bd9-3321-423a-98cf-ec9eef9ad929,open,18a27bd9-3321-423a-98cf-ec9eef9ad929
0,25a84eaf-2bd6-4b57-bb36-1d3084d69614,open,25a84eaf-2bd6-4b57-bb36-1d3084d69614
0,979a2053-f44a-4666-a9af-54f83a451779,open,979a2053-f44a-4666-a9af-54f83a451779
0,90849005-acac-4969-b535-ab7acf5eb67b,open,90849005-acac-4969-b535-ab7acf5eb67b
0,68534d32-928f-4c96-822a-e2ee5dc8b6df,open,68534d32-928f-4c96-822a-e2ee5dc8b6df
0,c35de7c2-7778-48b3-ae4e-35c088fc77a2,open,c35de7c2-7778-48b3-ae4e-35c088fc77a2
0,66813f5a-3deb-4fc5-b480-1b7df9fd6e69,open,66813f5a-3deb-4fc5-b480-1b7df9fd6e69
0,0616fd68-603a-4027-981c-3feeebe1317a,open,0616fd68-603a-4027-981c-3feeebe1317a
0,95d0edfc-6fdb-44a5-bbfa-b61481869656,open,95d0edfc-6fdb-44a5-bbfa-b61481869656
0,c8acc4e1-11a4-4d3f-b366-6af803ecae2d,open,c8acc4e1-11a4-4d3f-b366-6af803ecae2d
0,19b682ea-5573-4553-827f-9a6533f781be,open,19b682ea-5573-4553-827f-9a6533f781be
0,78d57e12-7aa4-4ae5-b95f-5dee552f3018,open,78d57e12-7aa4-4ae5-b95f-5dee552f3018
0,a5b64ad5-702b-4729-8bed-d47fbca1f892,open,a5b64ad5-702b-4729-8bed-d47fbca1f892
0,381cf4fa-1e3f-465c-acf5-0964bf770a36,open,381cf4fa-1e3f-465c-acf5-0964bf770a36
0,ad65838e-59ce-43ac-8bf5-95b99b537b08,open,ad65838e-59ce-43ac-8bf5-95b99b537b08
0,5db87038-6fc5-47cf-abca-d5d4b6b3cbae,open,5db87038-6fc5-47cf-abca-d5d4b6b3cbae
0,c9b3e488-da2a-41c0-80b9-1f9c4044a0af,open,c9b3e488-da2a-41c0-80b9-1f9c4044a0af
0,0796678a-8c14-4e66-9893-0ddeb32fd4c6,open,0796678a-8c14-4e66-9893-0ddeb32fd4c6
0,e14af981-97c7-4380-b4b5-d864812bec42,open,e14af981-97c7-4380-b4b5-d864812bec42
0,f3c1ba92-edda-4e9c-807b-3e0895384121,open,f3c1ba92-edda-4e9c-807b-3e0895384121
0,e2f3b1de-12a7-4810-bc98-b8f283d6970f,open,e2f3b1de-12a7-4810-bc98-b8f283d6970f
0,d26528a3-748d-498b-9f76-c0b979da1e79,open,d26528a3-748d-498b-9f76-c0b979da1e79
0,df114b18-be65-4429-a426-2e2eeee49e7e,open,df114b18-be65-4429-a426-2e2eeee49e7e
0,6dcd08de-d5f7-4e2b-94a9-4c5e92fd6fb6,open,6dcd08de-d5f7-4e2b-94a9-4c5e92fd6fb6
0,0e69eaf8-8f78-4004-bbaf-145aa436eed8,open,0e69eaf8-8f78-4004-bbaf-145aa436eed8
0,6dce25c7-81a7-4208-8a55-65de0074b5ed,open,6dce25c7-81a7-4208-8a55-65de0074b5ed
0,cc3fb826-7d52-46ba-8e8e-c7d0070f1b2a,open,cc3fb826-7d52-46ba-8e8e-c7d0070f1b2a
0,7fe50d27-58e3-4909-94ee-eb09f5f8a274,open,7fe50d27-58e3-4909-94ee-eb09f5f8a274
0,d9873a66-93d2-40bf-b132-8d334ad10d3b,open,d9873a66-93d2-40bf-b132-8d334ad10d3b
0,e42ef7a9-6d94-4d36-a0ce-ea0fc1670729,open,e42ef7a9-6d94-4d36-a0ce-ea0fc1670729
0,648e16e3-195e-4041-9aa4-ae36791f7df0,open,648e16e3-195e-4041-9aa4-ae36791f7df0
0,413a01c3-24e2-4191-82b8-59d14630efa3,open,413a01c3-24e2-4191-82b8-59d14630efa3
0,4440eac0-564f-4932-974a-1003261c4deb,open,4440eac0-564f-4932-974a-1003261c4deb
0,aee22315-a112-4330-a030-40e273b16361,open,aee22315-a112-4330-a030-40e273b16361
0,886f5a68-411e-4e61-bfeb-fd857d79fe40,open,886f5a68-411e-4e61-bfeb-fd857d79fe40
0,b5513f78-7e2d-408f-8106-5bb6643ea36a,open,b5513f78-7e2d-408f-8106-5bb6643ea36a
0,d6225e00-8e4d-45e3-9d40-a8f9eefa355f,open,d6225e00-8e4d-45e3-9d40-a8f9eefa355f
0,8143a0b1-d1ff-41d4-86b5-21e3214639dd,open,8143a0b1-d1ff-41d4-86b5-21e3214639dd
0,bb81a9e0-6834-434d-a115-9018eccbfe26,open,bb81a9e0-6834-434d-a115-9018eccbfe26
0,72da35d4-2204-420d-b359-92ddc59aa98e,open,72da35d4-2204-420d-b359-92ddc59aa98e
0,977aceb7-8903-49ab-ae23-285f2292f8bd,open,977aceb7-8903-49ab-ae23-285f2292f8bd
0,cd5fd36f-e0a3-48dc-b4d9-b2308b7e9794,open,cd5fd36f-e0a3-48dc-b4d9-b2308b7e9794
0,19a8ec6f-0361-4967-8b75-968856fa8086,open,19a8ec6f-0361-4967-8b75-968856fa8086
0,419e118a-41c5-42a5-a5a9-3964955ad14b,open,419e118a-41c5-42a5-a5a9-3964955ad14b
0,5c2fa316-afcb-4c1a-81ab-4ea6a47401c9,open,5c2fa316-afcb-4c1a-81ab-4ea6a47401c9
0,e6319419-b6ac-4d65-81f8-68cfb01fc156,open,e6319419-b6ac-4d65-81f8-68cfb01fc156
0,071224be-7c50-4f62-b6fd-e99275b6f11b,open,071224be-7c50-4f62-b6fd-e99275b6f11b
0,c530de51-6a58-4ee1-853a-df09ffa02dbb,open,c530de51-6a58-4ee1-853a-df09ffa02dbb
0,868ca3e5-c33f-488d-84e1-feaaffa72b1a,open,868ca3e5-c33f-488d-84e1-feaaffa72b1a
0,ccfcdb5a-2c3d-4ab5-8e90-2b2d73fd650e,open,ccfcdb5a-2c3d-4ab5-8e90-2b2d73fd650e
0,3ff037ca-3c93-4018-957a-f5569cccbd02,open,3ff037ca-3c93-4018-957a-f5569cccbd02
0,3d83c5e1-f84d-4cd9-829e-6d3fd3940479,open,3d83c5e1-f84d-4cd9-829e-6d3fd3940479
0,ebc93bee-c458-4501-82b7-afca7c805a90,open,ebc93bee-c458-4501-82b7-afca7c805a90
0,f87bef10-5650-44f3-a177-fe2c8147c69e,open,f87bef10-5650-44f3-a177-fe2c8147c69e
0,12f9215d-c62f-4977-a33c-c0862eacb0c6,open,12f9215d-c62f-4977-a33c-c0862eacb0c6
0,2aeb8275-8e1e-4078-b9da-0fcba77b99b8,open,2aeb8275-8e1e-4078-b9da-0fcba77b99b8
0,cbb496f7-5b14-45da-96b0-98cb70a632e2,open,cbb496f7-5b14-45da-96b0-98cb70a632e2
0,2abff9ba-08eb-4bf9-8515-7745f94e7402,open,2abff9ba-08eb-4bf9-8515-7745f94e7402
0,c1722d47-fc18-40d8-ae8e-0e2c4545092d,open,c1722d47-fc18-40d8-ae8e-0e2c4545092d
0,cebea7d0-2d43-4eb9-9136-6461a8301c30,open,cebea7d0-2d43-4eb9-9136-6461a8301c30
0,3f83d6d1-9594-4755-8717-5530f6ca83c2,open,3f83d6d1-9594-4755-8717-5530f6ca83c2
0,1491a0b6-ab3c-4031-94eb-ee477c392e95,open,1491a0b6-ab3c-4031-94eb-ee477c392e95
0,064d84e1-7ede-4e75-8975-92c2cfa1283f,open,064d84e1-7ede-4e75-8975-92c2cfa1283f
0,a81c8fd4-0839-408b-8415-4aacff09a01d,open,a81c8fd4-0839-408b-8415-4aacff09a01d
0,9c38c35b-c8ca-48e3-8065-2e1e6424a703,open,9c38c35b-c8ca-48e3-8065-2e1e6424a703
0,9c7d53de-906c-465b-b3d9-de0fa11a5295,open,9c7d53de-906c-465b-b3d9-de0fa11a5295
0,840ac5a5-74b5-4a3e-bf4d-53d616e69b06,open,840ac5a5-74b5-4a3e-bf4d-53d616e69b06
0,32af3a5b-5d1d-4b5f-9300-9ee088dfff07,open,32af3a5b-5d1d-4b5f-9300-9ee088dfff07
0,755a6205-4beb-40fa-b79f-b4c822272b2f,open,755a6205-4beb-40fa-b79f-b4c822272b2f
0,1cae5b7d-0839-4818-9853-b4d6fff677a2,open,1cae5b7d-0839-4818-9853-b4d6fff677a2
0,06319e57-064d-4fd4-a157-a93065abf115,open,06319e57-064d-4fd4-a157-a93065abf115
0,a2b37b97-d8e8-4eb3-ab14-0cb0e0e87e95,open,a2b37b97-d8e8-4eb3-ab14-0cb0e0e87e95
0,0d8a35dc-92c5-4138-a3ae-8bf8186421d5,open,0d8a35dc-92c5-4138-a3ae-8bf8186421d5
0,6bc74410-7f79-4250-94ea-43e88727762b,open,6bc74410-7f79-4250-94ea-43e88727762b
0,b7de3fa2-1c7c-4067-8115-045634b6ff13,open,b7de3fa2-1c7c-4067-8115-045634b6ff13
0,95c5f442-b499-4674-a00a-5a0ceae7944d,open,95c5f442-b499-4674-a00a-5a0ceae7944d
0,ad544450-a362-477e-9461-cda79c1bcb80,open,ad544450-a362-477e-9461-cda79c1bcb80
0,cb4b5cb8-3806-42f6-bccf-ff7403433608,open,cb4b5cb8-3806-42f6-bccf-ff7403433608
0,a7c205a4-c11b-4ef5-b957-3ab98d1a4f27,open,a7c205a4-c11b-4ef5-b957-3ab98d1a4f27
0,4b65d628-fac2-4655-8560-b8cd2f6f91b9,open,4b65d628-fac2-4655-8560-b8cd2f6f91b9
0,b42fd200-acd2-4efa-9c45-a25663a4b57d,open,b42fd200-acd2-4efa-9c45-a25663a4b57d
0,374d3763-853d-4cd7-b2e5-d4d93666459d,open,374d3763-853d-4cd7-b2e5-d4d93666459d
0,45dcca7e-cf3b-4831-b972-d875b1113488,open,45dcca7e-cf3b-4831-b972-d875b1113488
0,fc62b9a1-5e86-4433-bc76-4163f0fcc283,open,fc62b9a1-5e86-4433-bc76-4163f0fcc283
0,6206f7d6-55e0-4b83-b2a8-31fea4204d28,open,6206f7d6-55e0-4b83-b2a8-31fea4204d28
0,742febc8-76bf-4727-8141-9e28dceca3f2,open,742febc8-76bf-4727-8141-9e28dceca3f2
0,0610ebc9-8304-4a4b-b2c5-5fefb4042eee,open,0610ebc9-8304-4a4b-b2c5-5fefb4042eee
0,c3330012-4487-423f-91c2-75b99deb2551,open,c3330012-4487-423f-91c2-75b99deb2551
0,9f635327-294a-4c3f-8440-06800c0417a1,open,9f635327-294a-4c3f-8440-06800c0417a1
0,61bae4ab-2f50-4036-8740-97e6216a8a18,open,61bae4ab-2f50-4036-8740-97e6216a8a18
0,1ba6ed67-2fb9-40b1-9c4f-d38d97e32dce,open,1ba6ed67-2fb9-40b1-9c4f-d38d97e32dce
0,e78e59cf-bdbb-42ea-91b6-15f53893daa5,open,e78e59cf-bdbb-42ea-91b6-15f53893daa5
0,8b6ffb98-7405-45cf-84b9-900f4bb6cdc2,open,8b6ffb98-7405-45cf-84b9-900f4bb6cdc2
0,73088ff0-8d65-426a-be4f-94235e805c5f,open,73088ff0-8d65-426a-be4f-94235e805c5f
0,49ecf4a2-f266-44e9-a4d9-30e2853b2bc5,open,49ecf4a2-f266-44e9-a4d9-30e2853b2bc5
0,9556ef5b-3c69-4b33-b145-b79a03848c7c,open,9556ef5b-3c69-4b33-b145-b79a03848c7c
0,eb18dc1f-ab62-4fc6-9cae-481807c0029e,open,eb18dc1f-ab62-4fc6-9cae-481807c0029e
0,c3629c4d-2cb7-4fa5-99ce-c198b7c7a07d,open,c3629c4d-2cb7-4fa5-99ce-c198b7c7a07d
0,56cce5ca-0e5e-49d7-ba69-aa4888e35e2c,open,56cce5ca-0e5e-49d7-ba69-aa4888e35e2c
0,f62ad83d-c232-48a1-ab0f-563def444844,open,f62ad83d-c232-48a1-ab0f-563def444844
0,afe3bd80-0450-4c3e-af7e-ddaa6fbf02b8,open,afe3bd80-0450-4c3e-af7e-ddaa6fbf02b8
0,f7a84e7e-c0de-4fc8-8b2d-12486f4f1355,open,f7a84e7e-c0de-4fc8-8b2d-12486f4f1355
0,3059fc4d-b955-4e47-9b85-4b2eb181fd01,open,3059fc4d-b955-4e47-9b85-4b2eb181fd01
0,d8c526c1-6fc0-4eb6-a02e-ccf2de05e4ac,open,d8c526c1-6fc0-4eb6-a02e-ccf2de05e4ac
0,b3c6d8ad-d66a-4a91-b848-4daf02a3ad92,open,b3c6d8ad-d66a-4a91-b848-4daf02a3ad92
0,32b9dc07-aebc-4a9c-b1a5-b13bc44c5394,open,32b9dc07-aebc-4a9c-b1a5-b13bc44c5394
0,349b9abb-a10e-41d9-86c7-a29d0e7831be,open,349b9abb-a10e-41d9-86c7-a29d0e7831be
0,41b4eaa0-e25b-4168-b69c-8d7882174f34,open,41b4eaa0-e25b-4168-b69c-8d7882174f34
0,9b317f2c-0f6b-4c78-8d98-4e44d922e645,open,9b317f2c-0f6b-4c78-8d98-4e44d922e645
0,dd1287ff-9b38-4b1b-9ef9-8349a6bff731,open,dd1287ff-9b38-4b1b-9ef9-8349a6bff731
0,57261a8f-2b7f-439a-9c68-6b3a22f8283a,open,57261a8f-2b7f-439a-9c68-6b3a22f8283a
0,baa6d4cf-cb53-4a16-960f-b172fb1162e9,open,baa6d4cf-cb53-4a16-960f-b172fb1162e9
0,13a063a3-f4db-41de-ba2e-4f0aa135f0eb,open,13a063a3-f4db-41de-ba2e-4f0aa135f0eb
0,21b30b6f-ad91-4dc8-b70a-aa198d8f5ee7,open,21b30b6f-ad91-4dc8-b70a-aa198d8f5ee7
0,1dacd81b-9266-4fc8-a57d-2b13d89b6329,open,1dacd81b-9266-4fc8-a57d-2b13d89b6329
0,06e5a8e9-f167-4f73-9ea3-a80aafdd02f1,open,06e5a8e9-f167-4f73-9ea3-a80aafdd02f1
0,40c1f98d-9107-4604-9c5a-4ca965397654,open,40c1f98d-9107-4604-9c5a-4ca965397654
0,7d870bf9-5fbb-4182-b802-c55a112ee806,open,7d870bf9-5fbb-4182-b802-c55a112ee806
0,d901247f-84ef-4244-a1fd-741b8bba0504,open,d901247f-84ef-4244-a1fd-741b8bba0504
0,e06d6246-8d33-401a-b848-9b3ac920c67c,open,e06d6246-8d33-401a-b848-9b3ac920c67c
0,daf53c9e-8190-40b2-8ec9-4cb24e43ca21,open,daf53c9e-8190-40b2-8ec9-4cb24e43ca21
0,80a7d567-e2d2-422c-bd8c-63ae9e36fe6c,open,80a7d567-e2d2-422c-bd8c-63ae9e36fe6c
0,bf7ed505-af6f-4dd3-acfa-77d2a4dd0f13,open,bf7ed505-af6f-4dd3-acfa-77d2a4dd0f13
0,9dd76695-b725-4994-bab2-034780fff662,open,9dd76695-b725-4994-bab2-034780fff662
0,75e2a862-bcc7-4c94-9ebb-eaf10ad7ad57,open,75e2a862-bcc7-4c94-9ebb-eaf10ad7ad57
0,e3547e0f-74d8-4597-a504-fe30ae663479,open,e3547e0f-74d8-4597-a504-fe30ae663479
0,17a8e58b-ea0f-4e1d-9eff-cebf9e49a6a9,open,17a8e58b-ea0f-4e1d-9eff-cebf9e49a6a9
0,07b705dc-b1ba-4c33-8f0b-cbc77398faa9,open,07b705dc-b1ba-4c33-8f0b-cbc77398faa9
0,89b75571-d513-441e-81fe-ca1894fea45c,open,89b75571-d513-441e-81fe-ca1894fea45c
0,bee105f2-f3a5-4b6f-a6d8-2dacbdef253f,open,bee105f2-f3a5-4b6f-a6d8-2dacbdef253f
0,f22b5380-06e6-440a-900d-53bda987f2e9,open,f22b5380-06e6-440a-900d-53bda987f2e9
0,5c7e2b36-4bbe-4865-b3ba-bd477a5c92e8,open,5c7e2b36-4bbe-4865-b3ba-bd477a5c92e8
0,dce2ff82-0c23-441b-bb96-80850c911dfd,open,dce2ff82-0c23-441b-bb96-80850c911dfd
0,a008a9dc-d1d0-41a5-bcfe-b3088feeae66,open,a008a9dc-d1d0-41a5-bcfe-b3088feeae66
0,54a721f2-38e6-4d63-a0a2-55ba24349cdd,open,54a721f2-38e6-4d63-a0a2-55ba24349cdd
0,010df6cf-a00e-43eb-b339-19eedad3e715,open,010df6cf-a00e-43eb-b339-19eedad3e715
0,dbe38e4f-0f45-45f7-abdf-68b334203fca,open,dbe38e4f-0f45-45f7-abdf-68b334203fca
0,9ba995a5-8265-4953-97c3-c9b8cb544ae1,open,9ba995a5-8265-4953-97c3-c9b8cb544ae1
0,ac648343-6460-4f9b-bdf1-db1728ab0afb,open,ac648343-6460-4f9b-bdf1-db1728ab0afb
0,6b5e7710-d614-4537-8a9c-93d3e129597b,open,6b5e7710-d614-4537-8a9c-93d3e129597b
0,3703543a-f65f-4d52-9de0-7435a92a4442,open,3703543a-f65f-4d52-9de0-7435a92a4442
0,fe3fb937-c439-4396-b075-cffb74296fdb,open,fe3fb937-c439-4396-b075-cffb74296fdb
0,d81ab024-2b80-4274-bc78-fc3448c5f10c,open,d81ab024-2b80-4274-bc78-fc3448c5f10c
0,4019e1b3-bbbd-472a-940b-a78479f59437,open,4019e1b3-bbbd-472a-940b-a78479f59437
0,b441f30f-0d63-43a9-9273-8993feb781b9,open,b441f30f-0d63-43a9-9273-8993feb781b9
0,484d9a13-ad5d-487e-8d76-9d06e14dc947,open,484d9a13-ad5d-487e-8d76-9d06e14dc947
0,1dd06a25-bcc3-4726-90e7-830d56af3f2a,open,1dd06a25-bcc3-4726-90e7-830d56af3f2a
0,7b79735b-f547-4d99-9aef-f4b12b9e0d0b,open,7b79735b-f547-4d99-9aef-f4b12b9e0d0b
0,049dccb1-2d19-493e-93e8-77d3bb58af45,open,049dccb1-2d19-493e-93e8-77d3bb58af45
0,36dbdb7d-5c66-49fe-9e26-394a8f4a7890,open,36dbdb7d-5c66-49fe-9e26-394a8f4a7890
0,aacc7d7b-f1da-4f53-9cc2-aa403fce89e6,open,aacc7d7b-f1da-4f53-9cc2-aa403fce89e6
0,7a8fa2ee-10f5-4261-89fc-47310eeb89de,open,7a8fa2ee-10f5-4261-89fc-47310eeb89de
0,108ef7ee-429a-4b1d-9237-51100174eb99,open,108ef7ee-429a-4b1d-9237-51100174eb99
0,31e80f46-0900-4f13-b6e4-f2c57bf0d38a,open,31e80f46-0900-4f13-b6e4-f2c57bf0d38a
0,ff601519-d112-4700-badc-e571e36f05b9,open,ff601519-d112-4700-badc-e571e36f05b9
0,b8dc8d3a-b85c-4f40-ade0-cdd1f6485d87,open,b8dc8d3a-b85c-4f40-ade0-cdd1f6485d87
0,411adc22-cb09-4d6a-8cfc-a85c2eeb8b93,open,411adc22-cb09-4d6a-8cfc-a85c2eeb8b93
0,4f2be71b-ea6e-4a6b-80ce-a20e8c74403e,open,4f2be71b-ea6e-4a6b-80ce-a20e8c74403e
0,ba20f726-2a5f-4f42-871c-c2201acfe0e6,open,ba20f726-2a5f-4f42-871c-c2201acfe0e6
0,302ebc7e-c39d-4499-9aaa-a69fd37c5916,open,302ebc7e-c39d-4499-9aaa-a69fd37c5916
0,1bfbe9a2-47ae-40a7-9781-c5b471f4fb89,open,1bfbe9a2-47ae-40a7-9781-c5b471f4fb89
0,28314b11-7fe3-4955-bc53-6b1143fc0c3b,open,28314b11-7fe3-4955-bc53-6b1143fc0c3b
0,b02853ee-8e68-4315-82b3-6c7a190c2ad2,open,b02853ee-8e68-4315-82b3-6c7a190c2ad2
0,ceaa4dda-2923-4ae0-b159-437026980244,open,ceaa4dda-2923-4ae0-b159-437026980244
0,6ecfb4c7-9a49-46bb-8439-c8e837d0d456,open,6ecfb4c7-9a49-46bb-8439-c8e837d0d456
0,89685f38-acd0-4bde-b19f-1cb062cd002e,open,89685f38-acd0-4bde-b19f-1cb062cd002e
0,d67ff838-e818-4276-88c8-4b54a1823fcf,open,d67ff838-e818-4276-88c8-4b54a1823fcf
0,091abdcb-a3a7-4f9a-a751-9e6589a6cd41,open,091abdcb-a3a7-4f9a-a751-9e6589a6cd41
0,b02e0a4f-49c1-4ac4-8101-338391b9b6aa,open,b02e0a4f-49c1-4ac4-8101-338391b9b6aa
0,71645cf5-2415-4355-a960-54b0404e12f6,open,71645cf5-2415-4355-a960-54b0404e12f6
0,e265f094-2555-4914-8abe-84f1b48dd4f0,open,e265f094-2555-4914-8abe-84f1b48dd4f0
0,ec3d205a-e05b-4db4-aa2a-6794f66e3219,open,ec3d205a-e05b-4db4-aa2a-6794f66e3219
0,710a2bc9-89b5-4298-ba32-10ff35aba280,open,710a2bc9-89b5-4298-ba32-10ff35aba280
0,154129e4-a799-4528-8bdc-71d22ecbd8cf,open,154129e4-a799-4528-8bdc-71d22ecbd8cf
0,1a360700-4765-4041-859c-dc1f390ce8ae,open,1a360700-4765-4041-859c-dc1f390ce8ae
0,2645a66b-7576-4284-8f48-fe8da96ebaf2,open,2645a66b-7576-4284-8f48-fe8da96ebaf2
0,dbd38e25-8c28-47b3-a0f7-508473e5a754,open,dbd38e25-8c28-47b3-a0f7-508473e5a754
0,003a1a6f-6683-4db7-9a94-e3ba013e32f0,open,003a1a6f-6683-4db7-9a94-e3ba013e32f0
0,4ae44da4-7eae-43ab-97bc-8b18cf9131f3,open,4ae44da4-7eae-43ab-97bc-8b18cf9131f3
0,868e5430-cf36-4c8f-9d40-e08febefa362,open,868e5430-cf36-4c8f-9d40-e08febefa362
0,5c14173c-6eb5-42d8-94d0-9d139c94a98b,open,5c14173c-6eb5-42d8-94d0-9d139c94a98b
0,1b7a16cd-e654-470c-aa48-8158ec216206,open,1b7a16cd-e654-470c-aa48-8158ec216206
0,7df25a68-6fb9-481b-8460-5867145e2094,open,7df25a68-6fb9-481b-8460-5867145e2094
0,53866014-4686-46dc-99ce-2b5ab4bf6c10,open,53866014-4686-46dc-99ce-2b5ab4bf6c10
0,e2efa1cb-665d-4ab8-bc27-1331e8bd5572,open,e2efa1cb-665d-4ab8-bc27-1331e8bd5572
0,2abed690-4fa9-4296-8d6b-f261be3b611a,open,2abed690-4fa9-4296-8d6b-f261be3b611a
0,e556550a-ccb7-493b-b1d4-3f8976df09bb,open,e556550a-ccb7-493b-b1d4-3f8976df09bb
0,95cd3554-c59d-4533-9f5f-230f54137af1,open,95cd3554-c59d-4533-9f5f-230f54137af1
0,ba60c086-f1af-4c4b-ab3b-eb00212dc014,open,ba60c086-f1af-4c4b-ab3b-eb00212dc014
0,2a3a9d7f-eb03-41d8-a37c-895a3f6cf393,open,2a3a9d7f-eb03-41d8-a37c-895a3f6cf393
0,eca4782d-8d90-403f-a74b-8d7985d2b3d6,open,eca4782d-8d90-403f-a74b-8d7985d2b3d6
0,c421a2da-69d9-4964-973c-e21519b359f7,open,c421a2da-69d9-4964-973c-e21519b359f7
0,5d8ac8fa-1e32-4c49-afa3-583461cb92fb,open,5d8ac8fa-1e32-4c49-afa3-583461cb92fb
0,3a3a0343-34c9-478b-93d7-1a10fa0fcc78,open,3a3a0343-34c9-478b-93d7-1a10fa0fcc78
0,dd3382d4-d3b3-4a3a-b5c9-5fe488d1b682,open,dd3382d4-d3b3-4a3a-b5c9-5fe488d1b682
0,e5e85a85-7fd5-45c8-b5fb-90c8edebe15e,open,e5e85a85-7fd5-45c8-b5fb-90c8edebe15e
0,2177670d-75be-4cb9-878c-1d74f034c665,open,2177670d-75be-4cb9-878c-1d74f034c665
0,e4ba403c-3cc4-4300-b66e-f1dd0b70a8ad,open,e4ba403c-3cc4-4300-b66e-f1dd0b70a8ad
0,df675b04-52fb-440f-9aa6-249e230c7bdd,open,df675b04-52fb-440f-9aa6-249e230c7bdd
0,32fb03fd-a2db-44ad-9940-e2f86a6fa36b,open,32fb03fd-a2db-44ad-9940-e2f86a6fa36b
0,182ad5ab-209b-4d54-a391-7dc253a0c0b6,open,182ad5ab-209b-4d54-a391-7dc253a0c0b6
0,017a228b-af6a-46a0-840f-f50d64f4e434,open,017a228b-af6a-46a0-840f-f50d64f4e434
0,ccfd38e4-4b52-42a4-9e11-412e2290890b,open,ccfd38e4-4b52-42a4-9e11-412e2290890b
0,54972368-5cd8-4bb3-b9c8-ac72a184ba90,open,54972368-5cd8-4bb3-b9c8-ac72a184ba90
0,2ad53c4c-75c4-46ea-b3cb-82cbfaf03c83,open,2ad53c4c-75c4-46ea-b3cb-82cbfaf03c83
0,da68cce5-1b22-4371-bc81-da3729350fe6,open,da68cce5-1b22-4371-bc81-da3729350fe6
0,ff200a31-2c7b-44ff-be80-53e9a3b75512,open,ff200a31-2c7b-44ff-be80-53e9a3b75512
0,ea9f123b-731d-4bd1-b2a8-65fce5b9f7b1,open,ea9f123b-731d-4bd1-b2a8-65fce5b9f7b1
0,8c656406-fa54-401a-a858-ab67837e221f,open,8c656406-fa54-401a-a858-ab67837e221f
0,a0706795-384e-42c6-990f-df4f62af5688,open,a0706795-384e-42c6-990f-df4f62af5688
0,be7b2963-6ea4-4015-a8de-4ab367cd47a0,open,be7b2963-6ea4-4015-a8de-4ab367cd47a0
0,e193a80c-7c62-4992-bc24-6c9050ba1f74,open,e193a80c-7c62-4992-bc24-6c9050ba1f74
0,78a0f85a-64ac-4d4c-9ca9-10ce053cb437,open,78a0f85a-64ac-4d4c-9ca9-10ce053cb437
0,70ad6eb3-cdaa-4eb6-8845-5b8ad33c1ec7,open,70ad6eb3-cdaa-4eb6-8845-5b8ad33c1ec7
0,d65afd2a-b89f-4225-a0c4-a2457a01debb,open,d65afd2a-b89f-4225-a0c4-a2457a01debb
0,c84cdfb2-1c99-4531-8ec7-c0f0f5e737cc,open,c84cdfb2-1c99-4531-8ec7-c0f0f5e737cc
0,8545222a-6951-4ffa-a32d-a85c2c19c4fd,open,8545222a-6951-4ffa-a32d-a85c2c19c4fd
0,9358b22f-0832-40c9-893f-5a95a5fbacd6,open,9358b22f-0832-40c9-893f-5a95a5fbacd6
0,7846520d-3fca-4c4c-a2f9-9788a3774420,open,7846520d-3fca-4c4c-a2f9-9788a3774420
0,f850a58a-6848-4b57-a14c-177bbe5e24f8,open,f850a58a-6848-4b57-a14c-177bbe5e24f8
0,3c4b700c-ef20-4630-819f-d155cb1f1795,open,3c4b700c-ef20-4630-819f-d155cb1f1795
0,acedeb28-2a6e-46ec-abff-b581167db9f7,open,acedeb28-2a6e-46ec-abff-b581167db9f7
0,d239fc09-3a67-4571-af05-67600c69dc6f,open,d239fc09-3a67-4571-af05-67600c69dc6f
0,c9187c64-5370-4b5a-a7ed-dd92dd39dbfa,open,c9187c64-5370-4b5a-a7ed-dd92dd39dbfa
0,450d9953-67d6-4c70-8a65-442e9e29ce62,open,450d9953-67d6-4c70-8a65-442e9e29ce62
0,e58b04a3-a0fb-420e-b2f3-ab2533e826ef,open,e58b04a3-a0fb-420e-b2f3-ab2533e826ef
0,80eb560e-3023-4fb9-9275-c7cf6208fecd,open,80eb560e-3023-4fb9-9275-c7cf6208fecd
0,84f01507-d12d-47e7-ba54-a52a37c7368d,open,84f01507-d12d-47e7-ba54-a52a37c7368d
0,77bb19f0-625b-4e5a-bb59-478f77bcac4a,open,77bb19f0-625b-4e5a-bb59-478f77bcac4a
0,332d6752-1c21-4ff2-9943-c62d1491b485,open,332d6752-1c21-4ff2-9943-c62d1491b485
0,50ead154-2db5-49ba-a98e-496054f99d21,open,50ead154-2db5-49ba-a98e-496054f99d21
0,17943f7a-4f27-49fc-aee7-504158c55748,open,17943f7a-4f27-49fc-aee7-504158c55748
0,c40c8098-0011-4f77-95c4-0aa7ed203e60,open,c40c8098-0011-4f77-95c4-0aa7ed203e60
0,f474cca1-7305-4ce8-8780-10fd45d84018,open,f474cca1-7305-4ce8-8780-10fd45d84018
0,b9928d54-b5f1-4816-b6e2-5eb6d5e34736,open,b9928d54-b5f1-4816-b6e2-5eb6d5e34736
0,3a8e9b2c-da2a-4417-9893-6a5877c4a38e,open,3a8e9b2c-da2a-4417-9893-6a5877c4a38e
0,d09be7b1-90cb-4624-9b94-0ccb3ade32bb,open,d09be7b1-90cb-4624-9b94-0ccb3ade32bb
0,54245844-20fb-4502-bc3d-9c8088eca58d,open,54245844-20fb-4502-bc3d-9c8088eca58d
0,c63e4dd4-25a1-49ae-960e-81a542a4a502,open,c63e4dd4-25a1-49ae-960e-81a542a4a502
0,9235e750-e782-46fd-bd74-aaeb89f6a9ec,open,9235e750-e782-46fd-bd74-aaeb89f6a9ec
0,ffdd32ab-9ad2-4a0f-8a03-69b2fb130199,open,ffdd32ab-9ad2-4a0f-8a03-69b2fb130199
0,bb68a6a2-d7e9-449d-9a2a-219d9e39f634,open,bb68a6a2-d7e9-449d-9a2a-219d9e39f634
0,c936aace-8470-44a1-a0a8-f0a54630dd70,open,c936aace-8470-44a1-a0a8-f0a54630dd70
0,3639860f-bb10-4c6c-8002-02c760df7d54,open,3639860f-bb10-4c6c-8002-02c760df7d54
0,2b3d19d2-4312-4200-b113-21a8abcdfe80,open,2b3d19d2-4312-4200-b113-21a8abcdfe80
0,f0931f19-2c5d-4f7f-b71a-0175b2291d86,open,f0931f19-2c5d-4f7f-b71a-0175b2291d86
0,19db612d-9fdb-424d-b41b-2293bd2d0545,open,19db612d-9fdb-424d-b41b-2293bd2d0545
0,817e7010-c5c7-489d-93b3-d5e8fa6a6025,open,817e7010-c5c7-489d-93b3-d5e8fa6a6025
0,2b8d4205-43ec-4c7f-8349-68ed71f104ba,open,2b8d4205-43ec-4c7f-8349-68ed71f104ba
0,61042e97-b189-4b63-a15b-9f4182e1a98d,open,61042e97-b189-4b63-a15b-9f4182e1a98d
0,9ff17a71-f83c-41ed-bc48-d40f5845cbab,open,9ff17a71-f83c-41ed-bc48-d40f5845cbab
0,6e8a155b-2235-44e1-ab4d-f4818194a9a5,open,6e8a155b-2235-44e1-ab4d-f4818194a9a5
0,29007326-ac66-4b2d-be13-24a2b6b1e3aa,open,29007326-ac66-4b2d-be13-24a2b6b1e3aa
0,ecae357b-a00a-4402-93db-9f508293c74c,open,ecae357b-a00a-4402-93db-9f508293c74c
0,9ce1fb1d-a291-42d6-ab88-08efeec564f1,open,9ce1fb1d-a291-42d6-ab88-08efeec564f1
0,9814ba78-6356-473c-b5ce-a8c7ee496219,open,9814ba78-6356-473c-b5ce-a8c7ee496219
0,49c117eb-896a-478f-9995-ee5670b775d7,open,49c117eb-896a-478f-9995-ee5670b775d7
0,03a815cb-266f-4fa6-b371-e63b97098f58,open,03a815cb-266f-4fa6-b371-e63b97098f58
0,c5785a85-fe2a-4ccf-8991-b9e64aebc916,open,c5785a85-fe2a-4ccf-8991-b9e64aebc916
0,68cf1858-6d27-471c-808c-f481b40ff353,open,68cf1858-6d27-471c-808c-f481b40ff353
0,339e3b48-0602-41cd-b4da-b9b2f777edf0,open,339e3b48-0602-41cd-b4da-b9b2f777edf0
0,8409a819-0fed-4c50-b679-3af92fe8a708,open,8409a819-0fed-4c50-b679-3af92fe8a708
0,10292003-f8d6-4521-9523-94a9c4b009c1,open,10292003-f8d6-4521-9523-94a9c4b009c1
0,12734ec9-8166-439d-9429-5836918032a9,open,12734ec9-8166-439d-9429-5836918032a9
0,420beea2-1a34-4f6c-832a-916bb76bbeb9,open,420beea2-1a34-4f6c-832a-916bb76bbeb9
0,e115bb38-a81b-4a0a-972c-57eecf1a47ae,open,e115bb38-a81b-4a0a-972c-57eecf1a47ae
0,7676700b-7b2a-4b17-89c3-1e20a773c53d,open,7676700b-7b2a-4b17-89c3-1e20a773c53d
0,f98ec3f3-3d39-43c7-bf53-9735748c1b6b,open,f98ec3f3-3d39-43c7-bf53-9735748c1b6b
0,554a8ab5-8c12-4274-ade9-360bbc483dee,open,554a8ab5-8c12-4274-ade9-360bbc483dee
0,91c3b05d-6e9f-4f10-b57e-d218e68cc6d5,open,91c3b05d-6e9f-4f10-b57e-d218e68cc6d5
0,c14d2ca2-0121-4a0d-9d6b-57d5e51a1bac,open,c14d2ca2-0121-4a0d-9d6b-57d5e51a1bac
0,15b1ec70-d040-4256-ab35-00f6f8bc0493,open,15b1ec70-d040-4256-ab35-00f6f8bc0493
0,bf52bd3c-49fe-42e7-8670-fc2192dcc211,open,bf52bd3c-49fe-42e7-8670-fc2192dcc211
0,594a69c3-3a88-4322-b1a4-40c3ab8bba3f,open,594a69c3-3a88-4322-b1a4-40c3ab8bba3f
0,c783f1d4-1e6d-4fe6-afb6-e2dfc0c04fc2,open,c783f1d4-1e6d-4fe6-afb6-e2dfc0c04fc2
0,34ee07fd-3748-4d5b-b48b-513b71279fe3,open,34ee07fd-3748-4d5b-b48b-513b71279fe3
0,440684ef-ec99-4fa9-a38c-d169bff55345,open,440684ef-ec99-4fa9-a38c-d169bff55345
0,1d9eefd6-4062-4f2a-bda0-2dbeb9888920,open,1d9eefd6-4062-4f2a-bda0-2dbeb9888920
0,f1c5b670-f41e-48ec-9033-140223fa43f8,open,f1c5b670-f41e-48ec-9033-140223fa43f8
0,b9be7691-4a22-45c4-8285-ee0239ff47fd,open,b9be7691-4a22-45c4-8285-ee0239ff47fd
0,3ff304f4-5f9b-4476-840d-7c040f9e20b8,open,3ff304f4-5f9b-4476-840d-7c040f9e20b8
0,a4e0de89-b4c6-467a-8662-da69e33255e7,open,a4e0de89-b4c6-467a-8662-da69e33255e7
0,b063f22d-9e01-4e93-ad9f-7db664a224b1,open,b063f22d-9e01-4e93-ad9f-7db664a224b1
0,3b537806-ea90-46ed-9da8-cd5a8d5ffbd0,open,3b537806-ea90-46ed-9da8-cd5a8d5ffbd0
0,2590af24-473e-41c0-ab99-057b017e6768,open,2590af24-473e-41c0-ab99-057b017e6768
0,8388c56f-5150-4ea5-8476-9b5826af4eb3,open,8388c56f-5150-4ea5-8476-9b5826af4eb3
0,150d61f2-75cc-4cad-8351-5139c82920d7,open,150d61f2-75cc-4cad-8351-5139c82920d7
0,41416ae0-eff1-4186-adb5-b4dcdc62ae68,open,41416ae0-eff1-4186-adb5-b4dcdc62ae68
0,a8444359-0f8c-4b97-bde7-a8026dacd461,open,a8444359-0f8c-4b97-bde7-a8026dacd461
0,b8a1383f-0260-404f-8f0c-c9d6d55ef9b6,open,b8a1383f-0260-404f-8f0c-c9d6d55ef9b6
0,530407d9-2e80-4230-89c8-62e5eed0a466,open,530407d9-2e80-4230-89c8-62e5eed0a466
0,1898cda9-abad-4c4e-b703-7577265991be,open,1898cda9-abad-4c4e-b703-7577265991be
0,b1738a1c-4646-4c5b-928e-93311d793be1,open,b1738a1c-4646-4c5b-928e-93311d793be1
0,a00c17d7-2a02-4f0e-8084-19e3810e5a8b,open,a00c17d7-2a02-4f0e-8084-19e3810e5a8b
0,1ac803c9-81ec-4915-95c3-a7fb44d95481,open,1ac803c9-81ec-4915-95c3-a7fb44d95481
0,da98fbe2-1b42-4c97-a52b-959e73be24ae,open,da98fbe2-1b42-4c97-a52b-959e73be24ae
0,7a4919e3-dc2e-4aac-a559-a5b0b08040e2,open,7a4919e3-dc2e-4aac-a559-a5b0b08040e2
0,0b0a2785-63f1-4a14-8432-944b0423d408,open,0b0a2785-63f1-4a14-8432-944b0423d408
0,75c9292e-ce71-4cd4-a15e-f3e8493d5721,open,75c9292e-ce71-4cd4-a15e-f3e8493d5721
0,8f001e85-dfda-4977-b5d2-28205e34301d,open,8f001e85-dfda-4977-b5d2-28205e34301d
0,f29dbed8-35d0-4c92-985a-b0a1552f4764,open,f29dbed8-35d0-4c92-985a-b0a1552f4764
0,b6663330-70f7-438e-8e5f-e8282d8deb7a,open,b6663330-70f7-438e-8e5f-e8282d8deb7a
0,57cf981b-6d33-43cd-8e95-4291e2bc8a95,open,57cf981b-6d33-43cd-8e95-4291e2bc8a95
0,980d2753-ef38-46c6-8b23-47d1c7de2153,open,980d2753-ef38-46c6-8b23-47d1c7de2153
0,eaf40a06-27b0-4166-93d1-25d7d852cdfa,open,eaf40a06-27b0-4166-93d1-25d7d852cdfa
0,eab80324-b990-48c6-b241-f9081e92204e,open,eab80324-b990-48c6-b241-f9081e92204e
0,0f035f19-b8d2-4a84-bb80-bd70f787b802,open,0f035f19-b8d2-4a84-bb80-bd70f787b802
0,884c13c4-feae-419d-8094-4e7ab231581f,open,884c13c4-feae-419d-8094-4e7ab231581f
0,a7582555-4cfa-462d-837b-924d3b51f7c6,open,a7582555-4cfa-462d-837b-924d3b51f7c6
0,f07d2ea3-7f72-4575-bbdd-1b16f41eec71,open,f07d2ea3-7f72-4575-bbdd-1b16f41eec71
0,ab110d16-c131-4210-89cf-574abd462ce0,open,ab110d16-c131-4210-89cf-574abd462ce0
0,91906fec-63f4-4e79-a252-4e723a3620ed,open,91906fec-63f4-4e79-a252-4e723a3620ed
0,9b0d94c2-8f4b-4724-b16b-ffe8c44c1381,open,9b0d94c2-8f4b-4724-b16b-ffe8c44c1381
0,0dcf6c13-1b1e-45b5-a3ad-b5eb7a624625,open,0dcf6c13-1b1e-45b5-a3ad-b5eb7a624625
0,99c34853-c2db-4f87-80b4-262f30a480f5,open,99c34853-c2db-4f87-80b4-262f30a480f5
0,7144e2ca-0daa-41ab-a0c5-34e9ac1df56a,open,7144e2ca-0daa-41ab-a0c5-34e9ac1df56a
0,6e929a13-06cd-4f43-8154-d611c462dcdc,open,6e929a13-06cd-4f43-8154-d611c462dcdc
0,edbf4561-c420-4348-a398-587fac9595ee,open,edbf4561-c420-4348-a398-587fac9595ee
0,de1a660b-ff34-433b-97bd-618b4e371afb,open,de1a660b-ff34-433b-97bd-618b4e371afb
0,63017bf8-4760-49d6-9546-a37f4565887c,open,63017bf8-4760-49d6-9546-a37f4565887c
0,f961a8a2-cb47-4486-a6ac-7beeb371222d,open,f961a8a2-cb47-4486-a6ac-7beeb371222d
0,1ad531a2-b4ab-41b2-8249-82ffa2a8d1fc,open,1ad531a2-b4ab-41b2-8249-82ffa2a8d1fc
0,c77bd210-f9f8-45fb-8655-d44bcb688c5e,open,c77bd210-f9f8-45fb-8655-d44bcb688c5e
0,70e7f9ce-f384-455a-af54-21b098e9d125,open,70e7f9ce-f384-455a-af54-21b098e9d125
0,179ac6fa-a236-41dd-8784-72606b8e3649,open,179ac6fa-a236-41dd-8784-72606b8e3649
0,fc066267-c961-4b0b-ab54-cf6638d351e3,open,fc066267-c961-4b0b-ab54-cf6638d351e3
0,0905e2a8-79f0-4dcb-aeb6-e52d26ce39f6,open,0905e2a8-79f0-4dcb-aeb6-e52d26ce39f6
0,3c3d5eb2-510e-4c2e-989a-1c833a606500,open,3c3d5eb2-510e-4c2e-989a-1c833a606500
0,4887d90c-14b5-4ab5-a8e8-8d41c7aebc7c,open,4887d90c-14b5-4ab5-a8e8-8d41c7aebc7c
0,0ef94f01-5340-45a0-9f41-901175c4eee6,open,0ef94f01-5340-45a0-9f41-901175c4eee6
0,82e46049-66d6-4348-9278-a7ed178f9e25,open,82e46049-66d6-4348-9278-a7ed178f9e25
0,6da7ffa1-0498-47c5-8c48-30381f63db1f,open,6da7ffa1-0498-47c5-8c48-30381f63db1f
0,9a93d34e-c31f-4f4e-91b9-0b075d1fc99e,open,9a93d34e-c31f-4f4e-91b9-0b075d1fc99e
0,4a2754f0-6d21-4cc5-85ba-248a848eab5a,open,4a2754f0-6d21-4cc5-85ba-248a848eab5a
0,6f89400c-b992-4e36-b26d-d2d4ee00fc61,open,6f89400c-b992-4e36-b26d-d2d4ee00fc61
0,43f74c25-d182-4aa5-8b56-78c22b549415,open,43f74c25-d182-4aa5-8b56-78c22b549415
0,c6cdcedd-a820-4583-a512-f414df3d0bb2,open,c6cdcedd-a820-4583-a512-f414df3d0bb2
0,f676d3f0-c9e3-4847-abfc-9263c46e4896,open,f676d3f0-c9e3-4847-abfc-9263c46e4896
0,19da4000-bf01-400a-846f-f3a92431545b,open,19da4000-bf01-400a-846f-f3a92431545b
0,eed0fd24-5f7d-47a1-b5a6-6bdd5e6d2e85,open,eed0fd24-5f7d-47a1-b5a6-6bdd5e6d2e85
0,2dd9a026-3134-4879-96dc-8efd14c181ea,open,2dd9a026-3134-4879-96dc-8efd14c181ea
0,0a087e8d-bfb6-4df1-baec-616d789af43c,open,0a087e8d-bfb6-4df1-baec-616d789af43c
0,187ebc56-450c-4db1-9f13-a551bb4f6c45,open,187ebc56-450c-4db1-9f13-a551bb4f6c45
0,39b1e124-6951-4daf-97dd-0bc98e04561a,open,39b1e124-6951-4daf-97dd-0bc98e04561a
0,6228628b-dd6d-45f2-89d2-2aca1c131811,open,6228628b-dd6d-45f2-89d2-2aca1c131811
0,c89a615e-5386-4dc3-944a-7989b56eb696,open,c89a615e-5386-4dc3-944a-7989b56eb696
0,175c2fdc-1826-472d-978b-028a351dc06e,open,175c2fdc-1826-472d-978b-028a351dc06e
0,51874b02-c677-4d1b-a702-3204aeebd211,open,51874b02-c677-4d1b-a702-3204aeebd211
0,6a24b723-4364-4ba9-9e84-3b4b38d394d4,open,6a24b723-4364-4ba9-9e84-3b4b38d394d4
0,19294c15-6c48-44c9-8d2f-aff7cd6ff788,open,19294c15-6c48-44c9-8d2f-aff7cd6ff788
0,58f60f07-7a93-44a2-94db-29c82a80afc3,open,58f60f07-7a93-44a2-94db-29c82a80afc3
0,68b8117f-7165-4f83-acfb-8f7c3da3a7d9,open,68b8117f-7165-4f83-acfb-8f7c3da3a7d9
0,16a62f9b-a8f9-4ba3-a4fc-7b5b456205b7,open,16a62f9b-a8f9-4ba3-a4fc-7b5b456205b7
0,4469bc63-b603-4e29-820f-ea2d80ab9395,open,4469bc63-b603-4e29-820f-ea2d80ab9395
0,76b19d18-0bec-4926-bb21-c0383021acc8,open,76b19d18-0bec-4926-bb21-c0383021acc8
0,7d949cac-5303-4aeb-94a8-3e236de2b02c,open,7d949cac-5303-4aeb-94a8-3e236de2b02c
0,2f4bfb95-19a7-4e52-a780-68cb3f057626,open,2f4bfb95-19a7-4e52-a780-68cb3f057626
0,5d427032-1157-41fb-900f-887a51e802e5,open,5d427032-1157-41fb-900f-887a51e802e5
0,84c8e007-3342-454f-b894-0d9f884ac2a7,open,84c8e007-3342-454f-b894-0d9f884ac2a7
0,650a5ef5-133e-46f8-affc-3b89080af17e,open,650a5ef5-133e-46f8-affc-3b89080af17e
0,c07d091d-6e4e-47be-b526-4412452a7f08,open,c07d091d-6e4e-47be-b526-4412452a7f08
0,209514d0-5812-47b8-a94f-b2f8a68977da,open,209514d0-5812-47b8-a94f-b2f8a68977da
0,a80d7e0f-2e82-41ca-a851-f809c10b9d6e,open,a80d7e0f-2e82-41ca-a851-f809c10b9d6e
0,46b4bfc4-dae5-4250-bd2c-5c9b899b4dfc,open,46b4bfc4-dae5-4250-bd2c-5c9b899b4dfc
0,ca6f41fe-1ead-4a58-a340-008264d0e3da,open,ca6f41fe-1ead-4a58-a340-008264d0e3da
0,26a263fc-0ffd-4467-9711-4c5532df0d51,open,26a263fc-0ffd-4467-9711-4c5532df0d51
0,a00f231d-a208-4f7f-8ff6-8aab597ab7d3,open,a00f231d-a208-4f7f-8ff6-8aab597ab7d3
0,0a8edcdc-89a2-4093-8890-9948f29ec9c1,open,0a8edcdc-89a2-4093-8890-9948f29ec9c1
0,edda4f73-8895-4b2a-b681-405d408234e8,open,edda4f73-8895-4b2a-b681-405d408234e8
0,72a924b7-5c36-4db7-be2d-c77cf1ad13d6,open,72a924b7-5c36-4db7-be2d-c77cf1ad13d6
0,18279189-153c-49df-8a86-6d2c7f7e4c83,open,18279189-153c-49df-8a86-6d2c7f7e4c83
0,ac7b2b09-dd4e-4d2c-a944-2105121885d8,open,ac7b2b09-dd4e-4d2c-a944-2105121885d8
0,d841707e-019f-453b-851c-9e15130e73ba,open,d841707e-019f-453b-851c-9e15130e73ba
0,7f2819d6-cdca-4ef1-abd2-a30bae48939f,open,7f2819d6-cdca-4ef1-abd2-a30bae48939f
0,947fab09-9d93-4cc8-95f8-bde145ca2d93,open,947fab09-9d93-4cc8-95f8-bde145ca2d93
0,1bb4ce78-d95b-4dd6-b0ce-e069501ec5d8,open,1bb4ce78-d95b-4dd6-b0ce-e069501ec5d8
0,40b2009d-ebc2-4c18-bdc6-3e1ecdfa08dc,open,40b2009d-ebc2-4c18-bdc6-3e1ecdfa08dc
0,0a7a8932-3379-46f5-bd03-af28feff2f5c,open,0a7a8932-3379-46f5-bd03-af28feff2f5c
0,359e08ab-2494-429e-ac3f-89172ea0f3b4,open,359e08ab-2494-429e-ac3f-89172ea0f3b4
0,a21f41d5-e202-4ca0-8afc-63c46bf36d75,open,a21f41d5-e202-4ca0-8afc-63c46bf36d75
0,90961b83-3659-40f8-ab20-ab28d50aacff,open,90961b83-3659-40f8-ab20-ab28d50aacff
0,8483ecb9-0500-4fd8-b09a-ab95a204bd4f,open,8483ecb9-0500-4fd8-b09a-ab95a204bd4f
0,b4afd774-c4d0-47f7-8ac0-306364125c33,open,b4afd774-c4d0-47f7-8ac0-306364125c33
0,7fd7e399-31d9-4ba7-a453-bbe98280070c,open,7fd7e399-31d9-4ba7-a453-bbe98280070c
0,64515a75-6f26-4fe6-8c90-091ae71b6744,open,64515a75-6f26-4fe6-8c90-091ae71b6744
0,1c6784d2-e785-44d7-b18d-b1bebf5b7c10,open,1c6784d2-e785-44d7-b18d-b1bebf5b7c10
0,c57245fb-96b6-4606-9cd2-efce809c596d,open,c57245fb-96b6-4606-9cd2-efce809c596d
0,9d0fc14b-61d2-4e71-b9b4-97ef40da9366,open,9d0fc14b-61d2-4e71-b9b4-97ef40da9366
0,ce1b4088-9349-46fc-b3db-b3672ebd3ed9,open,ce1b4088-9349-46fc-b3db-b3672ebd3ed9
0,593c06a9-d9d9-4ad9-8902-0efc5717d155,open,593c06a9-d9d9-4ad9-8902-0efc5717d155
0,b4f7eea2-60c0-4672-addb-3488426538ad,open,b4f7eea2-60c0-4672-addb-3488426538ad
0,ee2aaa06-b58c-471b-983b-144d0256e210,open,ee2aaa06-b58c-471b-983b-144d0256e210
0,85a3a737-bb1c-4e30-a904-18166b894eb9,open,85a3a737-bb1c-4e30-a904-18166b894eb9
0,a25f47af-2f2e-43f6-9d8d-17b38916530a,open,a25f47af-2f2e-43f6-9d8d-17b38916530a
0,6111d423-6f86-4619-b89d-e6c035a86f41,open,6111d423-6f86-4619-b89d-e6c035a86f41
0,3fcb6368-c508-4a54-923a-5aaab6b04522,open,3fcb6368-c508-4a54-923a-5aaab6b04522
0,de8ef215-01f0-47ab-b4b7-fa43bc621917,open,de8ef215-01f0-47ab-b4b7-fa43bc621917
0,a6daa8fe-f4c4-4541-a70c-cc8307626d5d,open,a6daa8fe-f4c4-4541-a70c-cc8307626d5d
0,a2e5f722-a693-4785-b637-f551fceb7981,open,a2e5f722-a693-4785-b637-f551fceb7981
0,6cd66025-50c3-431a-ae16-2eedd888bce5,open,6cd66025-50c3-431a-ae16-2eedd888bce5
0,0aebc0ef-2964-47b7-a332-09f87a44865f,open,0aebc0ef-2964-47b7-a332-09f87a44865f
0,0e85d04f-4f27-4ba1-8790-237f478ccb55,open,0e85d04f-4f27-4ba1-8790-237f478ccb55
0,584ca94f-07e2-47f6-8699-5f3b82a17372,open,584ca94f-07e2-47f6-8699-5f3b82a17372
0,2647301a-d52c-4cf1-9734-dc27ed659ea8,open,2647301a-d52c-4cf1-9734-dc27ed659ea8
0,24eb81c3-b4f6-469e-8221-607338017ded,open,24eb81c3-b4f6-469e-8221-607338017ded
0,53c2ce35-a2a4-4e1b-9349-f2be5942ad62,open,53c2ce35-a2a4-4e1b-9349-f2be5942ad62
0,a0fd2c96-62ac-4e18-a32f-3654c53bedd8,open,a0fd2c96-62ac-4e18-a32f-3654c53bedd8
0,638e8d04-ee2a-4d28-8712-046dde15aa84,open,638e8d04-ee2a-4d28-8712-046dde15aa84
0,9346e921-5a40-4027-9cb6-418625af13b6,open,9346e921-5a40-4027-9cb6-418625af13b6
0,84e67ae9-aa26-4d5f-a415-92e33e43fc8a,open,84e67ae9-aa26-4d5f-a415-92e33e43fc8a
0,3c07fc64-c783-4a8f-87d7-fc224da427b9,open,3c07fc64-c783-4a8f-87d7-fc224da427b9
0,2063e148-9f59-4749-917f-29f2fc00de94,open,2063e148-9f59-4749-917f-29f2fc00de94
0,2b1cb113-fe7c-40ba-855e-22aff11530d4,open,2b1cb113-fe7c-40ba-855e-22aff11530d4
0,b9beac45-2ec4-4abf-9ff8-4d1926369b90,open,b9beac45-2ec4-4abf-9ff8-4d1926369b90
0,9e884986-5155-4b28-9d2e-111cb13190da,open,9e884986-5155-4b28-9d2e-111cb13190da
0,f347ce09-a759-409b-85f7-7bd235911777,open,f347ce09-a759-409b-85f7-7bd235911777
0,c3534244-0f51-4b76-837a-d9b63fc730ea,open,c3534244-0f51-4b76-837a-d9b63fc730ea
0,b72b6a67-3930-416b-b5f6-b3da6130e9f2,open,b72b6a67-3930-416b-b5f6-b3da6130e9f2
0,9169933a-262b-4990-bbcf-39f64372d655,open,9169933a-262b-4990-bbcf-39f64372d655
0,3d4fd1a8-5bfe-45df-8ce9-f21272e8ffbc,open,3d4fd1a8-5bfe-45df-8ce9-f21272e8ffbc
0,deffce15-03a7-4404-b273-a166696bf529,open,deffce15-03a7-4404-b273-a166696bf529
0,39e11e44-34e8-494d-b773-47a2af5a4588,open,39e11e44-34e8-494d-b773-47a2af5a4588
0,187b8ad4-fd62-4f0b-955a-2168ee2d9052,open,187b8ad4-fd62-4f0b-955a-2168ee2d9052
0,c4c7efb0-77c7-4d3b-a6d0-fdea8cee0225,open,c4c7efb0-77c7-4d3b-a6d0-fdea8cee0225
0,34b4b35d-58ea-4509-9780-c758d40377ee,open,34b4b35d-58ea-4509-9780-c758d40377ee
0,b5ac2595-c14d-407f-8f26-6c9387de2795,open,b5ac2595-c14d-407f-8f26-6c9387de2795
0,298de9b9-9705-4e33-94a1-d9fd1ffdb588,open,298de9b9-9705-4e33-94a1-d9fd1ffdb588
0,0f89a54c-22f6-4dd3-a11e-49a003a7d24f,open,0f89a54c-22f6-4dd3-a11e-49a003a7d24f
0,137bfe03-61ac-4748-9242-c1ddb21d81ac,open,137bfe03-61ac-4748-9242-c1ddb21d81ac
0,3ad21e47-d657-40cf-b927-56c3085d67aa,open,3ad21e47-d657-40cf-b927-56c3085d67aa
0,964ea425-6e47-44a6-b375-91e387aa5d69,open,964ea425-6e47-44a6-b375-91e387aa5d69
0,2ab4e410-39ef-46fb-8dce-e7115eaae79a,open,2ab4e410-39ef-46fb-8dce-e7115eaae79a
0,68572a63-181d-4ac2-ab1f-24d0473b4b9d,open,68572a63-181d-4ac2-ab1f-24d0473b4b9d
0,dd8246f8-bf1d-4fc6-9632-9cf5c54b9b78,open,dd8246f8-bf1d-4fc6-9632-9cf5c54b9b78
0,27d9b006-a8e7-432e-a1b0-b9efb390ce5c,open,27d9b006-a8e7-432e-a1b0-b9efb390ce5c
0,29739d52-3456-498c-9a4a-ed26bf274217,open,29739d52-3456-498c-9a4a-ed26bf274217
0,05eda3ff-3302-4d5b-a775-a0fa93692f6c,open,05eda3ff-3302-4d5b-a775-a0fa93692f6c
0,c9ebd298-1a57-408d-8056-3740beb3b8ac,open,c9ebd298-1a57-408d-8056-3740beb3b8ac
0,a7fdd2b2-1da7-42d8-8411-c671b2432b6c,open,a7fdd2b2-1da7-42d8-8411-c671b2432b6c
0,86a7d389-d370-4b9e-8075-2a650c65b947,open,86a7d389-d370-4b9e-8075-2a650c65b947
0,345636f0-e9be-49d4-af07-b6796bb22518,open,345636f0-e9be-49d4-af07-b6796bb22518
0,d58716c7-fa00-497b-a5f2-34446cf80659,open,d58716c7-fa00-497b-a5f2-34446cf80659
0,1aedc08e-8ba8-4bf9-b953-93904782a809,open,1aedc08e-8ba8-4bf9-b953-93904782a809
0,33e7fa9f-c6bf-4bf4-866b-7b2cabe68307,open,33e7fa9f-c6bf-4bf4-866b-7b2cabe68307
0,8c23e37e-43a7-496b-a019-e189a3799a87,open,8c23e37e-43a7-496b-a019-e189a3799a87
0,a4d25df1-e531-4bfc-b9b5-36859fffa2b2,open,a4d25df1-e531-4bfc-b9b5-36859fffa2b2
0,9e1bcce3-dd76-44b5-a737-2963b87d0615,open,9e1bcce3-dd76-44b5-a737-2963b87d0615
0,fb309112-a37f-4155-90fd-f18275a06528,open,fb309112-a37f-4155-90fd-f18275a06528
0,162d42cb-8fba-4956-9a05-7695d88905da,open,162d42cb-8fba-4956-9a05-7695d88905da
0,abf12603-b703-46b4-9915-510f3ddb5af0,open,abf12603-b703-46b4-9915-510f3ddb5af0
0,03e69205-90bf-411c-929d-74eb3dc3c449,open,03e69205-90bf-411c-929d-74eb3dc3c449
0,9c8084da-0af0-406c-b8ad-24606722d102,open,9c8084da-0af0-406c-b8ad-24606722d102
0,702f42ba-59ac-420a-a79c-958ca0a2a197,open,702f42ba-59ac-420a-a79c-958ca0a2a197
0,ea0f7aa9-fe5b-42e5-90e1-6c58ff18e4eb,open,ea0f7aa9-fe5b-42e5-90e1-6c58ff18e4eb
0,468b59da-4efc-44fc-8385-c0d72cbd0903,open,468b59da-4efc-44fc-8385-c0d72cbd0903
0,60ad962d-3fb8-4c90-8112-09d60e24730c,open,60ad962d-3fb8-4c90-8112-09d60e24730c
0,a6da46fc-d08c-493c-90b5-a8772a0ee976,open,a6da46fc-d08c-493c-90b5-a8772a0ee976
0,688cdf26-1172-4aa6-9a0c-fc14ec7ab21d,open,688cdf26-1172-4aa6-9a0c-fc14ec7ab21d
0,c0c3619d-3da7-4e7c-b58c-3a5cf3345b1f,open,c0c3619d-3da7-4e7c-b58c-3a5cf3345b1f
0,3ea6ac83-3a51-4b38-bc11-e27bc4373a60,open,3ea6ac83-3a51-4b38-bc11-e27bc4373a60
0,782aa209-7e4b-44ff-a9b6-1f5b40045957,open,782aa209-7e4b-44ff-a9b6-1f5b40045957
0,c84f6d76-f1ce-4921-b279-5a19e0298692,open,c84f6d76-f1ce-4921-b279-5a19e0298692
0,db67303b-5181-4f3d-897b-8f67fd159f36,open,db67303b-5181-4f3d-897b-8f67fd159f36
0,7e93679c-4c91-46e7-9b3e-8bc8d641b335,open,7e93679c-4c91-46e7-9b3e-8bc8d641b335
0,d67229c8-8ec6-497a-80df-255a415682d7,open,d67229c8-8ec6-497a-80df-255a415682d7
0,754b29f1-3b31-49c2-8af7-49692f42767b,open,754b29f1-3b31-49c2-8af7-49692f42767b
0,531f6932-be84-42f5-bac8-42b197650562,open,531f6932-be84-42f5-bac8-42b197650562
0,60131a25-5b1a-451b-8525-10e18a61c14f,open,60131a25-5b1a-451b-8525-10e18a61c14f
0,1cee1546-2587-4f48-be2e-fedcbb11d532,open,1cee1546-2587-4f48-be2e-fedcbb11d532
0,6278204a-5440-406b-b8ac-1f7acfeda73b,open,6278204a-5440-406b-b8ac-1f7acfeda73b
0,6f2bac14-c678-4254-9eef-9601fb4fed08,open,6f2bac14-c678-4254-9eef-9601fb4fed08
0,321cbff1-7918-4d28-add0-b048d00d94af,open,321cbff1-7918-4d28-add0-b048d00d94af
0,4062c4e9-6946-483f-baa3-1bafa0162e0f,open,4062c4e9-6946-483f-baa3-1bafa0162e0f
0,19e5d623-1f6e-4e94-b34e-199dd91a2361,open,19e5d623-1f6e-4e94-b34e-199dd91a2361
0,bc4d7cab-0e85-41d5-b374-c8e429615415,open,bc4d7cab-0e85-41d5-b374-c8e429615415
0,988fa970-6abd-44ce-99ed-1f6884ea6a2d,open,988fa970-6abd-44ce-99ed-1f6884ea6a2d
0,d618b70d-49b3-498f-bb5c-bc067fc9f640,open,d618b70d-49b3-498f-bb5c-bc067fc9f640
0,a65cc88a-a0d8-48ab-8edb-3d8431145082,open,a65cc88a-a0d8-48ab-8edb-3d8431145082
0,30d1864d-467b-4ea3-b475-8e00f850bc81,open,30d1864d-467b-4ea3-b475-8e00f850bc81
0,f75d95cd-b7c9-424d-8e70-14122d013d3b,open,f75d95cd-b7c9-424d-8e70-14122d013d3b
0,73e08461-e315-4e7f-a93b-0d5c7df5238e,open,73e08461-e315-4e7f-a93b-0d5c7df5238e
0,a0009ae4-6011-47a5-af73-6380fe520e48,open,a0009ae4-6011-47a5-af73-6380fe520e48
0,7150fff4-953c-4b75-b016-e8e15f049c25,open,7150fff4-953c-4b75-b016-e8e15f049c25
0,2e86ed14-2d03-41c2-afad-2d266e224cfa,open,2e86ed14-2d03-41c2-afad-2d266e224cfa
0,34a78d72-1b1b-4dee-9096-4637fbaca180,open,34a78d72-1b1b-4dee-9096-4637fbaca180
0,28f39041-045e-4c0f-a88e-449d738783b7,open,28f39041-045e-4c0f-a88e-449d738783b7
0,4c37cd84-b3bc-4dee-96e9-c8bd843f2e15,open,4c37cd84-b3bc-4dee-96e9-c8bd843f2e15
0,9fe02c69-bd04-4d92-a29d-a552a8d47801,open,9fe02c69-bd04-4d92-a29d-a552a8d47801
0,c520a0f3-23c3-4cff-831b-f7adfb6e27c2,open,c520a0f3-23c3-4cff-831b-f7adfb6e27c2
0,2a396f78-004b-4f59-9124-7a72ef49ba3a,open,2a396f78-004b-4f59-9124-7a72ef49ba3a
0,8eedf66f-8fa2-462a-b963-701ea329f7fb,open,8eedf66f-8fa2-462a-b963-701ea329f7fb
0,3506f3ba-62f6-43fb-b78a-0ff6ef3d713c,open,3506f3ba-62f6-43fb-b78a-0ff6ef3d713c
0,a459d8c8-b976-438b-9323-013fc00418b4,open,a459d8c8-b976-438b-9323-013fc00418b4
0,033802f6-b3b9-4e68-a801-fd644d2640e1,open,033802f6-b3b9-4e68-a801-fd644d2640e1
0,f7613c3b-8daf-44d0-8348-64a0657ddf39,open,f7613c3b-8daf-44d0-8348-64a0657ddf39
0,ee58b986-4f58-4ecc-b42e-0b134c66194d,open,ee58b986-4f58-4ecc-b42e-0b134c66194d
0,b4aed8c0-cb7a-4bcd-a517-4d185cad183e,open,b4aed8c0-cb7a-4bcd-a517-4d185cad183e
0,e604496a-a9d0-475d-93a0-2f659f11a7b3,open,e604496a-a9d0-475d-93a0-2f659f11a7b3
0,0d1b2657-26ab-4ef9-b4fb-b484805bb264,open,0d1b2657-26ab-4ef9-b4fb-b484805bb264
0,eef7f0cd-af72-4fd2-9f4b-607495913451,open,eef7f0cd-af72-4fd2-9f4b-607495913451
0,08f5d833-0b6a-40f8-8a13-7bb0105251a0,open,08f5d833-0b6a-40f8-8a13-7bb0105251a0
0,81a1b323-88b6-4837-bccf-ac84a79828b6,open,81a1b323-88b6-4837-bccf-ac84a79828b6
0,1f3a1c30-8784-4b5c-908e-55deb3f4ca63,open,1f3a1c30-8784-4b5c-908e-55deb3f4ca63
0,f81e1398-6a34-4830-9e53-e5b09e9bb2c9,open,f81e1398-6a34-4830-9e53-e5b09e9bb2c9
0,31d98a8a-51f7-4d26-ad75-7ed73086c58e,open,31d98a8a-51f7-4d26-ad75-7ed73086c58e
0,25a7f276-cf34-400e-b686-59b99faa4532,open,25a7f276-cf34-400e-b686-59b99faa4532
0,dab5cc3a-f124-464c-a449-3a72806903d5,open,dab5cc3a-f124-464c-a449-3a72806903d5
0,b224bf6e-5179-4c0e-9624-dfeb866b9373,open,b224bf6e-5179-4c0e-9624-dfeb866b9373
0,dc09f109-8f92-450a-a0eb-c7865ab116a6,open,dc09f109-8f92-450a-a0eb-c7865ab116a6
0,e6f8f062-f8a7-4590-b2e0-986519edb67d,open,e6f8f062-f8a7-4590-b2e0-986519edb67d
0,9fbca3d9-7e0a-4e7d-bcde-78101be2a64a,open,9fbca3d9-7e0a-4e7d-bcde-78101be2a64a
0,b6983227-c78e-41d6-96b0-477b066df598,open,b6983227-c78e-41d6-96b0-477b066df598
0,16f4d993-7461-47b3-98c0-0a11f8ceff0b,open,16f4d993-7461-47b3-98c0-0a11f8ceff0b
0,2f31e897-b3e8-49f1-a400-ccf9f00f294a,open,2f31e897-b3e8-49f1-a400-ccf9f00f294a
0,04940f02-841a-4439-a55d-d9ae8e489f8f,open,04940f02-841a-4439-a55d-d9ae8e489f8f
0,fb8135e3-d7be-466f-a862-d34026bf387b,open,fb8135e3-d7be-466f-a862-d34026bf387b
0,d44a0cd1-9e52-4665-ab9b-660aa89079a6,open,d44a0cd1-9e52-4665-ab9b-660aa89079a6
0,e26abc28-15b0-4832-bd02-43c5dd0b55e8,open,e26abc28-15b0-4832-bd02-43c5dd0b55e8
0,71553394-84ae-4874-86e0-fd77c372a125,open,71553394-84ae-4874-86e0-fd77c372a125
0,6c981aa4-3550-4873-9455-f5a98957c686,open,6c981aa4-3550-4873-9455-f5a98957c686
0,8b922885-c9de-4f07-b810-c817e283a121,open,8b922885-c9de-4f07-b810-c817e283a121
0,7d582e72-99ba-4eb9-8823-397e712db51f,open,7d582e72-99ba-4eb9-8823-397e712db51f
0,c236e62d-3526-49f0-a2a2-216e4a6653d6,open,c236e62d-3526-49f0-a2a2-216e4a6653d6
0,2ed174f5-45c1-4e14-b690-df161e64e4d2,open,2ed174f5-45c1-4e14-b690-df161e64e4d2
0,21d70d10-7f7b-4973-920e-ed19f90c8ce9,open,21d70d10-7f7b-4973-920e-ed19f90c8ce9
0,d7dccd95-420f-4c85-b493-9b3842a687ce,open,d7dccd95-420f-4c85-b493-9b3842a687ce
0,7c078b81-24ef-42f6-8696-159c6bca2da3,open,7c078b81-24ef-42f6-8696-159c6bca2da3
0,fc85b5b2-8412-4772-8773-83b701056846,open,fc85b5b2-8412-4772-8773-83b701056846
0,664d781a-3ab2-4164-905d-8ea8b839cfb0,open,664d781a-3ab2-4164-905d-8ea8b839cfb0
0,972cbc25-1754-4661-969b-1dad78783a69,open,972cbc25-1754-4661-969b-1dad78783a69
0,284dc276-0e68-4699-b106-959b4830cf23,open,284dc276-0e68-4699-b106-959b4830cf23
0,905536de-f1c0-41f3-94be-a3a0b3921085,open,905536de-f1c0-41f3-94be-a3a0b3921085
0,6cf61f6d-cb90-4f72-9200-0f877898cc00,open,6cf61f6d-cb90-4f72-9200-0f877898cc00
0,2522f302-3269-4ca3-aad4-e3bc70965c0d,open,2522f302-3269-4ca3-aad4-e3bc70965c0d
0,fc540c4d-ba94-4eea-86b5-8f519c76ecab,open,fc540c4d-ba94-4eea-86b5-8f519c76ecab
0,4b6fe2c9-42c6-424f-b14d-9fc9e8265497,open,4b6fe2c9-42c6-424f-b14d-9fc9e8265497
0,5acbb464-c9ef-4f2f-827f-bad94cc05cdf,open,5acbb464-c9ef-4f2f-827f-bad94cc05cdf
0,e4b69bca-8615-4409-99b7-f0255005cf76,open,e4b69bca-8615-4409-99b7-f0255005cf76
0,5ddaf863-160a-42c1-b6ad-16a959816edc,open,5ddaf863-160a-42c1-b6ad-16a959816edc
0,a4a36d56-2fc8-47e7-9d32-01b06c305523,open,a4a36d56-2fc8-47e7-9d32-01b06c305523
0,eb2c269f-582c-4fc1-8706-ff2034ba588a,open,eb2c269f-582c-4fc1-8706-ff2034ba588a
0,59222a3b-ee1c-4dd9-a07a-6e8d06bd7a4f,open,59222a3b-ee1c-4dd9-a07a-6e8d06bd7a4f
0,822b202e-510e-4792-80d0-9e13750b72b6,open,822b202e-510e-4792-80d0-9e13750b72b6
0,9645f54e-cec9-471f-8ce7-2e4412dce11b,open,9645f54e-cec9-471f-8ce7-2e4412dce11b
0,0377e1c5-db64-4fdc-a772-d427c75d8bea,open,0377e1c5-db64-4fdc-a772-d427c75d8bea
0,9c266c99-93ba-49cd-b5bd-ed0ab1e516c2,open,9c266c99-93ba-49cd-b5bd-ed0ab1e516c2
0,2aed1285-ab96-4c84-9a94-f8ecc05c96bd,open,2aed1285-ab96-4c84-9a94-f8ecc05c96bd
0,4f052467-202e-461c-b7fb-cb9243ab621e,open,4f052467-202e-461c-b7fb-cb9243ab621e
0,0dfc9fba-75ad-4561-a02d-1babe9cd6489,open,0dfc9fba-75ad-4561-a02d-1babe9cd6489
0,4261c7a6-cdf2-445e-a0e1-af851f4292aa,open,4261c7a6-cdf2-445e-a0e1-af851f4292aa
0,66abb9e4-dcf7-4292-a24b-7adeae6474bd,open,66abb9e4-dcf7-4292-a24b-7adeae6474bd
0,7b888bd8-5f77-4a5c-b53a-5c48ba087faa,open,7b888bd8-5f77-4a5c-b53a-5c48ba087faa
0,7e2ff32c-0c70-4524-a54c-1b4e4b33cf01,open,7e2ff32c-0c70-4524-a54c-1b4e4b33cf01
0,781b37ea-4965-4bd4-a84b-4d1fe8e5af09,open,781b37ea-4965-4bd4-a84b-4d1fe8e5af09
0,9d2dee92-bbef-4ed5-9785-ca6971f394b6,open,9d2dee92-bbef-4ed5-9785-ca6971f394b6
0,8122d0ec-dcad-4990-b301-3715d2f8642d,open,8122d0ec-dcad-4990-b301-3715d2f8642d
0,68da51b2-1325-4f97-810e-4687fb64881e,open,68da51b2-1325-4f97-810e-4687fb64881e
0,4669db02-a63b-4f27-b6a3-53ef51f77ad7,open,4669db02-a63b-4f27-b6a3-53ef51f77ad7
0,5e904abf-f079-46c8-91b5-5e433b7486d2,open,5e904abf-f079-46c8-91b5-5e433b7486d2
0,c0a19562-782a-45fa-ac76-49a82a8febac,open,c0a19562-782a-45fa-ac76-49a82a8febac
0,9c63dec3-3651-4b8b-a0b1-19712a42d0ed,open,9c63dec3-3651-4b8b-a0b1-19712a42d0ed
0,acb0851d-0467-43c5-987e-639f9bcdaba9,open,acb0851d-0467-43c5-987e-639f9bcdaba9
0,d945c51b-d6ba-4a33-a517-387e9ffea061,open,d945c51b-d6ba-4a33-a517-387e9ffea061
0,b3370795-8f83-49ae-9926-48b39533f9f4,open,b3370795-8f83-49ae-9926-48b39533f9f4
0,ca346dc1-3772-4477-8700-88f748a5fca7,open,ca346dc1-3772-4477-8700-88f748a5fca7
0,870c45d0-b069-4e25-b0f9-4f908dc7363c,open,870c45d0-b069-4e25-b0f9-4f908dc7363c
0,4bec5d1f-5aba-4612-9ae1-afa27d2489ee,open,4bec5d1f-5aba-4612-9ae1-afa27d2489ee
0,9c5d2135-fcd7-4286-8e8c-e8223947752f,open,9c5d2135-fcd7-4286-8e8c-e8223947752f
0,cee59ade-db47-4e98-b9f8-2c897aa825c5,open,cee59ade-db47-4e98-b9f8-2c897aa825c5
0,03dac701-9bb8-4921-82ff-eb6529ea7f70,open,03dac701-9bb8-4921-82ff-eb6529ea7f70
0,2052a5f0-a9cc-4676-a193-f2fd724fe824,open,2052a5f0-a9cc-4676-a193-f2fd724fe824
0,96641787-b5fb-4d30-8f2e-c7afd73cf13c,open,96641787-b5fb-4d30-8f2e-c7afd73cf13c
0,c03c3a4a-c3b3-4b82-9904-12cf564838e2,open,c03c3a4a-c3b3-4b82-9904-12cf564838e2
0,95e62ce1-e676-4f24-8b50-e13392527970,open,95e62ce1-e676-4f24-8b50-e13392527970
0,f56888fc-ea82-440e-b205-16b752d0f5ff,open,f56888fc-ea82-440e-b205-16b752d0f5ff
0,2247830a-a8dd-49dc-a3a1-eee9815a64e1,open,2247830a-a8dd-49dc-a3a1-eee9815a64e1
0,ab50b8c1-d601-4969-9b00-d37164d36fd8,open,ab50b8c1-d601-4969-9b00-d37164d36fd8
0,aa66c355-63c6-413a-9aa8-4cd4134934a0,open,aa66c355-63c6-413a-9aa8-4cd4134934a0
0,0f857d7c-f085-451c-a4e0-f918e9a7775f,open,0f857d7c-f085-451c-a4e0-f918e9a7775f
0,fe6b90c3-1beb-40ee-980f-2b46824d6917,open,fe6b90c3-1beb-40ee-980f-2b46824d6917
0,441680e7-abaa-41c7-89a0-21f386058712,open,441680e7-abaa-41c7-89a0-21f386058712
0,5eae241e-3691-4f14-966f-47f9c9d7fa9c,open,5eae241e-3691-4f14-966f-47f9c9d7fa9c
0,0152ff38-fa18-4193-b8cc-f360fc7aef69,open,0152ff38-fa18-4193-b8cc-f360fc7aef69
0,98dab8a6-571a-4685-9251-a0e3ffe31deb,open,98dab8a6-571a-4685-9251-a0e3ffe31deb
0,1f66f6bb-5bea-4636-a4f4-750bc1837e4c,open,1f66f6bb-5bea-4636-a4f4-750bc1837e4c
0,34cf3fd4-9464-440f-8657-cb264de262c2,open,34cf3fd4-9464-440f-8657-cb264de262c2
0,b42bee2a-b0d7-4ada-af97-0120a4fb4502,open,b42bee2a-b0d7-4ada-af97-0120a4fb4502
0,c5eed665-2b65-4908-b383-96721c5f5c3d,open,c5eed665-2b65-4908-b383-96721c5f5c3d
0,56c50cbf-9323-42e0-9f1a-65a279d23a69,open,56c50cbf-9323-42e0-9f1a-65a279d23a69
0,d01868d0-4627-4cc6-9ecd-ba0a7749c667,open,d01868d0-4627-4cc6-9ecd-ba0a7749c667
0,de11093d-a875-440d-9cad-f97d710e2d67,open,de11093d-a875-440d-9cad-f97d710e2d67
0,1a9a4244-fe1a-4429-8443-eb77a33ea4fa,open,1a9a4244-fe1a-4429-8443-eb77a33ea4fa
0,ef4250f1-e6cb-43c3-b15e-bca4a2cf26d8,open,ef4250f1-e6cb-43c3-b15e-bca4a2cf26d8
0,68477fd9-f526-43fc-ad82-c83d712af973,open,68477fd9-f526-43fc-ad82-c83d712af973
0,82b9ef95-97b9-48ca-b8d0-3376d16a3eca,open,82b9ef95-97b9-48ca-b8d0-3376d16a3eca
0,fa289a43-72ee-49e9-988a-1f4de6a0282d,open,fa289a43-72ee-49e9-988a-1f4de6a0282d
0,a2cecdee-1d22-4af1-8bea-79dd161d88e9,open,a2cecdee-1d22-4af1-8bea-79dd161d88e9
0,b528d7b9-f6ea-4a7d-9967-d2bf22ad418a,open,b528d7b9-f6ea-4a7d-9967-d2bf22ad418a
0,eb1c580e-f055-43ff-88d3-ac4d26a1ab6c,open,eb1c580e-f055-43ff-88d3-ac4d26a1ab6c
0,eaf0cc8e-39b6-45ce-ab8a-94b0994ccecb,open,eaf0cc8e-39b6-45ce-ab8a-94b0994ccecb
0,7031622a-b1f3-4b46-b7c5-db8ef512aad9,open,7031622a-b1f3-4b46-b7c5-db8ef512aad9
0,be3e2e79-1521-47b2-bc56-7f32967d4c49,open,be3e2e79-1521-47b2-bc56-7f32967d4c49
0,615a09f9-728a-4431-b1f6-28457cd19648,open,615a09f9-728a-4431-b1f6-28457cd19648
0,0c50f47b-dd82-4987-9370-4d5370175faa,open,0c50f47b-dd82-4987-9370-4d5370175faa
0,25c78a45-406f-4ffc-80a6-622de6eb4616,open,25c78a45-406f-4ffc-80a6-622de6eb4616
0,9185bcb0-84a2-47ad-b67a-42d1977ef6d2,open,9185bcb0-84a2-47ad-b67a-42d1977ef6d2
0,2c3bd65e-6982-4e22-8eaa-760548de32f1,open,2c3bd65e-6982-4e22-8eaa-760548de32f1
0,62aaddd3-fb4e-4e2f-a664-1f7f177f381d,open,62aaddd3-fb4e-4e2f-a664-1f7f177f381d
0,b662a460-8df5-456f-80eb-80a328cfa6d8,open,b662a460-8df5-456f-80eb-80a328cfa6d8
0,1df386fc-e052-44a5-a9f5-fc1087a183dc,open,1df386fc-e052-44a5-a9f5-fc1087a183dc
0,0bebf977-15c6-4a8c-9be7-d040c3963316,open,0bebf977-15c6-4a8c-9be7-d040c3963316
0,5d70df26-7391-4447-aa33-75f4d00ded66,open,5d70df26-7391-4447-aa33-75f4d00ded66
0,2c082fdc-8974-4294-872b-0e4752a131ee,open,2c082fdc-8974-4294-872b-0e4752a131ee
0,4f003ba0-143c-4af4-bc46-0d98df248b70,open,4f003ba0-143c-4af4-bc46-0d98df248b70
0,b8e6391d-a930-4177-abbd-5bab0774f72d,open,b8e6391d-a930-4177-abbd-5bab0774f72d
0,ac1b37ff-eca4-45c7-b5e3-a4e8db807312,open,ac1b37ff-eca4-45c7-b5e3-a4e8db807312
0,1d71b417-ee5e-4d92-aa6f-5601e8f29aa1,open,1d71b417-ee5e-4d92-aa6f-5601e8f29aa1
0,a5cb42d1-a549-4fb7-ac6d-9ea5f3496df2,open,a5cb42d1-a549-4fb7-ac6d-9ea5f3496df2
0,34219a37-5f8c-47aa-bc4a-689d4af66c16,open,34219a37-5f8c-47aa-bc4a-689d4af66c16
0,6633ee94-6dbe-4315-ba66-7f0cbec1d1cd,open,6633ee94-6dbe-4315-ba66-7f0cbec1d1cd
0,06e8edca-1809-4132-8e12-bef05600585b,open,06e8edca-1809-4132-8e12-bef05600585b
0,83f278bd-bf45-4df3-ad48-18246bf70785,open,83f278bd-bf45-4df3-ad48-18246bf70785
0,bf38109f-d7fc-4821-81c5-fbc7d475a3a3,open,bf38109f-d7fc-4821-81c5-fbc7d475a3a3
0,710e0e47-a51b-48a2-81c0-e35e767b183e,open,710e0e47-a51b-48a2-81c0-e35e767b183e
0,a9727402-8aee-4f0a-ac50-3efdd06a171b,open,a9727402-8aee-4f0a-ac50-3efdd06a171b
0,30047a4f-840a-42cf-a69f-b325f1201e26,open,30047a4f-840a-42cf-a69f-b325f1201e26
0,1276e841-6767-4179-aa3b-f74943209213,open,1276e841-6767-4179-aa3b-f74943209213
0,8b711a84-0244-4d96-84c5-9a69191fb959,open,8b711a84-0244-4d96-84c5-9a69191fb959
0,ea33f4c2-a72c-4ccb-9c1c-5e72ece206a3,open,ea33f4c2-a72c-4ccb-9c1c-5e72ece206a3
0,e92a1e41-bc5f-4f17-beb9-38f22e371baf,open,e92a1e41-bc5f-4f17-beb9-38f22e371baf
0,06a4802a-4a92-4075-9075-0059d99a2545,open,06a4802a-4a92-4075-9075-0059d99a2545
0,2c7fdf44-0d4b-4620-bae8-6c886f293fa5,open,2c7fdf44-0d4b-4620-bae8-6c886f293fa5
0,32c1bb59-0980-465d-9391-bc370b118430,open,32c1bb59-0980-465d-9391-bc370b118430
0,d8421ca1-b765-4e3d-85ed-517a5a5f698c,open,d8421ca1-b765-4e3d-85ed-517a5a5f698c
0,c41ff8f4-6bee-4355-9a6a-efc959ce2f9d,open,c41ff8f4-6bee-4355-9a6a-efc959ce2f9d
0,49497a10-a8b8-4da8-8e29-1c7384eaa2b4,open,49497a10-a8b8-4da8-8e29-1c7384eaa2b4
0,d24b62b3-3e44-4ebd-b8ee-9c29e9f28a5d,open,d24b62b3-3e44-4ebd-b8ee-9c29e9f28a5d
0,ab5a1dd9-e6c1-4a42-9a02-23dabeb8518d,open,ab5a1dd9-e6c1-4a42-9a02-23dabeb8518d
0,4b658f39-91cf-4c8b-8cc5-cbb9a77f9241,open,4b658f39-91cf-4c8b-8cc5-cbb9a77f9241
0,5ef64b2e-ae01-4df7-8ff5-6a4aed633674,open,5ef64b2e-ae01-4df7-8ff5-6a4aed633674
0,4ebc8e02-a65a-4320-9d40-d49a4c8dc13d,open,4ebc8e02-a65a-4320-9d40-d49a4c8dc13d
0,9adf804a-f87c-4ce0-b602-9491d4dedd1a,open,9adf804a-f87c-4ce0-b602-9491d4dedd1a
0,c0ea2807-11fb-4150-b487-37533a305b47,open,c0ea2807-11fb-4150-b487-37533a305b47
0,5b783fd3-4e31-43c6-9ca0-f4c1514724bc,open,5b783fd3-4e31-43c6-9ca0-f4c1514724bc
0,ceb469a8-f770-4823-a13f-28c02a626bc4,open,ceb469a8-f770-4823-a13f-28c02a626bc4
0,b1a3e04c-2a44-4afd-a9f3-4d58e0648465,open,b1a3e04c-2a44-4afd-a9f3-4d58e0648465
0,f94cc7d0-da66-446c-9b59-fd2aa8e0a22d,open,f94cc7d0-da66-446c-9b59-fd2aa8e0a22d
0,c9057455-2566-4127-82b8-c3c1b9414395,open,c9057455-2566-4127-82b8-c3c1b9414395
0,ead5e208-e117-4bf7-aa65-ebb7d62617f2,open,ead5e208-e117-4bf7-aa65-ebb7d62617f2
0,88766fc8-bf39-49b4-9ec0-273b5ac88e75,open,88766fc8-bf39-49b4-9ec0-273b5ac88e75
0,6fdcb2c0-ef34-45bb-973b-e655d4b6a4ef,open,6fdcb2c0-ef34-45bb-973b-e655d4b6a4ef
0,c0473c78-d1d6-424d-98a5-1122e727866e,open,c0473c78-d1d6-424d-98a5-1122e727866e
0,3cbe0855-d28d-4052-9e37-26c592200d11,open,3cbe0855-d28d-4052-9e37-26c592200d11
0,e640e531-7ff7-4472-994f-364b73ff3bf5,open,e640e531-7ff7-4472-994f-364b73ff3bf5
0,ca8d74ad-e05d-41bc-bf89-463c4cd5af13,open,ca8d74ad-e05d-41bc-bf89-463c4cd5af13
0,828126db-6ae6-4321-be68-5d941ded9af4,open,828126db-6ae6-4321-be68-5d941ded9af4
0,36b633c9-82cc-48a7-b378-8ec4550d6350,open,36b633c9-82cc-48a7-b378-8ec4550d6350
0,04f2d785-3646-4a21-a430-1bd23ec10f1f,open,04f2d785-3646-4a21-a430-1bd23ec10f1f
0,bee7d338-be86-4ac2-9cfd-4d31503108d6,open,bee7d338-be86-4ac2-9cfd-4d31503108d6
0,dcec367f-031c-422d-bb9c-abf1fe0e5814,open,dcec367f-031c-422d-bb9c-abf1fe0e5814
0,2605cda7-8a84-4631-953e-d0f77b32306e,open,2605cda7-8a84-4631-953e-d0f77b32306e
0,d0626f34-77be-42e7-89fc-e1260758c63a,open,d0626f34-77be-42e7-89fc-e1260758c63a
0,0d534773-e841-4a28-91c4-d4178e566220,open,0d534773-e841-4a28-91c4-d4178e566220
0,0b42a83a-7fbb-4d56-8b09-3181e2ed62ae,open,0b42a83a-7fbb-4d56-8b09-3181e2ed62ae
0,d430c566-6cc8-4376-b330-5bd0cea915eb,open,d430c566-6cc8-4376-b330-5bd0cea915eb
0,cf110893-2105-439f-b381-401a5385ae2e,open,cf110893-2105-439f-b381-401a5385ae2e
0,8238a36b-2a69-4e07-bfb5-65ac7eb8e851,open,8238a36b-2a69-4e07-bfb5-65ac7eb8e851
0,1e9d56ac-80cc-457b-88a5-fe121f067599,open,1e9d56ac-80cc-457b-88a5-fe121f067599
0,7be0a473-e4ab-4f9b-b5e1-1e5992a96741,open,7be0a473-e4ab-4f9b-b5e1-1e5992a96741
0,09e1bdde-0657-4c30-ab4c-02c15ae3bd2e,open,09e1bdde-0657-4c30-ab4c-02c15ae3bd2e
0,d6e4242d-32be-436b-97ed-169d046ba96c,open,d6e4242d-32be-436b-97ed-169d046ba96c
0,1c0eb526-d449-4a43-9e05-65d4f4d77075,open,1c0eb526-d449-4a43-9e05-65d4f4d77075
0,5da71896-26c0-4049-9759-3959737cf43f,open,5da71896-26c0-4049-9759-3959737cf43f
0,89df2bd9-e7b3-419e-b66e-cb8a1ff0a70a,open,89df2bd9-e7b3-419e-b66e-cb8a1ff0a70a
0,a295e04a-6601-4a79-af56-14427ed2100c,open,a295e04a-6601-4a79-af56-14427ed2100c
0,12e77ad3-548d-4609-991c-c36321f8e2d8,open,12e77ad3-548d-4609-991c-c36321f8e2d8
0,9d4b3537-b35f-4953-a33c-50af8fa599bd,open,9d4b3537-b35f-4953-a33c-50af8fa599bd
0,c5ab9b60-d051-4409-b7ef-484f373981d3,open,c5ab9b60-d051-4409-b7ef-484f373981d3
0,36f868fc-ac87-4201-ab3a-f667afea14ba,open,36f868fc-ac87-4201-ab3a-f667afea14ba
0,36c45ff7-f4b5-4fac-81ad-d5366df5e97f,open,36c45ff7-f4b5-4fac-81ad-d5366df5e97f
0,13559d46-bcc4-4b1d-9ccc-5e93d28e05ea,open,13559d46-bcc4-4b1d-9ccc-5e93d28e05ea
0,6c6ea5fe-290c-4d09-a5bb-d6eb746f8643,open,6c6ea5fe-290c-4d09-a5bb-d6eb746f8643
0,e4d26f0f-3cd0-4c99-8a6d-f84c493bad88,open,e4d26f0f-3cd0-4c99-8a6d-f84c493bad88
0,b8f0f341-6964-47bf-ab05-dc6fa9d93fc3,open,b8f0f341-6964-47bf-ab05-dc6fa9d93fc3
0,f8b66eb8-ed0f-403e-9871-edfca3eae87b,open,f8b66eb8-ed0f-403e-9871-edfca3eae87b
0,80fd2e67-b73c-4b90-ad75-b338e5298bb7,open,80fd2e67-b73c-4b90-ad75-b338e5298bb7
0,86105e99-3c86-482d-9b01-f450db1821d1,open,86105e99-3c86-482d-9b01-f450db1821d1
0,f029b708-e4a6-438c-b58b-baf475e94d88,open,f029b708-e4a6-438c-b58b-baf475e94d88
0,dc314188-d7f6-4da7-8d31-380f588f7af3,open,dc314188-d7f6-4da7-8d31-380f588f7af3
0,8ec6a2d5-2ae1-4457-934b-a80094e08b06,open,8ec6a2d5-2ae1-4457-934b-a80094e08b06
0,0612b79d-efee-4c96-b4ec-59e21a2c9dfc,open,0612b79d-efee-4c96-b4ec-59e21a2c9dfc
0,13dae652-7037-48ae-b833-383d568dd824,open,13dae652-7037-48ae-b833-383d568dd824
0,dbec2c8e-ecfa-4891-a624-f29f193ee971,open,dbec2c8e-ecfa-4891-a624-f29f193ee971
0,a2b5580d-83db-4891-b9a4-c6af2faea049,open,a2b5580d-83db-4891-b9a4-c6af2faea049
0,b482c124-01e3-455e-8845-3919ecb07d9d,open,b482c124-01e3-455e-8845-3919ecb07d9d
0,7d7504e2-feff-4953-af6b-4307094ba223,open,7d7504e2-feff-4953-af6b-4307094ba223
0,0d382b4e-45fb-446a-a593-4a0553eb54aa,open,0d382b4e-45fb-446a-a593-4a0553eb54aa
0,fc2a3ea4-1f40-4b5d-b2af-624ef54dd658,open,fc2a3ea4-1f40-4b5d-b2af-624ef54dd658
0,dc8645c1-a7aa-4540-a96e-4d052637f412,open,dc8645c1-a7aa-4540-a96e-4d052637f412
0,42f5cb5d-e3ad-47f5-a0f3-1811d66079a7,open,42f5cb5d-e3ad-47f5-a0f3-1811d66079a7
0,215719cf-a02b-485c-9534-d99f663ec6dd,open,215719cf-a02b-485c-9534-d99f663ec6dd
0,31bfa493-2527-480f-89f8-0636475dd58c,open,31bfa493-2527-480f-89f8-0636475dd58c
0,42bf45ad-45c2-4705-bb7c-05e8f9e8d790,open,42bf45ad-45c2-4705-bb7c-05e8f9e8d790
0,6fe7ab9f-7759-41df-8839-1d493055dbab,open,6fe7ab9f-7759-41df-8839-1d493055dbab
0,78e9c01a-7f9f-4c95-812e-71821284d5ba,open,78e9c01a-7f9f-4c95-812e-71821284d5ba
0,6741ccd1-2490-4cb4-90d4-d212d6f37f6a,open,6741ccd1-2490-4cb4-90d4-d212d6f37f6a
0,7236b690-63ba-42a2-bc1d-5ff02fce2af9,open,7236b690-63ba-42a2-bc1d-5ff02fce2af9
0,dd0df614-95d5-472e-84f2-c661258ac615,open,dd0df614-95d5-472e-84f2-c661258ac615
0,6972bc52-3acc-408a-a137-64d1b7f535e3,open,6972bc52-3acc-408a-a137-64d1b7f535e3
0,b96fc88b-245d-4db7-8d46-b90eb50fa68b,open,b96fc88b-245d-4db7-8d46-b90eb50fa68b
0,1a72e741-6ecf-4523-9333-5afc115d8604,open,1a72e741-6ecf-4523-9333-5afc115d8604
0,70d81d75-5ea3-4551-a4d3-f675709f1461,open,70d81d75-5ea3-4551-a4d3-f675709f1461
0,48a6183b-23f8-4969-b1dc-67fc0a46342c,open,48a6183b-23f8-4969-b1dc-67fc0a46342c
0,b6b9a185-0753-4d0f-87f1-b1edc3ad1fb2,open,b6b9a185-0753-4d0f-87f1-b1edc3ad1fb2
0,3a3276a4-b4fa-4180-a2f8-9c337f609d02,open,3a3276a4-b4fa-4180-a2f8-9c337f609d02
0,cb2cc4c5-6579-474e-87a2-3ae2a4f0e2c2,open,cb2cc4c5-6579-474e-87a2-3ae2a4f0e2c2
0,e973d297-2c7c-486b-bfcf-95ffc1b7a9b8,open,e973d297-2c7c-486b-bfcf-95ffc1b7a9b8
0,90892f94-3654-4133-803a-ab36fab83e12,open,90892f94-3654-4133-803a-ab36fab83e12
0,5736abf1-c78c-459c-8065-bdaa5a3d7b46,open,5736abf1-c78c-459c-8065-bdaa5a3d7b46
0,ad416406-7ea0-4f05-9b4e-d6b35c341f5e,open,ad416406-7ea0-4f05-9b4e-d6b35c341f5e
0,60116c75-1db7-488a-9e2d-1b59b1bd0837,open,60116c75-1db7-488a-9e2d-1b59b1bd0837
0,e0133620-3493-40e0-bd69-e7067866e600,open,e0133620-3493-40e0-bd69-e7067866e600
0,0e31ca8f-dbab-4448-92c1-44969cc9cf59,open,0e31ca8f-dbab-4448-92c1-44969cc9cf59
0,84286a80-5880-4532-93de-3c069caa53cc,open,84286a80-5880-4532-93de-3c069caa53cc
0,9ff20dfb-15aa-4085-a4be-7e86b969026e,open,9ff20dfb-15aa-4085-a4be-7e86b969026e
0,b06b5792-fcd2-4df0-99aa-28fd88db8e33,open,b06b5792-fcd2-4df0-99aa-28fd88db8e33
0,163cf0d8-efd5-4e13-a3e6-d789b1c3debb,open,163cf0d8-efd5-4e13-a3e6-d789b1c3debb
0,9e52e47d-078b-46fb-8867-ee0aa924029f,open,9e52e47d-078b-46fb-8867-ee0aa924029f
0,c3598a3b-60fd-4e20-b563-114216f683c8,open,c3598a3b-60fd-4e20-b563-114216f683c8
0,63c454fc-e9e8-4bb6-afd4-e0e4baeed730,open,63c454fc-e9e8-4bb6-afd4-e0e4baeed730
0,6404163f-d50a-4e99-9287-0e6948c27bef,open,6404163f-d50a-4e99-9287-0e6948c27bef
0,68720344-2294-44a3-99f8-7b73bd39cc77,open,68720344-2294-44a3-99f8-7b73bd39cc77
0,21450a19-b774-4568-9263-4f438393f5d5,open,21450a19-b774-4568-9263-4f438393f5d5
0,e175ae5e-11da-4bd1-bfb4-5919c85a72fc,open,e175ae5e-11da-4bd1-bfb4-5919c85a72fc
0,dd12daf5-e61c-45a4-a15c-bd2505f3b96f,open,dd12daf5-e61c-45a4-a15c-bd2505f3b96f
0,90e475a2-35f5-4a6c-8390-0af1cc41803b,open,90e475a2-35f5-4a6c-8390-0af1cc41803b
0,ad5a356b-2c40-4353-83d6-868400797d20,open,ad5a356b-2c40-4353-83d6-868400797d20
0,4ca61ce1-0bfd-47f9-bce8-e151327d30b9,open,4ca61ce1-0bfd-47f9-bce8-e151327d30b9
0,b2044786-eb96-4f98-80cc-0db9ba2ed736,open,b2044786-eb96-4f98-80cc-0db9ba2ed736
0,8cd00b7a-b4d3-4703-bf34-41f82a8569a5,open,8cd00b7a-b4d3-4703-bf34-41f82a8569a5
0,d946d221-a24b-4d92-8a07-044043b679cc,open,d946d221-a24b-4d92-8a07-044043b679cc
0,be594c52-a514-44c3-ae6e-85a4234ebf5b,open,be594c52-a514-44c3-ae6e-85a4234ebf5b
0,18437593-3b80-4403-a054-2968a2eadbc9,open,18437593-3b80-4403-a054-2968a2eadbc9
0,88b8b10d-fb22-4d84-85db-8dc6e7884ff2,open,88b8b10d-fb22-4d84-85db-8dc6e7884ff2
0,e1bf02ee-99c8-42e1-8cf1-8d0088ad84e6,open,e1bf02ee-99c8-42e1-8cf1-8d0088ad84e6
0,39c94c97-0d02-46bf-86e4-24521865138d,open,39c94c97-0d02-46bf-86e4-24521865138d
0,1cd3867f-4ccb-4e55-bdde-ab54b5e311c6,open,1cd3867f-4ccb-4e55-bdde-ab54b5e311c6
0,1db17b00-5489-4844-b1a9-1feadd6c4b87,open,1db17b00-5489-4844-b1a9-1feadd6c4b87
0,b16ef3b3-2f16-4a8b-89d3-ff7a6f76dbb5,open,b16ef3b3-2f16-4a8b-89d3-ff7a6f76dbb5
0,3da05b33-8c09-480a-9f5c-f325f40a773e,open,3da05b33-8c09-480a-9f5c-f325f40a773e
0,bb616a08-7b8a-4d76-af51-d7267adc8670,open,bb616a08-7b8a-4d76-af51-d7267adc8670
0,e564bcf7-18c3-4450-9259-6a17da193d6a,open,e564bcf7-18c3-4450-9259-6a17da193d6a
0,e5df111b-4196-4d53-b6b1-6de02213e119,open,e5df111b-4196-4d53-b6b1-6de02213e119
0,18378d92-adc7-4c41-8ce2-b3a0ea4777c9,open,18378d92-adc7-4c41-8ce2-b3a0ea4777c9
0,4dd44353-d3ae-441d-9d86-3a4d8e1d7366,open,4dd44353-d3ae-441d-9d86-3a4d8e1d7366
0,9384fbbc-7ad8-4bad-9564-69b82ae9373d,open,9384fbbc-7ad8-4bad-9564-69b82ae9373d
0,30d819de-ccc9-445e-869e-78f2001a57ce,open,30d819de-ccc9-445e-869e-78f2001a57ce
0,eb02dd9a-4039-4e43-a67f-eb9736615e33,open,eb02dd9a-4039-4e43-a67f-eb9736615e33
0,f0ac33c3-5112-40a4-9506-d5893a56b2d9,open,f0ac33c3-5112-40a4-9506-d5893a56b2d9
0,bbc30462-bead-439c-b6cb-abc03f2de04d,open,bbc30462-bead-439c-b6cb-abc03f2de04d
0,51064084-4ad6-48f0-85c0-01933bc65894,open,51064084-4ad6-48f0-85c0-01933bc65894
0,fcf8ea58-81c1-41b9-baa8-c6fc372316e4,open,fcf8ea58-81c1-41b9-baa8-c6fc372316e4
0,99bfcbce-12ce-4a87-b876-b5ad75ae5cbd,open,99bfcbce-12ce-4a87-b876-b5ad75ae5cbd
0,8abce501-e01f-4aa0-8194-6d4e06fd107c,open,8abce501-e01f-4aa0-8194-6d4e06fd107c
0,618b8203-5ede-496c-9112-91e54abc4e86,open,618b8203-5ede-496c-9112-91e54abc4e86
0,16156eb7-6a2c-421f-bc49-0d635b081fa4,open,16156eb7-6a2c-421f-bc49-0d635b081fa4
0,063a7557-4184-4066-b460-3ed1d533b8fe,open,063a7557-4184-4066-b460-3ed1d533b8fe
0,8e0c481f-63a2-40ac-ab0b-0b4a8197e93f,open,8e0c481f-63a2-40ac-ab0b-0b4a8197e93f
0,e1e420b2-72ed-41fa-bdbd-bf557c8ef0ef,open,e1e420b2-72ed-41fa-bdbd-bf557c8ef0ef
0,1e6c2599-c18d-476e-89d1-0344b69d9c80,open,1e6c2599-c18d-476e-89d1-0344b69d9c80
0,10af895a-ced4-4408-b81d-028e9f40e602,open,10af895a-ced4-4408-b81d-028e9f40e602
0,2830f9ac-e86d-4db7-8b43-cc54e8e765f9,open,2830f9ac-e86d-4db7-8b43-cc54e8e765f9
0,25a0e77a-5688-431f-a3ab-24d478789aef,open,25a0e77a-5688-431f-a3ab-24d478789aef
0,fd67897f-6dad-430a-905b-873a01c3673c,open,fd67897f-6dad-430a-905b-873a01c3673c
0,f3c40781-a0bb-4c83-a202-1bea4101ed96,open,f3c40781-a0bb-4c83-a202-1bea4101ed96
0,68676230-2c49-427d-b0f6-9593f7549c20,open,68676230-2c49-427d-b0f6-9593f7549c20
0,68c8b0f6-23ae-4e86-876c-cfc4824dd773,open,68c8b0f6-23ae-4e86-876c-cfc4824dd773
0,0b97949f-cb7e-4b7d-aec9-9cb9a686301a,open,0b97949f-cb7e-4b7d-aec9-9cb9a686301a
0,d0bb6890-c1ee-4c24-9412-557310f76a5f,open,d0bb6890-c1ee-4c24-9412-557310f76a5f
0,015e82f1-8104-4fd8-9d0d-c21381b494f8,open,015e82f1-8104-4fd8-9d0d-c21381b494f8
0,0a56f37a-783b-40e0-b327-619337f01dbe,open,0a56f37a-783b-40e0-b327-619337f01dbe
0,9c75577a-a7ba-4bcd-8510-81650b5589c1,open,9c75577a-a7ba-4bcd-8510-81650b5589c1
0,27d3528d-3594-4fa8-8dd3-25539e5a855c,open,27d3528d-3594-4fa8-8dd3-25539e5a855c
0,ce11805a-9a21-419b-a017-83566d4992ef,open,ce11805a-9a21-419b-a017-83566d4992ef
0,83084718-f5a1-4185-b5d8-5897c474f5da,open,83084718-f5a1-4185-b5d8-5897c474f5da
0,f461ea94-a384-4dc2-a2e9-d2cd082eaddd,open,f461ea94-a384-4dc2-a2e9-d2cd082eaddd
0,20d667f0-eea9-4223-9c10-cce6c9998cc2,open,20d667f0-eea9-4223-9c10-cce6c9998cc2
0,ba585238-9f94-4701-a468-88d6855e556e,open,ba585238-9f94-4701-a468-88d6855e556e
0,7a390432-36fb-4695-9ef5-a8b376c1bcd9,open,7a390432-36fb-4695-9ef5-a8b376c1bcd9
0,46db9766-3992-4a0f-8d53-5d5836191259,open,46db9766-3992-4a0f-8d53-5d5836191259
0,12011123-9187-4e84-8005-4c0224810d5c,open,12011123-9187-4e84-8005-4c0224810d5c
0,b82f4aad-f793-4987-9028-3eb22c8a84e9,open,b82f4aad-f793-4987-9028-3eb22c8a84e9
0,c5a328cf-cf6e-456d-ab60-0a075abe4cd9,open,c5a328cf-cf6e-456d-ab60-0a075abe4cd9
0,012326e1-3e75-42ee-9a0c-bb4c4b375348,open,012326e1-3e75-42ee-9a0c-bb4c4b375348
0,9ee431f2-eb7b-4e1d-b068-f9d729378ace,open,9ee431f2-eb7b-4e1d-b068-f9d729378ace
0,1b33d0b4-efe7-4a74-82b8-662047955119,open,1b33d0b4-efe7-4a74-82b8-662047955119
0,e3bc63b8-e441-4e35-98b8-27c1e801fbf2,open,e3bc63b8-e441-4e35-98b8-27c1e801fbf2
0,0c5ee4e4-9126-476e-a656-a0caa1894e8d,open,0c5ee4e4-9126-476e-a656-a0caa1894e8d
0,571149a4-cd18-4cff-b856-23f051d2914c,open,571149a4-cd18-4cff-b856-23f051d2914c
0,d1d4882f-8efd-40ba-b311-df07e97dbbe7,open,d1d4882f-8efd-40ba-b311-df07e97dbbe7
0,ddae3275-de5e-4dc8-bd98-bc8d1d4d5bbf,open,ddae3275-de5e-4dc8-bd98-bc8d1d4d5bbf
0,e2eddd10-8f77-4882-894a-1f11bcfefc82,open,e2eddd10-8f77-4882-894a-1f11bcfefc82
0,50209eee-a42c-43b0-88c8-5ea40a76639e,open,50209eee-a42c-43b0-88c8-5ea40a76639e
0,ea18c1ce-f032-4086-be56-2472938749b5,open,ea18c1ce-f032-4086-be56-2472938749b5
0,60ba4401-5f51-44b4-be1b-02e191489587,open,60ba4401-5f51-44b4-be1b-02e191489587
0,d9038408-ca64-4f69-90b9-6f6da980f9bd,open,d9038408-ca64-4f69-90b9-6f6da980f9bd
0,95c0a96e-15be-45d9-9ef8-f4222ba9e460,open,95c0a96e-15be-45d9-9ef8-f4222ba9e460
0,03da0f2f-0672-4480-a368-475c2e49daf3,open,03da0f2f-0672-4480-a368-475c2e49daf3
0,ef76453c-b762-4bc3-ab2c-b800401c8cc4,open,ef76453c-b762-4bc3-ab2c-b800401c8cc4
0,aa917a61-5845-4e05-a42b-299010f49fde,open,aa917a61-5845-4e05-a42b-299010f49fde
0,7cfe9449-fdee-44bf-80e6-82776bfbefe3,open,7cfe9449-fdee-44bf-80e6-82776bfbefe3
0,6e912b4c-bcd0-44f7-95fc-8f1dd60b030f,open,6e912b4c-bcd0-44f7-95fc-8f1dd60b030f
0,a4920cbe-1b3b-49d6-9868-385cdb46c45b,open,a4920cbe-1b3b-49d6-9868-385cdb46c45b
0,c24323e9-dcfc-431a-aa68-42b6b23dcbff,open,c24323e9-dcfc-431a-aa68-42b6b23dcbff
0,46f60865-830e-404f-a21a-954e526346cb,open,46f60865-830e-404f-a21a-954e526346cb
0,5d04c729-3e6c-4cc3-9517-92e7bee00701,open,5d04c729-3e6c-4cc3-9517-92e7bee00701
0,03cf5827-b762-420c-8d9e-c82e6e65dcf6,open,03cf5827-b762-420c-8d9e-c82e6e65dcf6
0,6e6660a9-c56b-4cd2-8cbc-7b9f484bc05d,open,6e6660a9-c56b-4cd2-8cbc-7b9f484bc05d
0,43a251df-3e5d-4072-9f82-d02f00429587,open,43a251df-3e5d-4072-9f82-d02f00429587
0,47b4d290-4759-41af-8a78-e81694ee583c,open,47b4d290-4759-41af-8a78-e81694ee583c
0,38f92efd-3ed6-4e1e-ae8c-415fa6c8cf00,open,38f92efd-3ed6-4e1e-ae8c-415fa6c8cf00
0,146d940f-83ca-4626-be6d-f859ae79470b,open,146d940f-83ca-4626-be6d-f859ae79470b
0,0a57353f-5019-40d4-bb0c-8975ed357a61,open,0a57353f-5019-40d4-bb0c-8975ed357a61
0,31bd2823-15f5-48da-b449-fecf048cb1d2,open,31bd2823-15f5-48da-b449-fecf048cb1d2
0,6bc92578-963e-4220-bcda-3332ca3acbfc,open,6bc92578-963e-4220-bcda-3332ca3acbfc
0,2c477490-e765-4947-b644-c497ba469f53,open,2c477490-e765-4947-b644-c497ba469f53
0,05c5e98f-e05a-4e76-956c-e6ddf1dbf88f,open,05c5e98f-e05a-4e76-956c-e6ddf1dbf88f
0,ff8ae509-6440-4d8d-bdd5-a72081ea458c,open,ff8ae509-6440-4d8d-bdd5-a72081ea458c
0,5f91e72e-d551-48e6-b6cf-fb5477634124,open,5f91e72e-d551-48e6-b6cf-fb5477634124
0,791bbb6f-def9-47aa-b189-297205b68d99,open,791bbb6f-def9-47aa-b189-297205b68d99
0,cdaef506-1261-4e90-8c04-a8a0ea88d676,open,cdaef506-1261-4e90-8c04-a8a0ea88d676
0,2700f84f-7f7c-42a4-89b9-9b9b3e58675d,open,2700f84f-7f7c-42a4-89b9-9b9b3e58675d
0,8f67d704-bfa8-4a26-a4fd-62dc18170e42,open,8f67d704-bfa8-4a26-a4fd-62dc18170e42
0,fba15a9b-02d3-4b7d-9dc3-f0f11bd9f278,open,fba15a9b-02d3-4b7d-9dc3-f0f11bd9f278
0,6827b9ea-b0ca-40e0-9df4-6381d4f4cb06,open,6827b9ea-b0ca-40e0-9df4-6381d4f4cb06
0,db7aab50-273e-400e-b4ef-f3fc7fd4cbad,open,db7aab50-273e-400e-b4ef-f3fc7fd4cbad
0,7a85c314-de50-4a99-8ea6-e9a601baab12,open,7a85c314-de50-4a99-8ea6-e9a601baab12
0,e8665896-a0d0-4a77-86f3-9b118f92c0f4,open,e8665896-a0d0-4a77-86f3-9b118f92c0f4
0,1eb79fa2-5f92-40f7-b36f-8a9844ebedf1,open,1eb79fa2-5f92-40f7-b36f-8a9844ebedf1
0,2e2a1326-de6e-4369-a858-e1c5f55b6ad9,open,2e2a1326-de6e-4369-a858-e1c5f55b6ad9
0,0ebdafd5-54fe-4804-a060-a5a659b6e53d,open,0ebdafd5-54fe-4804-a060-a5a659b6e53d
0,615241cf-677d-4dd6-9489-457fd8f7273e,open,615241cf-677d-4dd6-9489-457fd8f7273e
0,02bb35be-2058-4d7a-9c65-7a4b284434c3,open,02bb35be-2058-4d7a-9c65-7a4b284434c3
0,47a0bf70-651b-4ba8-ab27-f33dee79381e,open,47a0bf70-651b-4ba8-ab27-f33dee79381e
0,46376721-49ae-4b62-8703-d10bf26523db,open,46376721-49ae-4b62-8703-d10bf26523db
0,cd47d2d8-609a-448c-bc0a-a3b140909ff6,open,cd47d2d8-609a-448c-bc0a-a3b140909ff6
0,fb6049e7-0b59-4309-9445-aa2da2a65fbe,open,fb6049e7-0b59-4309-9445-aa2da2a65fbe
0,3e07818d-3953-402b-88da-09fc7566fd4e,open,3e07818d-3953-402b-88da-09fc7566fd4e
0,10b9ecba-dcb2-4f46-87ac-4cf5c7ee92f4,open,10b9ecba-dcb2-4f46-87ac-4cf5c7ee92f4
0,364cc43b-7323-4dd2-8f79-089b858fc0c3,open,364cc43b-7323-4dd2-8f79-089b858fc0c3
0,9e9223c2-ff65-4d52-8fc2-6e0a97a0bf7d,open,9e9223c2-ff65-4d52-8fc2-6e0a97a0bf7d
0,3c4ea0f3-27fb-4c22-a3a0-b78d8a6ffb6c,open,3c4ea0f3-27fb-4c22-a3a0-b78d8a6ffb6c
0,42e20b03-cc2a-40e2-ba66-d34ca7890b96,open,42e20b03-cc2a-40e2-ba66-d34ca7890b96
0,b229cf8a-84c9-4f5c-9958-dc5587387c77,open,b229cf8a-84c9-4f5c-9958-dc5587387c77
0,e7045d14-82cc-428d-adc0-acea6fb2b52f,open,e7045d14-82cc-428d-adc0-acea6fb2b52f
0,31fc25ed-044b-4044-b118-5a4c1eb51a88,open,31fc25ed-044b-4044-b118-5a4c1eb51a88
0,349525a2-e8af-4b5f-b069-1c49dffb9aa6,open,349525a2-e8af-4b5f-b069-1c49dffb9aa6
0,cb1f6556-324b-499a-8baf-2843a2c2ae00,open,cb1f6556-324b-499a-8baf-2843a2c2ae00
0,55017c47-82a5-463c-9fea-11e4c2082257,open,55017c47-82a5-463c-9fea-11e4c2082257
0,f7bdce43-53f0-4feb-8380-03e86a07ae7c,open,f7bdce43-53f0-4feb-8380-03e86a07ae7c
0,abb1a6c0-d5a7-4c1d-a1fd-dd874e99850e,open,abb1a6c0-d5a7-4c1d-a1fd-dd874e99850e
0,d23e3b45-f464-42a7-898f-788c7f4cb9f9,open,d23e3b45-f464-42a7-898f-788c7f4cb9f9
0,67945e18-5a8a-4c9f-a6a5-077b5a5d5645,open,67945e18-5a8a-4c9f-a6a5-077b5a5d5645
0,1b699a8c-300a-4943-a08b-233d7b2820f0,open,1b699a8c-300a-4943-a08b-233d7b2820f0
0,1183d712-40b2-4f1a-aec2-510e4a273a98,open,1183d712-40b2-4f1a-aec2-510e4a273a98
0,02037ba3-50d9-42a1-a38a-5b649a88f41d,open,02037ba3-50d9-42a1-a38a-5b649a88f41d
0,0d8521ac-68d5-4e6d-8d60-3a61679dd4a8,open,0d8521ac-68d5-4e6d-8d60-3a61679dd4a8
0,0e3cb794-a9fb-4cb3-a0b3-60c1abdd0925,open,0e3cb794-a9fb-4cb3-a0b3-60c1abdd0925
0,76fd2811-fa6b-49bd-9491-52778981b503,open,76fd2811-fa6b-49bd-9491-52778981b503
0,68be8575-fcec-49ec-bd73-40784fee66a3,open,68be8575-fcec-49ec-bd73-40784fee66a3
0,0796dfe7-74e2-4e5d-8cff-2f4e3ea1ad54,open,0796dfe7-74e2-4e5d-8cff-2f4e3ea1ad54
0,a68c9620-da70-4ccc-a338-76730f6ee852,open,a68c9620-da70-4ccc-a338-76730f6ee852
0,fc0ba185-2ecd-442b-90ec-1ac33d6fe104,open,fc0ba185-2ecd-442b-90ec-1ac33d6fe104
0,2979eabf-26a6-4130-9e64-b2ade1eb9e04,open,2979eabf-26a6-4130-9e64-b2ade1eb9e04
0,dd5516ea-5926-4485-ad6d-190ea6dcb8ea,open,dd5516ea-5926-4485-ad6d-190ea6dcb8ea
0,52c0b077-c5fa-436c-ae89-1ecde3873664,open,52c0b077-c5fa-436c-ae89-1ecde3873664
0,ecf7e872-7990-4d44-8dd3-13024a87488e,open,ecf7e872-7990-4d44-8dd3-13024a87488e
0,62cdb308-bae7-4c70-b6ab-0f5cdb512864,open,62cdb308-bae7-4c70-b6ab-0f5cdb512864
0,0bad578c-d6a6-43a6-a8dd-2110cd80e492,open,0bad578c-d6a6-43a6-a8dd-2110cd80e492
0,110081f8-d0ab-48dd-bc1d-bec9d6c42a0b,open,110081f8-d0ab-48dd-bc1d-bec9d6c42a0b
0,2151fe30-ce4e-43c8-a958-747ed249a1fc,open,2151fe30-ce4e-43c8-a958-747ed249a1fc
0,766407f2-6190-4be1-858d-fdb773ce88c5,open,766407f2-6190-4be1-858d-fdb773ce88c5
0,c18d4ce3-27ff-436f-b157-2c64461720f7,open,c18d4ce3-27ff-436f-b157-2c64461720f7
0,e073ba48-122d-4d83-9194-ad04de819261,open,e073ba48-122d-4d83-9194-ad04de819261
0,e56e5233-a6c2-4752-a141-f3a3b4fd47cb,open,e56e5233-a6c2-4752-a141-f3a3b4fd47cb
0,5591b4f4-ba18-4007-856f-a2fe1f99fa5d,open,5591b4f4-ba18-4007-856f-a2fe1f99fa5d
0,baceb7b3-9116-4dca-b459-666cf0e3b5c8,open,baceb7b3-9116-4dca-b459-666cf0e3b5c8
0,fca2d66b-f27d-4d1f-94f7-4d6eacd7b665,open,fca2d66b-f27d-4d1f-94f7-4d6eacd7b665
0,569972d5-19e2-4e7f-a3ac-609472adcf14,open,569972d5-19e2-4e7f-a3ac-609472adcf14
0,215c8576-32df-4c44-8ce5-eddb58dd4902,open,215c8576-32df-4c44-8ce5-eddb58dd4902
0,7c186343-4293-49d7-bc7f-1ced85b0c049,open,7c186343-4293-49d7-bc7f-1ced85b0c049
0,3768f446-a33e-4be1-a856-45c229dd042d,open,3768f446-a33e-4be1-a856-45c229dd042d
0,1195ec76-e05c-42e1-9553-49d6e2501130,open,1195ec76-e05c-42e1-9553-49d6e2501130
0,bc635922-35ec-4792-89f1-e7e562eb51fd,open,bc635922-35ec-4792-89f1-e7e562eb51fd
0,3d49bc53-731a-4b80-9165-792711b7ed0d,open,3d49bc53-731a-4b80-9165-792711b7ed0d
0,72189dda-989c-4ded-8e8a-4f7c5901c5e3,open,72189dda-989c-4ded-8e8a-4f7c5901c5e3
0,a7b7ab5e-859d-4f3c-885d-b955fe51b9d8,open,a7b7ab5e-859d-4f3c-885d-b955fe51b9d8
0,0fdc0b98-6950-4f58-9938-2233778a21d4,open,0fdc0b98-6950-4f58-9938-2233778a21d4
0,0df771bb-7c99-4e07-aa5c-8513ce5751e6,open,0df771bb-7c99-4e07-aa5c-8513ce5751e6
0,33f41ad6-ee02-429b-9f0b-db2b53842369,open,33f41ad6-ee02-429b-9f0b-db2b53842369
0,8edfb5a5-1f5d-4144-b852-4968e3723f96,open,8edfb5a5-1f5d-4144-b852-4968e3723f96
0,84e7e0e6-2918-4a22-bdc2-52d2edb20f5c,open,84e7e0e6-2918-4a22-bdc2-52d2edb20f5c
0,07bb075b-e205-477a-9967-1599fc47dadd,open,07bb075b-e205-477a-9967-1599fc47dadd
0,3763d523-f844-4fe7-870b-d8bef246973d,open,3763d523-f844-4fe7-870b-d8bef246973d
0,78ad7107-1e7c-48cc-b8a3-defe01e80c04,open,78ad7107-1e7c-48cc-b8a3-defe01e80c04
0,a411dfef-fd7d-48e3-80bf-21d23bdfeaf6,open,a411dfef-fd7d-48e3-80bf-21d23bdfeaf6
0,d9417820-8563-46a6-91ae-d0a57ce44df3,open,d9417820-8563-46a6-91ae-d0a57ce44df3
0,75bb4041-e566-4c56-8c31-b049e032b4b4,open,75bb4041-e566-4c56-8c31-b049e032b4b4
0,b8dc14c5-5c8a-4481-9fcb-575be0937381,open,b8dc14c5-5c8a-4481-9fcb-575be0937381
0,ecc4ca49-a9a9-4d2a-99b3-18e9e79d4aa9,open,ecc4ca49-a9a9-4d2a-99b3-18e9e79d4aa9
0,aa320981-c4e4-4dfb-b8e6-45cfd46bc9d2,open,aa320981-c4e4-4dfb-b8e6-45cfd46bc9d2
0,7a9bc7cd-7ed4-48fa-8bf3-6e87085d6dc1,open,7a9bc7cd-7ed4-48fa-8bf3-6e87085d6dc1
0,b3cdbe85-138c-485c-9251-33bde031d7d5,open,b3cdbe85-138c-485c-9251-33bde031d7d5
0,4301a22d-38a2-4891-90ee-b934e38cfd6e,open,4301a22d-38a2-4891-90ee-b934e38cfd6e
0,1979cc14-a50c-48de-ba9b-1430cfd26e42,open,1979cc14-a50c-48de-ba9b-1430cfd26e42
0,f8b3f7a1-0748-4471-b3cc-fc94ecdd732b,open,f8b3f7a1-0748-4471-b3cc-fc94ecdd732b
0,9e0405d5-85f1-4ebc-96f7-e7dd452930aa,open,9e0405d5-85f1-4ebc-96f7-e7dd452930aa
0,490cd09b-6ace-4534-873b-f1df4e9ceafe,open,490cd09b-6ace-4534-873b-f1df4e9ceafe
0,5ca466cc-cf2b-40cf-a81e-060fd88eaa36,open,5ca466cc-cf2b-40cf-a81e-060fd88eaa36
0,b95f38e1-2e41-492c-8d8a-156450879a16,open,b95f38e1-2e41-492c-8d8a-156450879a16
0,971ffbb2-d707-45d0-b398-fc6a74eaa5f6,open,971ffbb2-d707-45d0-b398-fc6a74eaa5f6
0,30464cf5-f165-4e73-884e-d73fb73a7ff3,open,30464cf5-f165-4e73-884e-d73fb73a7ff3
0,bb60528b-868e-4495-9e9e-b72b0e5b1eba,open,bb60528b-868e-4495-9e9e-b72b0e5b1eba
0,2f882c89-0905-4fef-bdfa-165288d3d22e,open,2f882c89-0905-4fef-bdfa-165288d3d22e
0,29f8969b-1275-42f3-a628-6c4ab4f5bcee,open,29f8969b-1275-42f3-a628-6c4ab4f5bcee
0,1ebe1366-2aab-48c9-af04-1815bcca00bc,open,1ebe1366-2aab-48c9-af04-1815bcca00bc
0,0cf7a558-988a-4015-94a9-71bb4eaa0020,open,0cf7a558-988a-4015-94a9-71bb4eaa0020
0,ca9e6e0e-b246-48f4-ba04-fcaf424d2d80,open,ca9e6e0e-b246-48f4-ba04-fcaf424d2d80
0,bc5065f6-f1cc-4c2b-aec6-86fc1e6f1298,open,bc5065f6-f1cc-4c2b-aec6-86fc1e6f1298
0,e06bcbc1-4d1d-4c8b-91e0-fe481152ac8a,open,e06bcbc1-4d1d-4c8b-91e0-fe481152ac8a
0,1faf9aa3-5195-4aa5-ae29-f67e49e7e70c,open,1faf9aa3-5195-4aa5-ae29-f67e49e7e70c
0,520d312e-649b-4155-a723-9ba70779ec4d,open,520d312e-649b-4155-a723-9ba70779ec4d
0,d6ee142d-de7f-4326-bd17-46333f591b00,open,d6ee142d-de7f-4326-bd17-46333f591b00
0,38aee6fa-ecdc-4a79-ad44-19b847812bf6,open,38aee6fa-ecdc-4a79-ad44-19b847812bf6
0,5f627a61-599d-4418-8dd5-9d15e2353c9c,open,5f627a61-599d-4418-8dd5-9d15e2353c9c
0,e2442d2f-ce97-4286-a369-c791a5dd71d3,open,e2442d2f-ce97-4286-a369-c791a5dd71d3
0,4ec623f2-79eb-441a-9d85-f9443acafc17,open,4ec623f2-79eb-441a-9d85-f9443acafc17
0,6a6da0ea-786b-4e65-9ed5-9b63f010a30a,open,6a6da0ea-786b-4e65-9ed5-9b63f010a30a
0,c6935b0c-80d4-40f4-bd86-45068c27b1f1,open,c6935b0c-80d4-40f4-bd86-45068c27b1f1
0,c09aa466-5cad-4cb7-80f8-db3cac221e35,open,c09aa466-5cad-4cb7-80f8-db3cac221e35
0,c586a394-2042-40da-9d59-1691af76ea96,open,c586a394-2042-40da-9d59-1691af76ea96
0,d5a2a5e6-029c-4b37-9749-91479938f28b,open,d5a2a5e6-029c-4b37-9749-91479938f28b
0,ebfcfdfb-c166-4843-bb68-e983dc9abe06,open,ebfcfdfb-c166-4843-bb68-e983dc9abe06
0,a7aab273-bff3-4ca8-b360-c4136a70b86b,open,a7aab273-bff3-4ca8-b360-c4136a70b86b
0,b156fe43-acb3-42d6-90f1-c42cd71366ad,open,b156fe43-acb3-42d6-90f1-c42cd71366ad
0,6ce048e2-1df4-41db-9c28-fa2adb9a2114,open,6ce048e2-1df4-41db-9c28-fa2adb9a2114
0,52e688ea-db15-4b17-a61d-d48120ba1aab,open,52e688ea-db15-4b17-a61d-d48120ba1aab
0,d7e53684-49a9-4742-99d5-fe99788b7a89,open,d7e53684-49a9-4742-99d5-fe99788b7a89
0,ea498404-2615-4da7-a445-5982abe00aba,open,ea498404-2615-4da7-a445-5982abe00aba
0,e0396b24-7344-4d7c-97a9-ea7d51477e98,open,e0396b24-7344-4d7c-97a9-ea7d51477e98
0,3e430cc4-7c5b-4e45-a0e5-16f102783b0f,open,3e430cc4-7c5b-4e45-a0e5-16f102783b0f
0,3e288045-0738-4f57-be4c-50243b856431,open,3e288045-0738-4f57-be4c-50243b856431
0,040ed1a3-cea3-4309-9c8d-ce8562118cb1,open,040ed1a3-cea3-4309-9c8d-ce8562118cb1
0,efd3635b-00e0-48eb-a7f1-4ed1834cf341,open,efd3635b-00e0-48eb-a7f1-4ed1834cf341
0,8aad5b2e-b6fe-4f71-ba95-bd03e4354aaf,open,8aad5b2e-b6fe-4f71-ba95-bd03e4354aaf
0,98410ba6-2206-4030-a768-78e696fa1e6c,open,98410ba6-2206-4030-a768-78e696fa1e6c
0,8dc660ad-63ab-4f4e-a8df-3e8923e7bbd2,open,8dc660ad-63ab-4f4e-a8df-3e8923e7bbd2
0,17a8fb51-8ea9-43d2-b4e1-a3cb8a4eeef9,open,17a8fb51-8ea9-43d2-b4e1-a3cb8a4eeef9
0,df2e9414-1468-4009-8dcc-5917a7e6decb,open,df2e9414-1468-4009-8dcc-5917a7e6decb
0,36c2e3ee-80e4-412f-a5e9-e8595aa876b6,open,36c2e3ee-80e4-412f-a5e9-e8595aa876b6
0,f2939247-ca3d-4633-92c5-bf5c0d0c808b,open,f2939247-ca3d-4633-92c5-bf5c0d0c808b
0,11225369-6497-4291-926e-4357334cc142,open,11225369-6497-4291-926e-4357334cc142
0,b6452d83-331d-4529-b4ba-e68ff36a8e23,open,b6452d83-331d-4529-b4ba-e68ff36a8e23
0,56508d59-8054-4ec4-aa73-c5d80052c592,open,56508d59-8054-4ec4-aa73-c5d80052c592
0,9b3002dd-937c-4517-b442-bac7ac6aa5d3,open,9b3002dd-937c-4517-b442-bac7ac6aa5d3
0,ff939f53-f848-410b-bb22-8c444ddd6a46,open,ff939f53-f848-410b-bb22-8c444ddd6a46
0,e2e526e2-66f8-429b-93a5-156b05368940,open,e2e526e2-66f8-429b-93a5-156b05368940
0,6cfd493e-9343-463a-ba9f-4305022c8150,open,6cfd493e-9343-463a-ba9f-4305022c8150
0,220fdc7a-e14a-44ad-bfc1-0363da63515b,open,220fdc7a-e14a-44ad-bfc1-0363da63515b
0,bd08e077-1618-4971-9fe7-fd00deeff9ad,open,bd08e077-1618-4971-9fe7-fd00deeff9ad
0,ea442800-819e-4c60-9b53-3438217cb8b2,open,ea442800-819e-4c60-9b53-3438217cb8b2
0,e72bfd61-d7b0-4db1-aaf2-47b07a5f3e3f,open,e72bfd61-d7b0-4db1-aaf2-47b07a5f3e3f
0,b39500ef-1fc8-4d4e-975a-032dc5a69713,open,b39500ef-1fc8-4d4e-975a-032dc5a69713
0,4b20cef5-ae98-4f85-b8bc-1015f913856d,open,4b20cef5-ae98-4f85-b8bc-1015f913856d
0,340041e1-dd48-41e2-b5e8-a1cdcb90c604,open,340041e1-dd48-41e2-b5e8-a1cdcb90c604
0,2a6ad77c-83c8-4200-a581-abb7e4b86db4,open,2a6ad77c-83c8-4200-a581-abb7e4b86db4
0,e6c9cb85-9a92-4a61-8a32-d756c3eb75fb,open,e6c9cb85-9a92-4a61-8a32-d756c3eb75fb
0,cf691be8-5d01-4200-8889-58741b4996f7,open,cf691be8-5d01-4200-8889-58741b4996f7
0,14c14335-ac46-4e2c-9799-234968ba6d33,open,14c14335-ac46-4e2c-9799-234968ba6d33
0,db566032-ba9c-4a8d-8095-2417b0cbd525,open,db566032-ba9c-4a8d-8095-2417b0cbd525
0,8af65aaf-d8e1-48ae-8117-532761b43dca,open,8af65aaf-d8e1-48ae-8117-532761b43dca
0,a154ec2c-0e69-4df8-b375-cbc0c784772f,open,a154ec2c-0e69-4df8-b375-cbc0c784772f
0,9e6335b0-9b73-4784-bc31-22a94b4e6c16,open,9e6335b0-9b73-4784-bc31-22a94b4e6c16
0,1f1ad68d-27d9-40a4-a4cd-2e4810d472cf,open,1f1ad68d-27d9-40a4-a4cd-2e4810d472cf
0,c305acdd-8bd9-4f9c-a44f-979c94cb125c,open,c305acdd-8bd9-4f9c-a44f-979c94cb125c
0,618c65b1-3c00-43e6-b5be-b595372e4797,open,618c65b1-3c00-43e6-b5be-b595372e4797
0,8a61d9b2-ae41-4fbd-b72c-aced2878a0e3,open,8a61d9b2-ae41-4fbd-b72c-aced2878a0e3
0,80b6b16d-ad56-449e-a574-7b203d66463f,open,80b6b16d-ad56-449e-a574-7b203d66463f
0,8659a76a-1911-49d9-b9e1-3b7f48f339c7,open,8659a76a-1911-49d9-b9e1-3b7f48f339c7
0,a97fc777-4de7-4586-93df-d68cbbe9805b,open,a97fc777-4de7-4586-93df-d68cbbe9805b
0,ec016b90-9e9c-49dc-91f4-c3631ff4cf7f,open,ec016b90-9e9c-49dc-91f4-c3631ff4cf7f
0,80635c24-c20b-4807-a0c5-924890e0b6bc,open,80635c24-c20b-4807-a0c5-924890e0b6bc
0,1c65a914-ff06-4103-835c-47e62ab74517,open,1c65a914-ff06-4103-835c-47e62ab74517
0,376628ce-2f61-4d57-bc89-01103510bfe9,open,376628ce-2f61-4d57-bc89-01103510bfe9
0,03b745ed-6c4e-453e-a162-3e29eda95c45,open,03b745ed-6c4e-453e-a162-3e29eda95c45
0,2bdcfec7-9721-4d0d-aa96-83cb5d70b050,open,2bdcfec7-9721-4d0d-aa96-83cb5d70b050
0,6efbb096-21f5-4237-a136-f7cb0416a0df,open,6efbb096-21f5-4237-a136-f7cb0416a0df
0,17682a82-6197-49db-837f-6ecafeb8dba8,open,17682a82-6197-49db-837f-6ecafeb8dba8
0,39ff4f42-edcf-48a7-a8d4-f7322e67f854,open,39ff4f42-edcf-48a7-a8d4-f7322e67f854
0,21384b7c-66e4-4819-91e9-978ebd8e81d4,open,21384b7c-66e4-4819-91e9-978ebd8e81d4
0,262779fc-5941-4843-9927-1c952ca6f59b,open,262779fc-5941-4843-9927-1c952ca6f59b
0,58511a94-eb92-4fc0-9a6c-efe25fc897ac,open,58511a94-eb92-4fc0-9a6c-efe25fc897ac
0,d46e48ce-b202-4c04-9ee3-03362b54780f,open,d46e48ce-b202-4c04-9ee3-03362b54780f
0,5404c6d7-2748-4b45-baba-66b75c7a58f6,open,5404c6d7-2748-4b45-baba-66b75c7a58f6
0,adfd3bb0-5532-4203-9c02-315c781406f0,open,adfd3bb0-5532-4203-9c02-315c781406f0
0,500545dc-8623-49e0-82b4-34311d9faa90,open,500545dc-8623-49e0-82b4-34311d9faa90
0,7307546f-544b-4ec0-9e03-529c47067abf,open,7307546f-544b-4ec0-9e03-529c47067abf
0,2514d7e9-0c14-4cf2-a097-ebefd9e3a603,open,2514d7e9-0c14-4cf2-a097-ebefd9e3a603
0,0d8c1123-b180-43e5-8347-785ba2bc1a22,open,0d8c1123-b180-43e5-8347-785ba2bc1a22
0,4e56bc24-6c72-41fd-a315-0ff858dba1f8,open,4e56bc24-6c72-41fd-a315-0ff858dba1f8
0,afabe82c-a7a9-44b5-b293-67a900da57d5,open,afabe82c-a7a9-44b5-b293-67a900da57d5
0,67d59569-a743-4943-92eb-26df2207d4d5,open,67d59569-a743-4943-92eb-26df2207d4d5
0,288ea893-0cc4-45d1-990c-6c2031caa3b7,open,288ea893-0cc4-45d1-990c-6c2031caa3b7
0,0e01d2eb-7272-4b46-a91c-c16a3c1b6099,open,0e01d2eb-7272-4b46-a91c-c16a3c1b6099
0,7eb56c32-4991-4643-9e2e-9569c0cb0634,open,7eb56c32-4991-4643-9e2e-9569c0cb0634
0,30042952-439c-4f95-aa4f-1d735b92815d,open,30042952-439c-4f95-aa4f-1d735b92815d
0,d93a4797-d929-4d91-b7a9-cdbe5d062375,open,d93a4797-d929-4d91-b7a9-cdbe5d062375
0,45f5f3ff-d359-46c8-8ade-e6fdefbd3140,open,45f5f3ff-d359-46c8-8ade-e6fdefbd3140
0,6edbc897-4284-4c75-8941-297933c7b7bd,open,6edbc897-4284-4c75-8941-297933c7b7bd
0,829e82e6-30c6-4f47-82eb-f644557709ed,open,829e82e6-30c6-4f47-82eb-f644557709ed
0,8cd7f7b8-cb1b-4357-837f-bc8e0a51870c,open,8cd7f7b8-cb1b-4357-837f-bc8e0a51870c
0,8e20a69e-c415-4eec-8f2c-a64659c36b27,open,8e20a69e-c415-4eec-8f2c-a64659c36b27
0,a38e7aaa-00db-4d9a-a4db-b1b058bdec8f,open,a38e7aaa-00db-4d9a-a4db-b1b058bdec8f
0,b678cf4a-98aa-4f19-850a-46f62fd8f87b,open,b678cf4a-98aa-4f19-850a-46f62fd8f87b
0,7aafad80-f5e0-4dd2-95aa-274d77807dad,open,7aafad80-f5e0-4dd2-95aa-274d77807dad
0,9a102201-6d19-4985-9543-81aa19976c76,open,9a102201-6d19-4985-9543-81aa19976c76
0,e4dbc1f5-1dc2-450b-a1c6-2218d3f5cb74,open,e4dbc1f5-1dc2-450b-a1c6-2218d3f5cb74
0,9a207d81-f72b-4126-b144-d3e7972ca637,open,9a207d81-f72b-4126-b144-d3e7972ca637
0,286787d3-f0ba-4d9f-8571-52a3207fcefa,open,286787d3-f0ba-4d9f-8571-52a3207fcefa
0,30aa7553-8769-4a86-aeb6-d5a851ec6513,open,30aa7553-8769-4a86-aeb6-d5a851ec6513
0,2fd63905-6894-4685-b5bf-a1c8af6dde97,open,2fd63905-6894-4685-b5bf-a1c8af6dde97
0,37b00328-06e5-48ed-8e02-6564d39574c4,open,37b00328-06e5-48ed-8e02-6564d39574c4
0,24f7d4d7-6e5c-499c-807a-74b3338d612f,open,24f7d4d7-6e5c-499c-807a-74b3338d612f
0,f7a6ec46-8e86-4382-bf2c-13fe68470f42,open,f7a6ec46-8e86-4382-bf2c-13fe68470f42
0,42f6cf78-a4e7-4ecb-bb91-1fb37f54980a,open,42f6cf78-a4e7-4ecb-bb91-1fb37f54980a
0,371059c6-5b95-4fd4-8f7d-25c47291c511,open,371059c6-5b95-4fd4-8f7d-25c47291c511
0,1c12db5d-8027-44a3-a12a-77af9b61db50,open,1c12db5d-8027-44a3-a12a-77af9b61db50
0,3af0043e-c94c-4196-8e43-78f4b5e2d0bf,open,3af0043e-c94c-4196-8e43-78f4b5e2d0bf
0,f565ad69-e63c-4af4-a2a1-1e84f8b651b9,open,f565ad69-e63c-4af4-a2a1-1e84f8b651b9
0,8c81b2fb-8d27-4e5c-b021-186caed49d3c,open,8c81b2fb-8d27-4e5c-b021-186caed49d3c
0,a57dee62-b559-4d71-bb83-b70abf1af027,open,a57dee62-b559-4d71-bb83-b70abf1af027
0,c39d90e0-1d52-4475-937a-11ed5d60f059,open,c39d90e0-1d52-4475-937a-11ed5d60f059
0,22503c8a-ac15-471d-813e-3218cd78a109,open,22503c8a-ac15-471d-813e-3218cd78a109
0,bcecfabf-3df0-45c8-88be-46b6a29ec49b,open,bcecfabf-3df0-45c8-88be-46b6a29ec49b
0,f18fd7d4-2466-4033-92cb-80095aa016b9,open,f18fd7d4-2466-4033-92cb-80095aa016b9
0,184c94e7-428e-46c1-bf01-b7f859815d46,open,184c94e7-428e-46c1-bf01-b7f859815d46
0,217721f6-68ff-45bd-8f68-7c745237fbdb,open,217721f6-68ff-45bd-8f68-7c745237fbdb
0,a66baeb7-4009-4dae-9811-47382454bf3d,open,a66baeb7-4009-4dae-9811-47382454bf3d
0,3f82d715-ca96-4c9d-83a0-23154c939ab4,open,3f82d715-ca96-4c9d-83a0-23154c939ab4
0,cd42e49c-e36c-41db-8f19-9af455188e7c,open,cd42e49c-e36c-41db-8f19-9af455188e7c
0,0c73ca7c-6a32-4b34-9b56-f23c141195b5,open,0c73ca7c-6a32-4b34-9b56-f23c141195b5
0,44adb774-21dc-4be5-9b1d-309a1c1a808b,open,44adb774-21dc-4be5-9b1d-309a1c1a808b
0,dd3d5956-e6a3-45b3-9d1f-9d95e91abba2,open,dd3d5956-e6a3-45b3-9d1f-9d95e91abba2
0,bfffb684-2612-471e-bc6d-a0476c9dc5e9,open,bfffb684-2612-471e-bc6d-a0476c9dc5e9
0,2f898109-56e2-4d3a-b0ff-8914f16c591b,open,2f898109-56e2-4d3a-b0ff-8914f16c591b
0,d2ee9227-7a61-45a6-90fa-4878c922f2a8,open,d2ee9227-7a61-45a6-90fa-4878c922f2a8
0,b49637d2-c4aa-4a0a-af17-ec4e9754713a,open,b49637d2-c4aa-4a0a-af17-ec4e9754713a
0,e94b7080-b473-44a9-ad8a-3857d34f6ffa,open,e94b7080-b473-44a9-ad8a-3857d34f6ffa
0,0c96120a-fb09-4f67-8e9d-67f2893190d2,open,0c96120a-fb09-4f67-8e9d-67f2893190d2
0,575619f7-c038-4307-b29d-ff50e702706f,open,575619f7-c038-4307-b29d-ff50e702706f
0,54a8ae63-28eb-4d47-bb3b-823ec2d2ee58,open,54a8ae63-28eb-4d47-bb3b-823ec2d2ee58
0,6282983d-896f-4362-9e45-c8c2e7fcfee8,open,6282983d-896f-4362-9e45-c8c2e7fcfee8
0,91fa8276-f5b0-4359-b678-1a134a5e0184,open,91fa8276-f5b0-4359-b678-1a134a5e0184
0,7be422cd-bef7-4ad3-9d02-02ec0d6d5322,open,7be422cd-bef7-4ad3-9d02-02ec0d6d5322
0,7df998a6-8e19-4e96-80b9-5c6108d98817,open,7df998a6-8e19-4e96-80b9-5c6108d98817
0,b11dc0eb-5a55-4c4f-a86c-9bf60ca7c469,open,b11dc0eb-5a55-4c4f-a86c-9bf60ca7c469
0,53cdd964-37be-435d-a554-19aa17b81b2d,open,53cdd964-37be-435d-a554-19aa17b81b2d
0,54993be2-9e2c-4779-9ebb-8c251b9527e7,open,54993be2-9e2c-4779-9ebb-8c251b9527e7
0,91230092-9333-41ca-8967-d768f3bd4eae,open,91230092-9333-41ca-8967-d768f3bd4eae
0,6b6f7385-77d0-41e9-a3ea-139f303cdbe2,open,6b6f7385-77d0-41e9-a3ea-139f303cdbe2
0,61765a6e-3a1e-481e-9687-6bb8dee944ab,open,61765a6e-3a1e-481e-9687-6bb8dee944ab
0,ba99b701-e4f2-4dbb-b98c-ca61c3d3e861,open,ba99b701-e4f2-4dbb-b98c-ca61c3d3e861
0,35745635-e234-4375-aadf-942ca5405bb5,open,35745635-e234-4375-aadf-942ca5405bb5
0,88537ceb-8694-4c8b-827d-396026ec9d13,open,88537ceb-8694-4c8b-827d-396026ec9d13
0,b2530a83-c9fa-4069-acb1-e96ee99738fa,open,b2530a83-c9fa-4069-acb1-e96ee99738fa
0,7af38890-6f51-47a8-887f-ef2326884343,open,7af38890-6f51-47a8-887f-ef2326884343
0,1080897c-64b4-441c-90b1-a77bcea680ca,open,1080897c-64b4-441c-90b1-a77bcea680ca
0,5f18f61c-c05b-431d-8002-7fe11d902547,open,5f18f61c-c05b-431d-8002-7fe11d902547
0,e683256f-63dc-4bf8-880a-26cff0521b7a,open,e683256f-63dc-4bf8-880a-26cff0521b7a
0,9f67a781-b38a-4c02-b9f3-937478dc3e99,open,9f67a781-b38a-4c02-b9f3-937478dc3e99
0,6acb6747-f02e-4555-a93f-a3d4fd7d11e6,open,6acb6747-f02e-4555-a93f-a3d4fd7d11e6
0,7baa959c-3ff0-4638-a018-64a0fe86209e,open,7baa959c-3ff0-4638-a018-64a0fe86209e
0,ac5b1477-c78b-4e5a-a351-8b2fbd1efe9a,open,ac5b1477-c78b-4e5a-a351-8b2fbd1efe9a
0,f071e922-8229-413b-8c8f-d6e1573e9823,open,f071e922-8229-413b-8c8f-d6e1573e9823
0,7d9b0804-4fb5-4837-896d-50c6bceee2fe,open,7d9b0804-4fb5-4837-896d-50c6bceee2fe
0,5fa6acfa-48bd-4f6c-a3e4-016d81481d6b,open,5fa6acfa-48bd-4f6c-a3e4-016d81481d6b
0,501a9e96-3e78-4d5c-a997-6ad9e35fa395,open,501a9e96-3e78-4d5c-a997-6ad9e35fa395
0,8c84e99a-c853-4cb6-8b7f-8293d174f515,open,8c84e99a-c853-4cb6-8b7f-8293d174f515
0,8fefc57d-befd-43b0-a715-7787bad9220e,open,8fefc57d-befd-43b0-a715-7787bad9220e
0,ca962e34-3e47-4f37-9024-9c46215b43cb,open,ca962e34-3e47-4f37-9024-9c46215b43cb
0,239b35a7-e46c-4538-a6e7-f51852f85be0,open,239b35a7-e46c-4538-a6e7-f51852f85be0
0,2b4f6c7f-3863-49f3-b506-0fb767a0bf13,open,2b4f6c7f-3863-49f3-b506-0fb767a0bf13
0,99537e40-48ec-4c9f-ad5c-9caa40baaf97,open,99537e40-48ec-4c9f-ad5c-9caa40baaf97
0,a96f4330-bdd4-490b-9f89-fa5dd49c299a,open,a96f4330-bdd4-490b-9f89-fa5dd49c299a
0,7f4d4dae-9e8f-46fc-910b-055775181b06,open,7f4d4dae-9e8f-46fc-910b-055775181b06
0,948748e2-b687-4493-a830-1f7756a714c2,open,948748e2-b687-4493-a830-1f7756a714c2
0,2697969f-1623-463a-b59c-c5c65eaa4cd1,open,2697969f-1623-463a-b59c-c5c65eaa4cd1
0,eed837f6-789b-4531-aea9-2912f54be121,open,eed837f6-789b-4531-aea9-2912f54be121
0,445b6eec-357f-4315-b82c-f197d5ae0676,open,445b6eec-357f-4315-b82c-f197d5ae0676
0,7ecc8615-7812-41a4-9c07-72b92d233b61,open,7ecc8615-7812-41a4-9c07-72b92d233b61
0,660642e9-9ac6-4917-9365-afccc84ba68f,open,660642e9-9ac6-4917-9365-afccc84ba68f
0,226ef0ee-0ace-4a12-bc8d-0d1e5e181397,open,226ef0ee-0ace-4a12-bc8d-0d1e5e181397
0,d9cc9720-c0c1-492a-8ff7-9ca823322f55,open,d9cc9720-c0c1-492a-8ff7-9ca823322f55
0,92a2239a-c588-41ed-8c02-c69a795f12c1,open,92a2239a-c588-41ed-8c02-c69a795f12c1
0,e983139b-f9af-4bbb-ba26-2e5883dc134c,open,e983139b-f9af-4bbb-ba26-2e5883dc134c
0,4367c599-dd72-435b-bf33-c650c3026081,open,4367c599-dd72-435b-bf33-c650c3026081
0,355c83ac-f74f-45e3-9195-0fa5a7b6cfac,open,355c83ac-f74f-45e3-9195-0fa5a7b6cfac
0,cebd4552-eb13-4611-b94f-ace0ef51e9c7,open,cebd4552-eb13-4611-b94f-ace0ef51e9c7
0,7432b368-411a-4e7a-a764-3a4a0b641821,open,7432b368-411a-4e7a-a764-3a4a0b641821
0,2994316d-16e4-4acb-af4f-5164bf3b0e5e,open,2994316d-16e4-4acb-af4f-5164bf3b0e5e
0,625b7773-20d6-45f2-af16-325dd307b2dc,open,625b7773-20d6-45f2-af16-325dd307b2dc
0,0e3b3e28-6990-49f7-9aae-05bb68d161dd,open,0e3b3e28-6990-49f7-9aae-05bb68d161dd
0,ea245b2d-a1c1-4727-85d7-bd317f1f9276,open,ea245b2d-a1c1-4727-85d7-bd317f1f9276
0,8d541768-bf28-45d9-b603-1b3b08f32d0b,open,8d541768-bf28-45d9-b603-1b3b08f32d0b
0,f0756d82-e1c2-4f0d-b943-0c4116d0c1a0,open,f0756d82-e1c2-4f0d-b943-0c4116d0c1a0
0,a6059537-0017-4ff8-b6f6-d4307b96f1bc,open,a6059537-0017-4ff8-b6f6-d4307b96f1bc
0,2d35ce56-dc0c-4ac9-bd78-442750925814,open,2d35ce56-dc0c-4ac9-bd78-442750925814
0,feb9cf6b-5aef-4a31-b1b6-b808515d6c2a,open,feb9cf6b-5aef-4a31-b1b6-b808515d6c2a
0,aefc75e3-6b06-41cc-a9f9-5b299ac411dc,open,aefc75e3-6b06-41cc-a9f9-5b299ac411dc
0,79fa73d6-294d-4e07-bf3c-76a82eb1ee4a,open,79fa73d6-294d-4e07-bf3c-76a82eb1ee4a
0,beb186e2-f471-4455-9885-2a904a4ad1b0,open,beb186e2-f471-4455-9885-2a904a4ad1b0
0,64034df8-093f-43e1-a738-19de7fb01590,open,64034df8-093f-43e1-a738-19de7fb01590
0,940438eb-3bf0-401a-b69b-3cae18485128,open,940438eb-3bf0-401a-b69b-3cae18485128
0,49b1f12c-dd84-4066-aefe-44d7578fc25a,open,49b1f12c-dd84-4066-aefe-44d7578fc25a
0,b3f2cc2b-796d-4448-9978-bfae044bcf42,open,b3f2cc2b-796d-4448-9978-bfae044bcf42
0,72e90912-7b6a-46b3-a52d-74253a4d349a,open,72e90912-7b6a-46b3-a52d-74253a4d349a
0,56ac8d7a-94ca-4a61-911c-9261ee896d53,open,56ac8d7a-94ca-4a61-911c-9261ee896d53
0,f3f25977-2a5f-41f7-87a1-12596ddfdb0a,open,f3f25977-2a5f-41f7-87a1-12596ddfdb0a
0,56b8b6fe-54ef-46e7-aec9-df4374a314a9,open,56b8b6fe-54ef-46e7-aec9-df4374a314a9
0,c8cfbd79-6c13-466b-9737-893555f05b0e,open,c8cfbd79-6c13-466b-9737-893555f05b0e
0,65ec4434-2001-4971-ace9-6efca10c0090,open,65ec4434-2001-4971-ace9-6efca10c0090
0,e1eadb57-20db-4615-8cc4-8d7ed1244c6e,open,e1eadb57-20db-4615-8cc4-8d7ed1244c6e
0,cc9a009a-1b8c-40fa-85c3-fe1e6b790da6,open,cc9a009a-1b8c-40fa-85c3-fe1e6b790da6
0,2c2df6ae-2346-4234-a19b-270b5284d163,open,2c2df6ae-2346-4234-a19b-270b5284d163
0,11eb731c-1e94-44df-9d22-e65c35b79225,open,11eb731c-1e94-44df-9d22-e65c35b79225
0,44ab3da2-9c0c-433f-b789-da0653f9bc37,open,44ab3da2-9c0c-433f-b789-da0653f9bc37
0,9da024e7-5cfa-4b8d-bbd0-111e06db00d4,open,9da024e7-5cfa-4b8d-bbd0-111e06db00d4
0,bcaf79ba-9c1e-46f0-a0c5-d89d96e4a55a,open,bcaf79ba-9c1e-46f0-a0c5-d89d96e4a55a
0,04371c35-afa9-488e-b366-110d585eca99,open,04371c35-afa9-488e-b366-110d585eca99
0,f0525df7-6695-4180-9f24-e1c6b8fbe68b,open,f0525df7-6695-4180-9f24-e1c6b8fbe68b
0,c5945043-923c-43b7-8f06-dcd3207f8454,open,c5945043-923c-43b7-8f06-dcd3207f8454
0,09281206-e100-47dd-a225-fbd603d1ee6d,open,09281206-e100-47dd-a225-fbd603d1ee6d
0,fe5e96bb-a848-4062-b023-19b59be2ac21,open,fe5e96bb-a848-4062-b023-19b59be2ac21
0,fcc63cc7-1dc3-40cb-ab73-394abdc27b32,open,fcc63cc7-1dc3-40cb-ab73-394abdc27b32
0,3065f9b5-8730-4ec1-9727-870249ed1022,open,3065f9b5-8730-4ec1-9727-870249ed1022
0,e1032a58-d973-4ff1-9b93-5fd5608e5c53,open,e1032a58-d973-4ff1-9b93-5fd5608e5c53
0,d530233e-1113-4888-86ad-480b43506b37,open,d530233e-1113-4888-86ad-480b43506b37
0,bb02fd69-ca51-468e-83f6-4f619c53e427,open,bb02fd69-ca51-468e-83f6-4f619c53e427
0,de00f228-704e-481d-976b-8cff6458dc6a,open,de00f228-704e-481d-976b-8cff6458dc6a
0,2af2a4f5-5783-47d1-b6c1-f9c2d57ab86a,open,2af2a4f5-5783-47d1-b6c1-f9c2d57ab86a
0,7cd14862-574a-4e92-88a4-3a959783efa4,open,7cd14862-574a-4e92-88a4-3a959783efa4
0,dcf2b07e-79b3-4425-8e19-74d3d72772e1,open,dcf2b07e-79b3-4425-8e19-74d3d72772e1
0,79391a06-3af1-4771-873d-f175bbd6d1b5,open,79391a06-3af1-4771-873d-f175bbd6d1b5
0,9cdc6be8-efd7-4439-b735-2689217920d9,open,9cdc6be8-efd7-4439-b735-2689217920d9
0,e76fc0cd-b80a-4ac7-aa06-bad3569e50f5,open,e76fc0cd-b80a-4ac7-aa06-bad3569e50f5
0,19dc84c9-d94a-488e-9602-278004359de2,open,19dc84c9-d94a-488e-9602-278004359de2
0,f09a1c40-1960-4c45-a467-b1f78b00fb73,open,f09a1c40-1960-4c45-a467-b1f78b00fb73
0,51f528ce-d3b8-4a47-8808-8fa85c644601,open,51f528ce-d3b8-4a47-8808-8fa85c644601
0,c607c87f-423b-47fc-888e-bec24444c62c,open,c607c87f-423b-47fc-888e-bec24444c62c
0,6db72b70-3b20-4cc4-b553-a72b19853652,open,6db72b70-3b20-4cc4-b553-a72b19853652
0,60ecb588-1180-4e50-a36e-2035da7a1513,open,60ecb588-1180-4e50-a36e-2035da7a1513
0,bc272b0b-af88-4fb0-90d6-5ed084887808,open,bc272b0b-af88-4fb0-90d6-5ed084887808
0,9de1f6df-ea33-4746-9ec7-07cf95139ba0,open,9de1f6df-ea33-4746-9ec7-07cf95139ba0
0,79a3e6ae-524f-4e73-b93b-97308e01750f,open,79a3e6ae-524f-4e73-b93b-97308e01750f
0,285de68d-ffb3-44cc-8b81-8ceee048b829,open,285de68d-ffb3-44cc-8b81-8ceee048b829
0,90c8c9a9-0592-441d-ac3a-7d29e73f6f29,open,90c8c9a9-0592-441d-ac3a-7d29e73f6f29
0,c7bdbfc7-584f-4326-ad51-d10ee536ea7e,open,c7bdbfc7-584f-4326-ad51-d10ee536ea7e
0,6831650d-31b3-4633-8925-96b08586af1d,open,6831650d-31b3-4633-8925-96b08586af1d
0,f08bf0ab-9601-49be-8c95-5271c4535ce3,open,f08bf0ab-9601-49be-8c95-5271c4535ce3
0,d5ebbb43-864c-44b5-9111-ddbd9e36fdd5,open,d5ebbb43-864c-44b5-9111-ddbd9e36fdd5
0,e6fe6b42-88e9-44dc-b34a-dc291ec7333b,open,e6fe6b42-88e9-44dc-b34a-dc291ec7333b
0,b4d1def6-2316-4e29-872c-acf06601007b,open,b4d1def6-2316-4e29-872c-acf06601007b
0,a5afcc3c-e27e-42ff-a9f6-9dcca7878b08,open,a5afcc3c-e27e-42ff-a9f6-9dcca7878b08
0,cec968e7-9eab-45fb-8ea9-5fbc4887867e,open,cec968e7-9eab-45fb-8ea9-5fbc4887867e
0,f98e60ab-8d58-4fc0-bd70-3f0eec41cc90,open,f98e60ab-8d58-4fc0-bd70-3f0eec41cc90
0,da4d330c-98cc-4ebb-ad28-e21ab50ce907,open,da4d330c-98cc-4ebb-ad28-e21ab50ce907
0,66c7eae2-1310-4dd8-9481-ee9f89821fa7,open,66c7eae2-1310-4dd8-9481-ee9f89821fa7
0,251ac37b-69a5-4866-ac5b-be853d5e4314,open,251ac37b-69a5-4866-ac5b-be853d5e4314
0,c56d82d2-d223-463a-8fa1-0eb3d56796f8,open,c56d82d2-d223-463a-8fa1-0eb3d56796f8
0,30beaef5-a55d-4e71-9be7-01c3515bb9b2,open,30beaef5-a55d-4e71-9be7-01c3515bb9b2
0,3121abae-fc8d-42bb-be90-1dc6866df2d0,open,3121abae-fc8d-42bb-be90-1dc6866df2d0
0,23553bf8-84a5-465b-a916-e31b3c517f50,open,23553bf8-84a5-465b-a916-e31b3c517f50
0,ec1b18ca-ea61-44f3-88fc-86248e9a0640,open,ec1b18ca-ea61-44f3-88fc-86248e9a0640
0,fbbb22f2-807f-48f9-9d1b-fdf03a95de95,open,fbbb22f2-807f-48f9-9d1b-fdf03a95de95
0,e66bd894-2005-4568-a9ad-6c9ec9589618,open,e66bd894-2005-4568-a9ad-6c9ec9589618
0,985cc5cd-d610-44e2-95b5-6844ccd67306,open,985cc5cd-d610-44e2-95b5-6844ccd67306
0,c74f65c9-d84d-4cd8-a092-de5dd554b27a,open,c74f65c9-d84d-4cd8-a092-de5dd554b27a
0,27b27f78-db38-4044-a71d-4969cef96207,open,27b27f78-db38-4044-a71d-4969cef96207
0,eedd737f-c36f-4bdb-b733-3ab3b78b4fd6,open,eedd737f-c36f-4bdb-b733-3ab3b78b4fd6
0,28dae5cd-ee98-49b0-91fe-db1b96bd9774,open,28dae5cd-ee98-49b0-91fe-db1b96bd9774
0,b19bda2c-d140-4b07-9383-355282538455,open,b19bda2c-d140-4b07-9383-355282538455
0,c1500983-7a0a-41be-8359-3bcb63ee0613,open,c1500983-7a0a-41be-8359-3bcb63ee0613
0,19ea1c8a-aa81-42c1-b115-8eecafedcd85,open,19ea1c8a-aa81-42c1-b115-8eecafedcd85
0,6d6fa4a7-e3ab-4383-9ef4-d0629565361a,open,6d6fa4a7-e3ab-4383-9ef4-d0629565361a
0,a3d030a7-9b57-48de-a156-3d3bccaaa840,open,a3d030a7-9b57-48de-a156-3d3bccaaa840
0,0f733afd-6a24-461a-859f-69b1d4255be9,open,0f733afd-6a24-461a-859f-69b1d4255be9
0,811c8650-c9c2-475a-837b-853ed4e74e9d,open,811c8650-c9c2-475a-837b-853ed4e74e9d
0,5004d58c-3fca-42a9-8d2a-6f7051199d37,open,5004d58c-3fca-42a9-8d2a-6f7051199d37
0,ff708fb2-73c0-4f98-9f7d-c97a61575489,open,ff708fb2-73c0-4f98-9f7d-c97a61575489
0,ccdc1ff1-4b73-44c1-98fd-0fe7b83ce78d,open,ccdc1ff1-4b73-44c1-98fd-0fe7b83ce78d
0,4b4712dc-50be-4f19-a975-eb2a8307b82a,open,4b4712dc-50be-4f19-a975-eb2a8307b82a
0,2eb44a70-b6a5-4d2a-a533-33943ca4607e,open,2eb44a70-b6a5-4d2a-a533-33943ca4607e
0,6fcbe955-82d1-4020-a607-4065fb222b28,open,6fcbe955-82d1-4020-a607-4065fb222b28
0,89ed6188-5cd0-4501-b5d9-2c8cf8eb49ab,open,89ed6188-5cd0-4501-b5d9-2c8cf8eb49ab
0,1688a963-e38d-4888-9da4-36cd6138c51c,open,1688a963-e38d-4888-9da4-36cd6138c51c
0,ac2b20e8-54cd-4d6a-aad7-579db51344ae,open,ac2b20e8-54cd-4d6a-aad7-579db51344ae
0,8d37fe20-73df-476e-bdc8-968363b398ba,open,8d37fe20-73df-476e-bdc8-968363b398ba
0,126d1d37-b59b-49be-a691-a68c77d0ca63,open,126d1d37-b59b-49be-a691-a68c77d0ca63
0,2284eeed-9c92-4c2b-bf5e-c45157c830e7,open,2284eeed-9c92-4c2b-bf5e-c45157c830e7
0,9dfd2580-4bdb-4a7d-86e9-2545b71b455a,open,9dfd2580-4bdb-4a7d-86e9-2545b71b455a
0,2cfe9651-fca3-40a3-a1c2-44ac8ca84ca2,open,2cfe9651-fca3-40a3-a1c2-44ac8ca84ca2
0,9db8b799-4b67-4934-8160-597b2faede4a,open,9db8b799-4b67-4934-8160-597b2faede4a
0,e18cfd77-966c-4e8c-b6b5-d64c04c04a8b,open,e18cfd77-966c-4e8c-b6b5-d64c04c04a8b
0,02bf7408-3a75-4715-b246-950aab9270af,open,02bf7408-3a75-4715-b246-950aab9270af
0,c2492ace-40b6-4333-8220-c4379bb74158,open,c2492ace-40b6-4333-8220-c4379bb74158
0,d57317c2-2353-4e9f-8953-ddd5a991fd87,open,d57317c2-2353-4e9f-8953-ddd5a991fd87
0,6c23e379-72d9-436c-abf2-135668015bb3,open,6c23e379-72d9-436c-abf2-135668015bb3
0,f930fdf6-2bc0-43d7-9b25-5a83209a9e51,open,f930fdf6-2bc0-43d7-9b25-5a83209a9e51
0,8879d479-43d8-4d99-bfd2-22f3c8c02430,open,8879d479-43d8-4d99-bfd2-22f3c8c02430
0,5085f836-0974-4975-b70d-7f1bf25327c6,open,5085f836-0974-4975-b70d-7f1bf25327c6
0,6db88c19-f861-432b-b0fe-7550d6073170,open,6db88c19-f861-432b-b0fe-7550d6073170
0,1ddad402-0f67-4b62-a687-a8ba32450830,open,1ddad402-0f67-4b62-a687-a8ba32450830
0,40b11e8c-b093-44f4-b2e6-571b9005366e,open,40b11e8c-b093-44f4-b2e6-571b9005366e
0,e4cca964-48d9-483b-9012-7c1777a4781f,open,e4cca964-48d9-483b-9012-7c1777a4781f
0,94938b6e-3c91-4a97-9b44-eba979d4f2ba,open,94938b6e-3c91-4a97-9b44-eba979d4f2ba
0,e2754572-cba8-4a82-a840-c0ee631ff77c,open,e2754572-cba8-4a82-a840-c0ee631ff77c
0,763a872d-d42c-4f31-90ff-90f08cebcb49,open,763a872d-d42c-4f31-90ff-90f08cebcb49
0,d9341a54-cf5e-4d0d-a51d-d784ba5fa902,open,d9341a54-cf5e-4d0d-a51d-d784ba5fa902
0,ede15e05-4c06-4e97-946d-50ae0799fd85,open,ede15e05-4c06-4e97-946d-50ae0799fd85
0,7ef8953e-3797-488d-a6f3-dfd080239ebf,open,7ef8953e-3797-488d-a6f3-dfd080239ebf
0,5c0118fb-2a2a-4538-acc6-3738848ced4b,open,5c0118fb-2a2a-4538-acc6-3738848ced4b
0,9fc26e87-bd0d-49d4-ad4a-7a1e2671db89,open,9fc26e87-bd0d-49d4-ad4a-7a1e2671db89
0,171304cd-47a8-4551-8c19-cb3dbfe0a1c1,open,171304cd-47a8-4551-8c19-cb3dbfe0a1c1
0,791480e0-5cee-4851-8981-77fa764b9565,open,791480e0-5cee-4851-8981-77fa764b9565
0,472954c6-32c2-4049-8c25-11aba98ab8f9,open,472954c6-32c2-4049-8c25-11aba98ab8f9
0,9b948567-8213-42c3-9129-f0580298739a,open,9b948567-8213-42c3-9129-f0580298739a
0,c2d516cf-676a-4ef6-8a67-ba670db0e280,open,c2d516cf-676a-4ef6-8a67-ba670db0e280
0,ddb269c6-1cce-41a8-975f-27a72709ddd3,open,ddb269c6-1cce-41a8-975f-27a72709ddd3
0,97f5dcde-6235-4c95-9001-e02152596150,open,97f5dcde-6235-4c95-9001-e02152596150
0,6a820781-b6ad-492d-973e-5ebdb8c00a52,open,6a820781-b6ad-492d-973e-5ebdb8c00a52
0,b60e1f12-1a76-43d4-b6da-fabf9f84bd35,open,b60e1f12-1a76-43d4-b6da-fabf9f84bd35
0,b987f41e-8f21-4169-8a61-a40c9c0c5a4e,open,b987f41e-8f21-4169-8a61-a40c9c0c5a4e
0,98fc1a4f-3099-4c87-b7d6-3094cafefeca,open,98fc1a4f-3099-4c87-b7d6-3094cafefeca
0,98b40bb7-748d-4a13-95e9-c3672ea74346,open,98b40bb7-748d-4a13-95e9-c3672ea74346
0,4db3ee1b-8ddf-4129-a6a3-5c22e1ab45b5,open,4db3ee1b-8ddf-4129-a6a3-5c22e1ab45b5
0,39e643ac-47a1-4f41-9128-2b4ed505956b,open,39e643ac-47a1-4f41-9128-2b4ed505956b
0,7b757b49-b15a-494a-8bcb-bc322293b86b,open,7b757b49-b15a-494a-8bcb-bc322293b86b
0,21ffef23-8aaa-4ec5-b8c0-fda51cdcec97,open,21ffef23-8aaa-4ec5-b8c0-fda51cdcec97
0,3be9614e-a97a-4980-80cf-881f037c002b,open,3be9614e-a97a-4980-80cf-881f037c002b
0,017c99cd-4c47-4c74-9adb-063ff0636b08,open,017c99cd-4c47-4c74-9adb-063ff0636b08
0,1889ac41-ce96-432a-aded-fb3664a93fa6,open,1889ac41-ce96-432a-aded-fb3664a93fa6
0,96abf3f7-6983-4218-9db9-593d71aeef06,open,96abf3f7-6983-4218-9db9-593d71aeef06
0,3aefc964-e8ea-4201-a7c3-dbbebdb1d887,open,3aefc964-e8ea-4201-a7c3-dbbebdb1d887
0,48f7c0b9-c1d8-4fd4-9bc1-55dbfa51a786,open,48f7c0b9-c1d8-4fd4-9bc1-55dbfa51a786
0,c9c07ece-125b-4091-8078-091a7e41b384,open,c9c07ece-125b-4091-8078-091a7e41b384
0,413ec8da-3c47-42e2-99f4-a6c8aefb3ccd,open,413ec8da-3c47-42e2-99f4-a6c8aefb3ccd
0,96bf931e-ab6b-4d37-ad38-9a03a05148ee,open,96bf931e-ab6b-4d37-ad38-9a03a05148ee
0,56ac0f4a-9740-4b2c-b170-8233ca42ee59,open,56ac0f4a-9740-4b2c-b170-8233ca42ee59
0,7db1ddfa-b4f5-4673-8549-f9d64a4adfe8,open,7db1ddfa-b4f5-4673-8549-f9d64a4adfe8
0,ec5ee02e-c046-48a4-9549-1d93b6f1f877,open,ec5ee02e-c046-48a4-9549-1d93b6f1f877
0,c9eac816-be84-4a62-ad50-e2e2769fd2ae,open,c9eac816-be84-4a62-ad50-e2e2769fd2ae
0,6a63a860-4efb-4e79-8544-09347c8aab10,open,6a63a860-4efb-4e79-8544-09347c8aab10
0,2f961ba5-2f3b-4b9f-9831-cf8069872cf6,open,2f961ba5-2f3b-4b9f-9831-cf8069872cf6
0,1e6a41da-5cf6-4050-988f-fd1e6cbcfeae,open,1e6a41da-5cf6-4050-988f-fd1e6cbcfeae
0,2967c62b-5df5-412c-bb54-077fa5b451c1,open,2967c62b-5df5-412c-bb54-077fa5b451c1
0,fcf5260f-f975-4f68-92dc-cfdda5fb37a3,open,fcf5260f-f975-4f68-92dc-cfdda5fb37a3
0,6f9b6a19-c235-4629-91b8-1aae3cc08f90,open,6f9b6a19-c235-4629-91b8-1aae3cc08f90
0,f037943e-6682-46ed-98e7-20dde0b533fe,open,f037943e-6682-46ed-98e7-20dde0b533fe
0,5d58498b-f897-490b-81bb-3b17b510d4bd,open,5d58498b-f897-490b-81bb-3b17b510d4bd
0,7af289b5-ba66-4401-b722-a140533db5b4,open,7af289b5-ba66-4401-b722-a140533db5b4
0,ec123727-9497-4031-8da9-1eaec3fef470,open,ec123727-9497-4031-8da9-1eaec3fef470
0,c8a79dfc-83ef-410d-a80d-87bbea89f5ba,open,c8a79dfc-83ef-410d-a80d-87bbea89f5ba
0,0d018a04-a50f-434e-8bdf-c94df5a7198d,open,0d018a04-a50f-434e-8bdf-c94df5a7198d
0,ad2b70b9-69c5-4624-87ee-e2d38a705dbb,open,ad2b70b9-69c5-4624-87ee-e2d38a705dbb
0,9daf45f6-a122-4630-a0eb-a928defa150a,open,9daf45f6-a122-4630-a0eb-a928defa150a
0,b948c08d-7063-412b-83df-0c8c2bcd27f4,open,b948c08d-7063-412b-83df-0c8c2bcd27f4
0,7fed5f96-687b-4319-80e4-61a20ad1a5f4,open,7fed5f96-687b-4319-80e4-61a20ad1a5f4
0,e41bd510-0f59-438a-8db2-cf6042032329,open,e41bd510-0f59-438a-8db2-cf6042032329
0,825001c0-fcc9-42d8-b1a2-c9cad27bbd24,open,825001c0-fcc9-42d8-b1a2-c9cad27bbd24
0,2df60b26-9217-4a14-aac0-c407c190bb96,open,2df60b26-9217-4a14-aac0-c407c190bb96
0,2cb5aeaa-558b-4a37-a275-30ad3df12468,open,2cb5aeaa-558b-4a37-a275-30ad3df12468
0,7dbd1a51-3b6c-47b9-a608-2a010e0149ca,open,7dbd1a51-3b6c-47b9-a608-2a010e0149ca
0,fc28383f-0da5-44f1-a9d3-307c2ebb2b50,open,fc28383f-0da5-44f1-a9d3-307c2ebb2b50
0,6ebe544c-527f-4f6b-aafd-158ee1cf319e,open,6ebe544c-527f-4f6b-aafd-158ee1cf319e
0,fd927c83-c804-4dad-8e1d-ab6797731f02,open,fd927c83-c804-4dad-8e1d-ab6797731f02
0,089d2698-1c0e-4181-b3d4-41e0335bc0d7,open,089d2698-1c0e-4181-b3d4-41e0335bc0d7
0,7cff3097-6cff-4bb8-a34b-27fb129652bb,open,7cff3097-6cff-4bb8-a34b-27fb129652bb
0,b32853de-371e-4fe5-89fe-4ad4ab0d5dad,open,b32853de-371e-4fe5-89fe-4ad4ab0d5dad
0,0eab6035-8c24-43fa-b97b-787d634baded,open,0eab6035-8c24-43fa-b97b-787d634baded
0,c20f667a-740b-49fd-8646-5e55432d10e1,open,c20f667a-740b-49fd-8646-5e55432d10e1
0,22a89970-ac4a-4bce-858e-2bb719c2990e,open,22a89970-ac4a-4bce-858e-2bb719c2990e
0,593bebaa-8ba4-4bc6-b65e-65785f8cb732,open,593bebaa-8ba4-4bc6-b65e-65785f8cb732
0,fb59fdd5-5a53-4fe7-821c-bb0cb712c90d,open,fb59fdd5-5a53-4fe7-821c-bb0cb712c90d
0,7e8325fe-a684-4709-a3c2-baa5f94ed120,open,7e8325fe-a684-4709-a3c2-baa5f94ed120
0,6d4ad0cc-ed9f-488b-af19-4d51c25c4452,open,6d4ad0cc-ed9f-488b-af19-4d51c25c4452
0,3dffb22b-ce7a-4009-8669-ce522d8268ad,open,3dffb22b-ce7a-4009-8669-ce522d8268ad
0,28a744f9-3ce6-41c9-9cd1-11b8f85a6f3e,open,28a744f9-3ce6-41c9-9cd1-11b8f85a6f3e
0,caf40ac4-dcb7-4dd6-a067-9226c32ecea5,open,caf40ac4-dcb7-4dd6-a067-9226c32ecea5
0,4f524b32-87ce-4766-9178-a1d3300fa864,open,4f524b32-87ce-4766-9178-a1d3300fa864
0,9d414f8c-dfa5-4767-b57d-838c83fa1325,open,9d414f8c-dfa5-4767-b57d-838c83fa1325
0,a759980d-1dab-49f2-bc99-90d444de1704,open,a759980d-1dab-49f2-bc99-90d444de1704
0,b9f4eaf4-e7f0-441f-a991-f2f35f076f44,open,b9f4eaf4-e7f0-441f-a991-f2f35f076f44
0,5fa4e51f-ecb5-4027-b4ac-6cd0af96c92a,open,5fa4e51f-ecb5-4027-b4ac-6cd0af96c92a
0,cfe74ab9-98da-4fbb-80cd-39583d2b48db,open,cfe74ab9-98da-4fbb-80cd-39583d2b48db
0,22e10b81-4027-421a-8b7c-f6b87bfd46fe,open,22e10b81-4027-421a-8b7c-f6b87bfd46fe
0,4922e672-4339-4569-9f4a-eec343145ed5,open,4922e672-4339-4569-9f4a-eec343145ed5
0,c58bd4b2-f8cb-44e7-a810-f71624b13991,open,c58bd4b2-f8cb-44e7-a810-f71624b13991
0,2050efe4-d9a3-4ce3-bf72-4c4376910f25,open,2050efe4-d9a3-4ce3-bf72-4c4376910f25
0,d3872c21-caca-4c29-abe5-904cd41bdb1b,open,d3872c21-caca-4c29-abe5-904cd41bdb1b
0,20ffad59-7061-4b2c-b807-9d5d2563dc9e,open,20ffad59-7061-4b2c-b807-9d5d2563dc9e
0,10f0d4c8-f516-4b42-9d63-761450734e1a,open,10f0d4c8-f516-4b42-9d63-761450734e1a
0,c36645a3-3b23-44c1-a171-86d864ebbada,open,c36645a3-3b23-44c1-a171-86d864ebbada
0,f12023a1-5301-4589-bc23-1b56230ca671,open,f12023a1-5301-4589-bc23-1b56230ca671
0,f358f2e6-b4ac-4998-98ff-432108806fc9,open,f358f2e6-b4ac-4998-98ff-432108806fc9
0,692aa40c-5378-47ef-9a38-e9d302416a09,open,692aa40c-5378-47ef-9a38-e9d302416a09
0,8182fd69-4d1d-419d-a4ba-438e19ca1ccb,open,8182fd69-4d1d-419d-a4ba-438e19ca1ccb
0,dadfc502-a4b5-47a7-8205-3594601aa375,open,dadfc502-a4b5-47a7-8205-3594601aa375
0,0706495f-e430-48b5-94c0-8b587e02b1d8,open,0706495f-e430-48b5-94c0-8b587e02b1d8
0,f6785413-a9d9-409e-a094-08c9e699b581,open,f6785413-a9d9-409e-a094-08c9e699b581
0,6f6376aa-ee2a-4a75-99eb-6aca6452c31a,open,6f6376aa-ee2a-4a75-99eb-6aca6452c31a
0,ed947495-a3c0-461e-85e3-4baf0a0cd898,open,ed947495-a3c0-461e-85e3-4baf0a0cd898
0,c88169ea-71d1-45de-b794-5d5a07860caf,open,c88169ea-71d1-45de-b794-5d5a07860caf
0,3a7c3aa9-29c9-471c-8637-1bcbf45d5af2,open,3a7c3aa9-29c9-471c-8637-1bcbf45d5af2
0,43ebcda3-fd4c-4abe-acbe-2282b659607e,open,43ebcda3-fd4c-4abe-acbe-2282b659607e
0,dd787bd6-d2eb-416d-a231-e9fb5d0a9a70,open,dd787bd6-d2eb-416d-a231-e9fb5d0a9a70
0,f7d9a501-20ad-4cd0-947a-b5b509592ec8,open,f7d9a501-20ad-4cd0-947a-b5b509592ec8
0,41a0ae81-96ab-4ee6-a12a-6b2bf51bbee0,open,41a0ae81-96ab-4ee6-a12a-6b2bf51bbee0
0,997cd6ac-81dc-40cd-aa48-c83a1078504a,open,997cd6ac-81dc-40cd-aa48-c83a1078504a
0,09c50da0-17c8-4408-843a-05686706315f,open,09c50da0-17c8-4408-843a-05686706315f
0,8fbb522b-6817-4a8e-810b-aba1503c128b,open,8fbb522b-6817-4a8e-810b-aba1503c128b
0,91c4e63e-ebe0-458a-ab79-59f6be77b54b,open,91c4e63e-ebe0-458a-ab79-59f6be77b54b
0,8db71e50-d077-4298-8cac-7f43444b947b,open,8db71e50-d077-4298-8cac-7f43444b947b
0,a9f00dc1-9b2f-4cd4-a8e4-7becf11ff2eb,open,a9f00dc1-9b2f-4cd4-a8e4-7becf11ff2eb
0,6cac35c2-b139-4957-8137-eb972069bd2a,open,6cac35c2-b139-4957-8137-eb972069bd2a
0,42f3e190-be48-45fc-82bf-75747d4c955f,open,42f3e190-be48-45fc-82bf-75747d4c955f
0,3a9a83f6-c57b-4cf5-9a3d-77cfe6972975,open,3a9a83f6-c57b-4cf5-9a3d-77cfe6972975
0,d8a8f07b-df8f-4d54-8559-611b5fbed9d1,open,d8a8f07b-df8f-4d54-8559-611b5fbed9d1
0,250d1e71-f1b2-4628-984e-d70b40bf508b,open,250d1e71-f1b2-4628-984e-d70b40bf508b
0,fd4644aa-009c-4e24-ad57-893bc4741db0,open,fd4644aa-009c-4e24-ad57-893bc4741db0
0,d8965797-99c5-47f3-a4f7-7fb5c46d6585,open,d8965797-99c5-47f3-a4f7-7fb5c46d6585
0,344290d1-ef31-4f42-9258-130b6c585c7f,open,344290d1-ef31-4f42-9258-130b6c585c7f
0,d09d6608-1dba-443c-beb0-ebb9e3c0e049,open,d09d6608-1dba-443c-beb0-ebb9e3c0e049
0,8706c90d-eb22-447a-9278-8a2a1f13d39f,open,8706c90d-eb22-447a-9278-8a2a1f13d39f
0,c9f6249e-4754-41df-a416-0eea8da88ed7,open,c9f6249e-4754-41df-a416-0eea8da88ed7
0,8491c00f-f2b4-4916-827c-972e3fca7ffe,open,8491c00f-f2b4-4916-827c-972e3fca7ffe
0,6971506e-d1ab-4392-93e1-34526b8b713b,open,6971506e-d1ab-4392-93e1-34526b8b713b
0,860e3415-61bc-4481-a676-9eeb015d28a1,open,860e3415-61bc-4481-a676-9eeb015d28a1
0,fa2206fe-1682-42fc-9741-4d81c58b609d,open,fa2206fe-1682-42fc-9741-4d81c58b609d
0,6069d88e-572f-45b7-8cfb-bf3431118522,open,6069d88e-572f-45b7-8cfb-bf3431118522
0,171f924c-ab18-4004-b118-879a031879d5,open,171f924c-ab18-4004-b118-879a031879d5
0,e190f216-27cd-40c9-baed-5c22e5486886,open,e190f216-27cd-40c9-baed-5c22e5486886
0,d5b3a491-d625-4526-bb70-a18df651b59a,open,d5b3a491-d625-4526-bb70-a18df651b59a
0,1e21a548-7209-40a3-a970-47304e192315,open,1e21a548-7209-40a3-a970-47304e192315
0,ba6c1712-019d-4f02-ba88-029c40a307ef,open,ba6c1712-019d-4f02-ba88-029c40a307ef
0,9ac226df-47f7-46f0-9e60-a93ae21a463d,open,9ac226df-47f7-46f0-9e60-a93ae21a463d
0,392c454a-a22f-4a29-8b96-6058d4408ac6,open,392c454a-a22f-4a29-8b96-6058d4408ac6
0,3bd5f126-6143-4fd1-8fd6-96b2a7ada149,open,3bd5f126-6143-4fd1-8fd6-96b2a7ada149
0,9a4b2ae7-163a-4157-b340-8a5807515b63,open,9a4b2ae7-163a-4157-b340-8a5807515b63
0,1db62340-3708-4f7d-beb9-0c6a7bf07663,open,1db62340-3708-4f7d-beb9-0c6a7bf07663
0,3a192475-aded-4a3b-858e-78107971a236,open,3a192475-aded-4a3b-858e-78107971a236
0,70a83f56-6f2e-4736-8edf-4e0d4b46ba35,open,70a83f56-6f2e-4736-8edf-4e0d4b46ba35
0,bf7adaf8-4d48-4ef7-8963-4b9da29db142,open,bf7adaf8-4d48-4ef7-8963-4b9da29db142
0,c77a9eb4-157c-45bb-b376-88b67497f910,open,c77a9eb4-157c-45bb-b376-88b67497f910
0,33591d6a-2408-40a8-a139-d952a1b33c04,open,33591d6a-2408-40a8-a139-d952a1b33c04
0,15ee395c-5c24-4cc8-898f-ef8403e7cfd5,open,15ee395c-5c24-4cc8-898f-ef8403e7cfd5
0,56add667-eb69-4c3c-bd4e-ef64ec7f145d,open,56add667-eb69-4c3c-bd4e-ef64ec7f145d
0,937bb66d-235d-46fd-b321-c46c909243cc,open,937bb66d-235d-46fd-b321-c46c909243cc
0,97dead04-627a-48b0-aa43-d56d07c64933,open,97dead04-627a-48b0-aa43-d56d07c64933
0,1ea069a6-c906-4b82-a265-38fe0a068cc4,open,1ea069a6-c906-4b82-a265-38fe0a068cc4
0,86bfd1df-6595-4b8a-b6e4-ef87a850185e,open,86bfd1df-6595-4b8a-b6e4-ef87a850185e
0,385be858-c9f9-41ff-9f0f-e60960e17917,open,385be858-c9f9-41ff-9f0f-e60960e17917
0,3f32243e-4cf2-4bef-8630-f598633a2bb3,open,3f32243e-4cf2-4bef-8630-f598633a2bb3
0,da4cb219-6083-4912-afe5-84b2a39f6d3b,open,da4cb219-6083-4912-afe5-84b2a39f6d3b
0,1ad433ea-25a3-46ce-91b4-744057b84807,open,1ad433ea-25a3-46ce-91b4-744057b84807
0,2f6b5f34-ff94-4db2-898b-7ffff67b63b9,open,2f6b5f34-ff94-4db2-898b-7ffff67b63b9
0,c27e8e90-2ab5-4cc6-aa29-77da64c9a0bb,open,c27e8e90-2ab5-4cc6-aa29-77da64c9a0bb
0,9f55d2eb-bcd6-4ff6-a9e3-6e7fc602c4cb,open,9f55d2eb-bcd6-4ff6-a9e3-6e7fc602c4cb
0,6984b085-3858-4b32-808d-a2e7b8dfc99b,open,6984b085-3858-4b32-808d-a2e7b8dfc99b
0,fd8eb4e3-6741-4bfc-8e7e-24bd4d68e059,open,fd8eb4e3-6741-4bfc-8e7e-24bd4d68e059
0,c9cdadd6-7029-404c-96f5-6e045e13ba43,open,c9cdadd6-7029-404c-96f5-6e045e13ba43
0,9f64ef8f-6828-4ae8-9e51-81d12041af61,open,9f64ef8f-6828-4ae8-9e51-81d12041af61
0,4b38d3d6-e5cf-45ef-882c-83093bec4e00,open,4b38d3d6-e5cf-45ef-882c-83093bec4e00
0,7e4cff89-b845-467b-bbad-dab9063143a7,open,7e4cff89-b845-467b-bbad-dab9063143a7
0,26123142-fa05-414c-848d-db206fb17c42,open,26123142-fa05-414c-848d-db206fb17c42
0,6a4da6b5-1fe3-42f1-b387-892b504e0d3c,open,6a4da6b5-1fe3-42f1-b387-892b504e0d3c
0,5d1279b3-d49e-4e61-b310-96bc51115627,open,5d1279b3-d49e-4e61-b310-96bc51115627
0,c05f22bb-06d9-4def-bca7-df742c17c04f,open,c05f22bb-06d9-4def-bca7-df742c17c04f
0,61691ba0-a72d-41cb-a11f-347724cc6cc5,open,61691ba0-a72d-41cb-a11f-347724cc6cc5
0,e32de187-ae89-473d-9bef-5b33649bb15b,open,e32de187-ae89-473d-9bef-5b33649bb15b
0,50a3ff47-4259-4aad-8841-2a4177feb44e,open,50a3ff47-4259-4aad-8841-2a4177feb44e
0,34f380d2-395a-4e5f-a68a-342d01163d3f,open,34f380d2-395a-4e5f-a68a-342d01163d3f
0,8492288f-be41-4c76-b8c6-7c6bc06f2d42,open,8492288f-be41-4c76-b8c6-7c6bc06f2d42
0,e3af387d-536b-4601-b5c8-0cc7055ccdac,open,e3af387d-536b-4601-b5c8-0cc7055ccdac
0,721124da-0f27-40fe-88b7-038809d51932,open,721124da-0f27-40fe-88b7-038809d51932
0,7d1d9d40-75b4-4f55-9402-2e4ea8b79396,open,7d1d9d40-75b4-4f55-9402-2e4ea8b79396
0,ff617b4d-2d8a-43fe-b96f-2f71a8322ffc,open,ff617b4d-2d8a-43fe-b96f-2f71a8322ffc
0,3a29247e-f701-42dc-a4b5-2f2aeabe0e26,open,3a29247e-f701-42dc-a4b5-2f2aeabe0e26
0,becdcea2-9d6f-48f7-a5c4-bade6b5c1ee2,open,becdcea2-9d6f-48f7-a5c4-bade6b5c1ee2
0,19a093a1-4e70-4665-bdb0-aa61773b4a99,open,19a093a1-4e70-4665-bdb0-aa61773b4a99
0,0514bc29-6d62-4eff-870b-889fd16a8f20,open,0514bc29-6d62-4eff-870b-889fd16a8f20
0,ad4d55c3-72ac-4864-b523-1dda08d3a2dd,open,ad4d55c3-72ac-4864-b523-1dda08d3a2dd
0,968b2fdb-2bbd-4e69-85c0-58464d517175,open,968b2fdb-2bbd-4e69-85c0-58464d517175
0,046905b2-d873-450d-abe8-e00c28b883a7,open,046905b2-d873-450d-abe8-e00c28b883a7
0,a2764516-93c2-4b74-aea7-3c0d78119594,open,a2764516-93c2-4b74-aea7-3c0d78119594
0,7f8fccd6-744b-4e95-abe1-0e19c1df47aa,open,7f8fccd6-744b-4e95-abe1-0e19c1df47aa
0,958f1701-da1e-498b-957c-dae2474d37c5,open,958f1701-da1e-498b-957c-dae2474d37c5
0,83a9bd1a-b23c-41ec-bc72-0ce5eefab297,open,83a9bd1a-b23c-41ec-bc72-0ce5eefab297
0,a5d0e10c-8dca-43fd-af0b-38f930d009b0,open,a5d0e10c-8dca-43fd-af0b-38f930d009b0
0,c620aeaa-dcda-4283-8a40-3453f7c079b2,open,c620aeaa-dcda-4283-8a40-3453f7c079b2
0,9e703f87-21e5-41a5-b105-e6fcab4d1222,open,9e703f87-21e5-41a5-b105-e6fcab4d1222
0,cd44486f-c715-46b2-bc9e-fc1f2543de2d,open,cd44486f-c715-46b2-bc9e-fc1f2543de2d
0,4a465a62-24cb-4567-a81c-a2828cbee5cc,open,4a465a62-24cb-4567-a81c-a2828cbee5cc
0,6782345f-5ac8-453f-a70c-794448c27c39,open,6782345f-5ac8-453f-a70c-794448c27c39
0,a0d4dd1e-cf53-424d-8a1e-dc2d4fd403b0,open,a0d4dd1e-cf53-424d-8a1e-dc2d4fd403b0
0,89af61fb-4a0b-4dbf-9019-12d0315eebd2,open,89af61fb-4a0b-4dbf-9019-12d0315eebd2
0,9a6248e3-8293-45e0-9153-160485831e60,open,9a6248e3-8293-45e0-9153-160485831e60
0,039b65d0-03d2-4c91-9b74-755aadc917d9,open,039b65d0-03d2-4c91-9b74-755aadc917d9
0,a9574c9a-981f-4a8f-9e80-67d583f5d18f,open,a9574c9a-981f-4a8f-9e80-67d583f5d18f
0,b555a99e-e1a7-4b1e-89e6-28daf727582b,open,b555a99e-e1a7-4b1e-89e6-28daf727582b
0,116bcd2d-33be-43c2-8f67-eb875274fc65,open,116bcd2d-33be-43c2-8f67-eb875274fc65
0,bbb32277-5512-4dd3-b9d8-92178990066f,open,bbb32277-5512-4dd3-b9d8-92178990066f
0,22593870-7d4b-48b2-9d3c-2731c1f27d7c,open,22593870-7d4b-48b2-9d3c-2731c1f27d7c
0,899603c7-5f52-449d-a725-5c1342c0b448,open,899603c7-5f52-449d-a725-5c1342c0b448
0,e462c284-583f-4ad0-8041-81f30afb0b61,open,e462c284-583f-4ad0-8041-81f30afb0b61
0,cc806d50-0f4a-4261-899e-dd880d683163,open,cc806d50-0f4a-4261-899e-dd880d683163
0,d6fb45e9-8987-4fa9-89ee-940280fc8f99,open,d6fb45e9-8987-4fa9-89ee-940280fc8f99
0,83f9844f-40a8-43bc-aa41-8492a17162d1,open,83f9844f-40a8-43bc-aa41-8492a17162d1
0,85eadb3f-2f4a-43ac-9ec0-6bb5e5e12927,open,85eadb3f-2f4a-43ac-9ec0-6bb5e5e12927
0,1703fb25-1743-4bce-bf7f-db0653b243b4,open,1703fb25-1743-4bce-bf7f-db0653b243b4
0,f314feba-4115-4a33-861a-1b8d1a25d76e,open,f314feba-4115-4a33-861a-1b8d1a25d76e
0,d475db9c-fdaa-4870-9fa4-fa32eee32898,open,d475db9c-fdaa-4870-9fa4-fa32eee32898
0,0db8bc63-096d-4323-a28c-519e9aede456,open,0db8bc63-096d-4323-a28c-519e9aede456
0,15354d53-2c8b-4956-bf3a-34ab7ced9a2d,open,15354d53-2c8b-4956-bf3a-34ab7ced9a2d
0,1984bd22-501f-4ee8-9431-f7c8a88829b2,open,1984bd22-501f-4ee8-9431-f7c8a88829b2
0,04d202d8-1d4c-434f-941b-bd9caaa06d3b,open,04d202d8-1d4c-434f-941b-bd9caaa06d3b
0,786034df-3448-487a-9116-c46350f52459,open,786034df-3448-487a-9116-c46350f52459
0,c169eae1-27d4-44fe-ad56-47983b71fa95,open,c169eae1-27d4-44fe-ad56-47983b71fa95
0,b1b3212e-8dd6-4519-b787-d44d50a4ed22,open,b1b3212e-8dd6-4519-b787-d44d50a4ed22
0,dd0a8080-f8d4-4028-b121-a0429b92bced,open,dd0a8080-f8d4-4028-b121-a0429b92bced
0,f3c997a9-a4dd-4374-9834-488523b2d1e7,open,f3c997a9-a4dd-4374-9834-488523b2d1e7
0,f568ee5c-8bc3-4448-8b01-35d0bf77da62,open,f568ee5c-8bc3-4448-8b01-35d0bf77da62
0,1cca83eb-eb5f-4134-95ac-14aecb38492b,open,1cca83eb-eb5f-4134-95ac-14aecb38492b
0,905104de-e32d-4cf6-b0d0-3206c3408ffa,open,905104de-e32d-4cf6-b0d0-3206c3408ffa
0,f4030ffa-ab9a-43e6-89e8-9145c8360c89,open,f4030ffa-ab9a-43e6-89e8-9145c8360c89
0,45e8ea90-6856-4f9b-9c11-270cdbf9bb3c,open,45e8ea90-6856-4f9b-9c11-270cdbf9bb3c
0,d2b670ea-c89e-4985-88bc-e76e48f92069,open,d2b670ea-c89e-4985-88bc-e76e48f92069
0,c7693f54-6c29-41b5-95c2-85ed94ff938c,open,c7693f54-6c29-41b5-95c2-85ed94ff938c
0,f06231ec-ceca-4218-bea2-c4b65809abe4,open,f06231ec-ceca-4218-bea2-c4b65809abe4
0,59d09616-0a16-4cdf-84f6-095b80f943ee,open,59d09616-0a16-4cdf-84f6-095b80f943ee
0,2bda43d8-7cbc-41e4-99c6-cae997689258,open,2bda43d8-7cbc-41e4-99c6-cae997689258
0,5aa4a9df-7722-4eed-9d13-7b8bcf38f502,open,5aa4a9df-7722-4eed-9d13-7b8bcf38f502
0,d7fe0aa3-c2e2-4ee9-8e32-757fb7d2552b,open,d7fe0aa3-c2e2-4ee9-8e32-757fb7d2552b
0,9d5745de-59b6-4b1f-9029-cc30fef97f89,open,9d5745de-59b6-4b1f-9029-cc30fef97f89
0,9f505b2c-6004-497f-b77d-996caf48929d,open,9f505b2c-6004-497f-b77d-996caf48929d
0,22e9dbee-e996-4716-9a37-ced06df8414f,open,22e9dbee-e996-4716-9a37-ced06df8414f
0,c7739524-1322-45df-bf44-318ee5f98c95,open,c7739524-1322-45df-bf44-318ee5f98c95
0,fe349b73-75e1-4cf9-a7cd-a805bddf296b,open,fe349b73-75e1-4cf9-a7cd-a805bddf296b
0,ee0810e7-cce6-41c5-9deb-a14266dd4266,open,ee0810e7-cce6-41c5-9deb-a14266dd4266
0,3c733035-21c6-4545-bd70-9bec54708f1d,open,3c733035-21c6-4545-bd70-9bec54708f1d
0,2fba7c4e-495c-4cf1-87f4-ccba08c16f49,open,2fba7c4e-495c-4cf1-87f4-ccba08c16f49
0,25e07e7b-243a-418b-9edf-c33e8f68ef8b,open,25e07e7b-243a-418b-9edf-c33e8f68ef8b
0,f1de00bb-6e7e-4f51-a301-4d1c20fc42ac,open,f1de00bb-6e7e-4f51-a301-4d1c20fc42ac
0,5ea822a9-6923-441d-bdc1-61d6dfffc4ee,open,5ea822a9-6923-441d-bdc1-61d6dfffc4ee
0,f53a9ce7-b207-4865-97ba-93c4331eba8b,open,f53a9ce7-b207-4865-97ba-93c4331eba8b
0,b917aacd-80bf-4daf-a34c-c2a119e81f18,open,b917aacd-80bf-4daf-a34c-c2a119e81f18
0,9b0a8653-d855-408a-adc5-c3a12fded78b,open,9b0a8653-d855-408a-adc5-c3a12fded78b
0,72627070-8086-400f-bed2-a2697677499b,open,72627070-8086-400f-bed2-a2697677499b
0,4437a972-2dcb-4c63-afd0-4ed0af5bcba8,open,4437a972-2dcb-4c63-afd0-4ed0af5bcba8
0,73d5bb5a-a463-40fa-8d44-0fcd553b1264,open,73d5bb5a-a463-40fa-8d44-0fcd553b1264
0,504f66b4-e6c8-43b7-965c-b2289b524f79,open,504f66b4-e6c8-43b7-965c-b2289b524f79
0,d527c8ab-ed6a-403d-b1a4-6735e9f884da,open,d527c8ab-ed6a-403d-b1a4-6735e9f884da
0,f1d05f6f-506a-4528-bfac-2fc4f7599e3d,open,f1d05f6f-506a-4528-bfac-2fc4f7599e3d
0,186fc2fb-372b-4e12-b27e-78298a9e568a,open,186fc2fb-372b-4e12-b27e-78298a9e568a
0,7ad1e3da-465e-435f-8822-cd7f5d527e64,open,7ad1e3da-465e-435f-8822-cd7f5d527e64
0,b0df8fc3-8771-4b3e-aaf5-60dcb73b7af1,open,b0df8fc3-8771-4b3e-aaf5-60dcb73b7af1
0,1c5a00ab-bb38-4c37-9c04-2cac3727744d,open,1c5a00ab-bb38-4c37-9c04-2cac3727744d
0,4439c541-16a3-423e-8122-4e7c9664f457,open,4439c541-16a3-423e-8122-4e7c9664f457
0,778d94ba-c687-423d-a721-e810e1cdd1f2,open,778d94ba-c687-423d-a721-e810e1cdd1f2
0,6d4e7e1b-d39a-496c-99d0-16601fafb60e,open,6d4e7e1b-d39a-496c-99d0-16601fafb60e
0,5a90f089-d408-4283-bdae-cc25b56383cc,open,5a90f089-d408-4283-bdae-cc25b56383cc
0,d0e1389f-7a54-4153-9a50-7926cc3c3992,open,d0e1389f-7a54-4153-9a50-7926cc3c3992
0,e5973fbb-099b-4521-8999-33ab63a82803,open,e5973fbb-099b-4521-8999-33ab63a82803
0,c3ec9274-6697-4055-86c8-936db44f6f4a,open,c3ec9274-6697-4055-86c8-936db44f6f4a
0,7d79e7b5-2c7b-4716-a8c8-b593c6251c6c,open,7d79e7b5-2c7b-4716-a8c8-b593c6251c6c
0,87c6b688-0df2-4ff3-b57c-a3ce3488ece8,open,87c6b688-0df2-4ff3-b57c-a3ce3488ece8
0,6e186a6c-1b74-49e7-8c0a-c6476d74de24,open,6e186a6c-1b74-49e7-8c0a-c6476d74de24
0,7d92c5ba-406a-4586-8916-f4b059586c73,open,7d92c5ba-406a-4586-8916-f4b059586c73
0,2a44099f-2229-4607-8ee5-7d179ec8090c,open,2a44099f-2229-4607-8ee5-7d179ec8090c
0,28378000-860d-450c-816d-fab7ff3a63db,open,28378000-860d-450c-816d-fab7ff3a63db
0,97caa810-3117-431d-90ed-42f614889729,open,97caa810-3117-431d-90ed-42f614889729
0,88e9754e-2bb8-4011-a439-373f5850a0cd,open,88e9754e-2bb8-4011-a439-373f5850a0cd
0,0bcf0238-b9bc-4fd2-bcdd-08c8cd2dcdc5,open,0bcf0238-b9bc-4fd2-bcdd-08c8cd2dcdc5
0,8c906219-81b3-4b8f-ace9-bb0ce6ff4e85,open,8c906219-81b3-4b8f-ace9-bb0ce6ff4e85
0,4a892c8a-746a-455b-9805-4eebf964d66a,open,4a892c8a-746a-455b-9805-4eebf964d66a
0,fd5f6e12-d364-4cc9-ad15-92e9fea7c2c4,open,fd5f6e12-d364-4cc9-ad15-92e9fea7c2c4
0,9ed41b85-efdb-4bd6-94af-fe8b9b01f7c1,open,9ed41b85-efdb-4bd6-94af-fe8b9b01f7c1
0,49c35d66-d036-45a9-99ff-36ce04352c79,open,49c35d66-d036-45a9-99ff-36ce04352c79
0,82bc9b90-2c94-4f4b-818d-6852292351b2,open,82bc9b90-2c94-4f4b-818d-6852292351b2
0,8419cd17-168e-4662-8de5-7234d20d01ab,open,8419cd17-168e-4662-8de5-7234d20d01ab
0,ae82e5b6-72b0-4244-a2e5-388c8275794f,open,ae82e5b6-72b0-4244-a2e5-388c8275794f
0,660f4776-5afb-4a2c-9b92-e6828176babf,open,660f4776-5afb-4a2c-9b92-e6828176babf
0,876ab909-7983-4d2e-a3c3-780dd4612813,open,876ab909-7983-4d2e-a3c3-780dd4612813
0,7d6c9706-aa65-4672-aa50-186edb9114c6,open,7d6c9706-aa65-4672-aa50-186edb9114c6
0,4efa5d42-4da6-4ce5-aea9-a61d38a74999,open,4efa5d42-4da6-4ce5-aea9-a61d38a74999
0,5a79bfe4-0cca-4c85-b4af-458e0feb11d0,open,5a79bfe4-0cca-4c85-b4af-458e0feb11d0
0,8082c4a2-2834-4eba-9735-fc16877164bd,open,8082c4a2-2834-4eba-9735-fc16877164bd
0,ada7ec56-1a21-42f3-b44a-c0f089ba9b5a,open,ada7ec56-1a21-42f3-b44a-c0f089ba9b5a
0,3623c248-9d69-4abc-b94b-48cac3866a52,open,3623c248-9d69-4abc-b94b-48cac3866a52
0,23dfab3d-11fd-4996-b3d7-b11c6cd96911,open,23dfab3d-11fd-4996-b3d7-b11c6cd96911
0,acf6b17e-9dc8-4781-89e5-8e45417493cc,open,acf6b17e-9dc8-4781-89e5-8e45417493cc
0,84238178-59c7-40bc-b530-da5d77800d29,open,84238178-59c7-40bc-b530-da5d77800d29
0,76345aef-3480-40c1-be76-5fc7fba4a377,open,76345aef-3480-40c1-be76-5fc7fba4a377
0,ae308b06-4f0c-490a-b907-6033939d42ee,open,ae308b06-4f0c-490a-b907-6033939d42ee
0,d97f1ba4-0c8a-454f-95f3-26dd918cbd1a,open,d97f1ba4-0c8a-454f-95f3-26dd918cbd1a
0,d88577d3-ac10-4a31-8a5e-27b8fa0f6265,open,d88577d3-ac10-4a31-8a5e-27b8fa0f6265
0,7d72592b-1b60-4775-8bf2-c0f96282ae12,open,7d72592b-1b60-4775-8bf2-c0f96282ae12
0,7ea0e4da-b2cc-4076-ac5e-4ba04d067612,open,7ea0e4da-b2cc-4076-ac5e-4ba04d067612
0,d431f1c7-60ec-43f0-b7bc-a00239311b95,open,d431f1c7-60ec-43f0-b7bc-a00239311b95
0,aba27693-46e1-480b-b960-e4453b016aa0,open,aba27693-46e1-480b-b960-e4453b016aa0
0,a2deaf93-a930-4218-a6c9-5d6c02721868,open,a2deaf93-a930-4218-a6c9-5d6c02721868
0,667fdeec-a337-485f-a39c-b76930e43013,open,667fdeec-a337-485f-a39c-b76930e43013
0,3797bc56-788b-45cc-bb2a-84a227ce0a2f,open,3797bc56-788b-45cc-bb2a-84a227ce0a2f
0,a581f646-27ee-4f0f-9e97-e3f468fbd197,open,a581f646-27ee-4f0f-9e97-e3f468fbd197
0,c28fb4ac-8ca5-414c-9dcf-059692d46d2b,open,c28fb4ac-8ca5-414c-9dcf-059692d46d2b
0,058f9156-b6e0-4bb4-9e23-f4c96e3d55cd,open,058f9156-b6e0-4bb4-9e23-f4c96e3d55cd
0,40543228-55e2-40ea-acf4-a4d30fc70c1e,open,40543228-55e2-40ea-acf4-a4d30fc70c1e
0,a7942db7-925c-4b2d-a137-916b2a363149,open,a7942db7-925c-4b2d-a137-916b2a363149
0,dd9cba5f-f4e3-467e-9103-f7b5122a2230,open,dd9cba5f-f4e3-467e-9103-f7b5122a2230
0,02a13bd1-ad02-4596-8469-fe94abfb91ea,open,02a13bd1-ad02-4596-8469-fe94abfb91ea
0,a59ae3ed-af09-4cb2-bf60-518f85798d53,open,a59ae3ed-af09-4cb2-bf60-518f85798d53
0,de16a6af-afcb-4c75-95d7-9b3a1f95bb14,open,de16a6af-afcb-4c75-95d7-9b3a1f95bb14
0,538c441f-92b0-46ef-9a42-a71040d60129,open,538c441f-92b0-46ef-9a42-a71040d60129
0,f188f939-f914-4e52-8e37-5aa468b19435,open,f188f939-f914-4e52-8e37-5aa468b19435
0,fe57d36a-629d-409d-afdc-2daa472a0cff,open,fe57d36a-629d-409d-afdc-2daa472a0cff
0,2ae34afe-924d-41bb-94f8-43d755662962,open,2ae34afe-924d-41bb-94f8-43d755662962
0,09bebf3c-556c-4ac2-99b7-0f6ee8a4638f,open,09bebf3c-556c-4ac2-99b7-0f6ee8a4638f
0,d4e4d596-8cc7-4906-bfa8-00d96fc8ebd5,open,d4e4d596-8cc7-4906-bfa8-00d96fc8ebd5
0,e0a28f7e-7d1c-4d44-a8c2-72615a2dd26d,open,e0a28f7e-7d1c-4d44-a8c2-72615a2dd26d
0,e10f70fe-a058-4335-bf85-35d82837699b,open,e10f70fe-a058-4335-bf85-35d82837699b
0,d9408fdb-0eb4-4291-81f8-39af6db4d02f,open,d9408fdb-0eb4-4291-81f8-39af6db4d02f
0,b2ffb480-5a98-4b2a-9f78-87997a774201,open,b2ffb480-5a98-4b2a-9f78-87997a774201
0,fc5ca5e4-2bfa-47b2-bd64-fb9ccd3095ee,open,fc5ca5e4-2bfa-47b2-bd64-fb9ccd3095ee
0,e39378d4-0fbf-411c-be7f-98583fb2d135,open,e39378d4-0fbf-411c-be7f-98583fb2d135
0,f3a40c63-34ac-439c-9e2b-c0ce23a146b9,open,f3a40c63-34ac-439c-9e2b-c0ce23a146b9
0,ec448e84-e33d-4eb7-ac2e-e0c57c83f769,open,ec448e84-e33d-4eb7-ac2e-e0c57c83f769
0,cb18e6d4-d64d-476d-8c48-3f880812d45e,open,cb18e6d4-d64d-476d-8c48-3f880812d45e
0,2a2901d8-fbf3-478f-927b-3384bc6f8c01,open,2a2901d8-fbf3-478f-927b-3384bc6f8c01
0,c0767c72-b375-4a6a-aabc-146f8b0f94d3,open,c0767c72-b375-4a6a-aabc-146f8b0f94d3
0,24bea117-9ea7-499c-baa9-69f5b1bec4bb,open,24bea117-9ea7-499c-baa9-69f5b1bec4bb
0,d2b135fd-f66c-46bc-b791-581cea1e8a3c,open,d2b135fd-f66c-46bc-b791-581cea1e8a3c
0,792bfd99-92b6-43d1-a281-cc2ef3103d30,open,792bfd99-92b6-43d1-a281-cc2ef3103d30
0,4e36f9c4-d3c5-4186-a4aa-da962f3e5865,open,4e36f9c4-d3c5-4186-a4aa-da962f3e5865
0,5c86f1eb-2765-4f33-b86b-9baa97127905,open,5c86f1eb-2765-4f33-b86b-9baa97127905
0,7f6b3942-3739-4ff8-b69e-a67fe68f75fa,open,7f6b3942-3739-4ff8-b69e-a67fe68f75fa
0,f6299e6a-12da-4ba2-96d4-ed02160e949d,open,f6299e6a-12da-4ba2-96d4-ed02160e949d
0,ea448d48-8afa-42a3-9c57-4708ace36980,open,ea448d48-8afa-42a3-9c57-4708ace36980
0,07083066-2a48-40be-972c-c145e2a572f5,open,07083066-2a48-40be-972c-c145e2a572f5
0,ccd00e85-79c1-4a88-a2a1-f6b769593f7a,open,ccd00e85-79c1-4a88-a2a1-f6b769593f7a
0,8fac3537-b2e1-457f-8d37-1b9fc67d8709,open,8fac3537-b2e1-457f-8d37-1b9fc67d8709
0,efc6a9db-1930-43e7-8732-97ed66f56877,open,efc6a9db-1930-43e7-8732-97ed66f56877
0,1af2e307-b55e-4673-a130-411537977c23,open,1af2e307-b55e-4673-a130-411537977c23
0,8f9bd5f9-5ff1-4add-96e0-fcbd58fe2d96,open,8f9bd5f9-5ff1-4add-96e0-fcbd58fe2d96
0,f18c4e00-af3d-4f8b-adfe-73501150cf28,open,f18c4e00-af3d-4f8b-adfe-73501150cf28
0,032a993b-e441-488b-917c-a3df9053811b,open,032a993b-e441-488b-917c-a3df9053811b
0,4362ce3b-9be2-4321-bc7d-72be2e931e8f,open,4362ce3b-9be2-4321-bc7d-72be2e931e8f
0,fc04a2ee-71e6-4f96-95ce-16cf19611438,open,fc04a2ee-71e6-4f96-95ce-16cf19611438
0,1999a8d1-73ff-4da5-b785-0701a38382a9,open,1999a8d1-73ff-4da5-b785-0701a38382a9
0,d1569197-9c4b-4512-a280-f33a0c6bdb20,open,d1569197-9c4b-4512-a280-f33a0c6bdb20
0,4694795d-1967-41bc-b00b-b1bed442611a,open,4694795d-1967-41bc-b00b-b1bed442611a
0,14078ed6-353e-4d83-9b75-591630068fe9,open,14078ed6-353e-4d83-9b75-591630068fe9
0,e82e910f-4b26-40c7-b198-6bc0e6c3167a,open,e82e910f-4b26-40c7-b198-6bc0e6c3167a
0,6ebfeff3-4b8a-43ed-9da0-fe84b4ab5486,open,6ebfeff3-4b8a-43ed-9da0-fe84b4ab5486
0,045a7c9c-436f-4bd6-b91c-9923b1d0bc39,open,045a7c9c-436f-4bd6-b91c-9923b1d0bc39
0,8c91e6a7-c7bf-4fb6-8d7a-d30b223727b7,open,8c91e6a7-c7bf-4fb6-8d7a-d30b223727b7
0,ccdf7b8c-7e11-4b57-b66f-d5da1ee5fae4,open,ccdf7b8c-7e11-4b57-b66f-d5da1ee5fae4
0,103a534a-1ca7-4628-8f0e-ba63363b9e5a,open,103a534a-1ca7-4628-8f0e-ba63363b9e5a
0,b0573c66-30a9-420a-a7d3-7c09f6abb53d,open,b0573c66-30a9-420a-a7d3-7c09f6abb53d
0,1ccaff21-2653-4b93-9bab-1c2d0b31a107,open,1ccaff21-2653-4b93-9bab-1c2d0b31a107
0,9370474c-2442-4b3c-890d-763123132766,open,9370474c-2442-4b3c-890d-763123132766
0,bafd14fb-284f-42c1-9645-3ccbd1af255e,open,bafd14fb-284f-42c1-9645-3ccbd1af255e
0,aacd4344-08df-4d69-87fa-0a021a57c03f,open,aacd4344-08df-4d69-87fa-0a021a57c03f
0,31d4ee73-52b7-4f76-9b59-6bac0b457002,open,31d4ee73-52b7-4f76-9b59-6bac0b457002
0,3ed74213-cef9-49a1-ac2d-ee82ff0c932a,open,3ed74213-cef9-49a1-ac2d-ee82ff0c932a
0,86ea715b-01f9-4ff2-9d5f-b5e6b90d3f96,open,86ea715b-01f9-4ff2-9d5f-b5e6b90d3f96
0,886df730-fe73-4056-9104-a88e18a05d8f,open,886df730-fe73-4056-9104-a88e18a05d8f
0,1a60682f-4c6d-467e-bf03-b03e7dfbe28e,open,1a60682f-4c6d-467e-bf03-b03e7dfbe28e
0,305b7eff-60b0-4136-b5f4-829efaf3d983,open,305b7eff-60b0-4136-b5f4-829efaf3d983
0,884f1b20-7ca5-4d0b-8505-a1c1cf605728,open,884f1b20-7ca5-4d0b-8505-a1c1cf605728
0,240d04bc-1463-4b25-b5bb-adfe57658697,open,240d04bc-1463-4b25-b5bb-adfe57658697
0,d24f86a0-d37b-4707-8e2f-9fc444f2de8d,open,d24f86a0-d37b-4707-8e2f-9fc444f2de8d
0,64ab359e-c7f0-44d2-b7b8-6c168872e782,open,64ab359e-c7f0-44d2-b7b8-6c168872e782
0,5698eebf-6a37-49d3-83d1-829f7e26af1c,open,5698eebf-6a37-49d3-83d1-829f7e26af1c
0,6bcbbe7c-e9a1-4f9a-870a-a537548b6e8b,open,6bcbbe7c-e9a1-4f9a-870a-a537548b6e8b
0,aa5424f7-64d3-4a62-9a5b-e344a6f5ab04,open,aa5424f7-64d3-4a62-9a5b-e344a6f5ab04
0,868279d8-ff15-4272-aaca-bd922dfbff0b,open,868279d8-ff15-4272-aaca-bd922dfbff0b
0,98957329-01f6-4939-9fc3-2d541a680cb0,open,98957329-01f6-4939-9fc3-2d541a680cb0
0,584e2e95-912a-4806-b74f-e4fde489ab9a,open,584e2e95-912a-4806-b74f-e4fde489ab9a
0,cf4a3f10-0959-40e9-9070-6d9140354e8d,open,cf4a3f10-0959-40e9-9070-6d9140354e8d
0,dd30b8dc-9073-477b-a38a-a902583af051,open,dd30b8dc-9073-477b-a38a-a902583af051
0,5fe07047-7c5c-495b-96fe-d85e0221c5a3,open,5fe07047-7c5c-495b-96fe-d85e0221c5a3
0,6e56d8a8-5266-4ada-89f5-5b1421597b98,open,6e56d8a8-5266-4ada-89f5-5b1421597b98
0,69b942b5-06f2-4345-a858-a49c83f57093,open,69b942b5-06f2-4345-a858-a49c83f57093
0,465ad35c-63ba-48e6-beed-8809c91cdf84,open,465ad35c-63ba-48e6-beed-8809c91cdf84
0,c5596aa9-70da-40a7-ab8d-6b9ae5552c9f,open,c5596aa9-70da-40a7-ab8d-6b9ae5552c9f
0,749763b0-f719-471b-ab34-a635143083a7,open,749763b0-f719-471b-ab34-a635143083a7
0,40b2a8e1-28e4-4d81-9f7c-cc637b5436c3,open,40b2a8e1-28e4-4d81-9f7c-cc637b5436c3
0,eda41eb4-ef9d-49f2-a750-3b642798ea32,open,eda41eb4-ef9d-49f2-a750-3b642798ea32
0,8920a1a2-b362-44e6-956a-f134cfb31f87,open,8920a1a2-b362-44e6-956a-f134cfb31f87
0,eab4d5b4-8fb7-40fa-9ea3-df23a755ebd4,open,eab4d5b4-8fb7-40fa-9ea3-df23a755ebd4
0,c30e465c-2e62-4118-8196-8474c1f8b6dd,open,c30e465c-2e62-4118-8196-8474c1f8b6dd
0,758a0b5a-77d5-4ebb-b4cc-fb0ff0f28627,open,758a0b5a-77d5-4ebb-b4cc-fb0ff0f28627
0,5bde9e9d-210f-4cee-a1a7-d7d87dd5642a,open,5bde9e9d-210f-4cee-a1a7-d7d87dd5642a
0,8a3c7e40-6c37-491c-ac4d-4e89fe11bbc3,open,8a3c7e40-6c37-491c-ac4d-4e89fe11bbc3
0,a2906a99-1b93-410c-9d08-0ce07e19f623,open,a2906a99-1b93-410c-9d08-0ce07e19f623
0,4ac8ba29-0f07-4e2f-ad44-50309cc9ec10,open,4ac8ba29-0f07-4e2f-ad44-50309cc9ec10
0,08b3dcfe-731f-4a95-873a-63446374a9c1,open,08b3dcfe-731f-4a95-873a-63446374a9c1
0,6c8c34c7-8a9f-41c4-aa47-720748d55d0a,open,6c8c34c7-8a9f-41c4-aa47-720748d55d0a
0,8dfaf003-cf1e-41cb-9996-7f7511f49314,open,8dfaf003-cf1e-41cb-9996-7f7511f49314
0,a14ad962-f3ba-4d98-b1be-592bda704e48,open,a14ad962-f3ba-4d98-b1be-592bda704e48
0,184f16de-f8f7-4abb-b1a4-71240ec1eccb,open,184f16de-f8f7-4abb-b1a4-71240ec1eccb
0,d56c1fac-55a2-40bd-8a86-16218528a510,open,d56c1fac-55a2-40bd-8a86-16218528a510
0,7a975bf6-e36e-438a-bc34-e39d079f92e8,open,7a975bf6-e36e-438a-bc34-e39d079f92e8
0,04c9a004-9d4a-4a72-9628-844980ab8462,open,04c9a004-9d4a-4a72-9628-844980ab8462
0,f4a5ef4e-e9da-4ca6-9ca3-fdbadc1cc48b,open,f4a5ef4e-e9da-4ca6-9ca3-fdbadc1cc48b
0,4d5e30dc-d2ec-4a4b-b779-30fd23a1b854,open,4d5e30dc-d2ec-4a4b-b779-30fd23a1b854
0,8c72484c-1d4f-496c-a084-3d7b90cf94ec,open,8c72484c-1d4f-496c-a084-3d7b90cf94ec
0,8873e162-5fff-453f-9b19-206489d94241,open,8873e162-5fff-453f-9b19-206489d94241
0,8826e002-66ff-4482-9cc3-99101132cba9,open,8826e002-66ff-4482-9cc3-99101132cba9
0,b7a10468-9278-473d-8648-6f20566782cc,open,b7a10468-9278-473d-8648-6f20566782cc
0,e1ab9787-b366-48a9-8592-71c0f9cf3480,open,e1ab9787-b366-48a9-8592-71c0f9cf3480
0,b0c8e9e6-15bc-470c-b5e7-9ae56609160a,open,b0c8e9e6-15bc-470c-b5e7-9ae56609160a
0,c71e61c9-cb17-4317-9406-0bd9206f429a,open,c71e61c9-cb17-4317-9406-0bd9206f429a
0,32f65c30-44e3-4c9e-a05e-f30e6b750fab,open,32f65c30-44e3-4c9e-a05e-f30e6b750fab
0,791d2ef4-7edd-488d-aa84-e63c9f1cf328,open,791d2ef4-7edd-488d-aa84-e63c9f1cf328
0,afd57cfe-3751-48e2-9683-de9c0335a51d,open,afd57cfe-3751-48e2-9683-de9c0335a51d
0,5415aaef-7b28-4af4-877b-59b1c7b3389c,open,5415aaef-7b28-4af4-877b-59b1c7b3389c
0,8f612107-dac7-466e-837c-7e72780fa20c,open,8f612107-dac7-466e-837c-7e72780fa20c
0,b1ac5fec-2f46-46ff-b1c4-b519f196c74f,open,b1ac5fec-2f46-46ff-b1c4-b519f196c74f
0,bc8e8656-278f-48e8-8e94-e7ecf953c7ec,open,bc8e8656-278f-48e8-8e94-e7ecf953c7ec
0,f1d8f354-d3ad-44fa-a51f-600cccd66689,open,f1d8f354-d3ad-44fa-a51f-600cccd66689
0,8ca11193-5883-4b75-9e34-f9dcbf7040a7,open,8ca11193-5883-4b75-9e34-f9dcbf7040a7
0,80f4b932-764a-4d0e-819b-e3ceddda5787,open,80f4b932-764a-4d0e-819b-e3ceddda5787
0,b8ea7310-1ab1-4fe2-847c-e7ad64533bc6,open,b8ea7310-1ab1-4fe2-847c-e7ad64533bc6
0,eada2d54-d109-4f72-9df2-ded82450cda8,open,eada2d54-d109-4f72-9df2-ded82450cda8
0,56342e9f-fc44-4dd1-87ba-69abd9da3eee,open,56342e9f-fc44-4dd1-87ba-69abd9da3eee
0,a8cd64c1-5e74-48f5-ad26-1da5a2e35cd6,open,a8cd64c1-5e74-48f5-ad26-1da5a2e35cd6
0,b6a12edf-dd30-42f8-a647-c96ced8819a2,open,b6a12edf-dd30-42f8-a647-c96ced8819a2
0,a10c5518-edcb-46f9-be81-fae9b17b649d,open,a10c5518-edcb-46f9-be81-fae9b17b649d
0,87ce8275-2961-4d88-903d-0c4052834dda,open,87ce8275-2961-4d88-903d-0c4052834dda
0,38e211d2-7ef5-4936-beec-00b6dcfd1e91,open,38e211d2-7ef5-4936-beec-00b6dcfd1e91
0,75c0b6ed-9962-456a-a09d-25f903552fe4,open,75c0b6ed-9962-456a-a09d-25f903552fe4
0,4aec7423-607c-482b-acd9-b89e993ae4c7,open,4aec7423-607c-482b-acd9-b89e993ae4c7
0,44829ad9-05b4-44af-af3f-98d93b7a2f8d,open,44829ad9-05b4-44af-af3f-98d93b7a2f8d
0,6f9faf1c-ba36-4dbb-9d86-fa4302f25c02,open,6f9faf1c-ba36-4dbb-9d86-fa4302f25c02
0,07e8d33c-50a8-49f7-b29a-ed3485cae397,open,07e8d33c-50a8-49f7-b29a-ed3485cae397
0,3e80fc0f-9f05-4c17-aca0-1b4212eeb2df,open,3e80fc0f-9f05-4c17-aca0-1b4212eeb2df
0,108682b0-d669-4f28-91f2-dfeaf5c87775,open,108682b0-d669-4f28-91f2-dfeaf5c87775
0,d449ee98-6ad6-43f5-9447-1d162c028d6e,open,d449ee98-6ad6-43f5-9447-1d162c028d6e
0,918b93f8-f19a-48eb-b75f-90a8de6128bd,open,918b93f8-f19a-48eb-b75f-90a8de6128bd
0,cf3acd92-50eb-43d3-b11c-f5b53a18e38a,open,cf3acd92-50eb-43d3-b11c-f5b53a18e38a
0,407ddd41-912e-4a5c-b613-1f91edfe1deb,open,407ddd41-912e-4a5c-b613-1f91edfe1deb
0,5f77c928-8b65-43d4-b3d5-9fa9188a77d1,open,5f77c928-8b65-43d4-b3d5-9fa9188a77d1
0,6edc939c-725a-46ab-8879-4dc1143ea039,open,6edc939c-725a-46ab-8879-4dc1143ea039
0,48668db9-59e8-4b13-ac62-a6ea3c6b774d,open,48668db9-59e8-4b13-ac62-a6ea3c6b774d
0,f4a43357-e306-4994-ba56-fd19c1a9729d,open,f4a43357-e306-4994-ba56-fd19c1a9729d
0,ee33aba0-a836-4350-9b7e-49504e99612c,open,ee33aba0-a836-4350-9b7e-49504e99612c
0,002765bb-1866-40c7-af01-2a38cc31ba2b,open,002765bb-1866-40c7-af01-2a38cc31ba2b
0,4732162b-b36a-402b-ad3a-80d77a07a2d0,open,4732162b-b36a-402b-ad3a-80d77a07a2d0
0,7b20eddb-da2c-4e9b-b44f-0b431de1384e,open,7b20eddb-da2c-4e9b-b44f-0b431de1384e
0,1e1adac8-a347-4c9f-82ca-bbe49c36132d,open,1e1adac8-a347-4c9f-82ca-bbe49c36132d
0,3a6cdca1-7e41-4870-82c8-ee00b0124863,open,3a6cdca1-7e41-4870-82c8-ee00b0124863
0,39e1094e-65e6-41f9-81e3-4c84f098341c,open,39e1094e-65e6-41f9-81e3-4c84f098341c
0,2544c968-f12b-411d-9b3b-f83830341da2,open,2544c968-f12b-411d-9b3b-f83830341da2
0,ea13cd15-1504-437d-a44b-0394728b2d2a,open,ea13cd15-1504-437d-a44b-0394728b2d2a
0,abeb24d0-e1a6-490f-959a-0dcd3e371d6f,open,abeb24d0-e1a6-490f-959a-0dcd3e371d6f
0,2567eda5-1370-49f2-a868-9fb8169e1eb5,open,2567eda5-1370-49f2-a868-9fb8169e1eb5
0,116f0494-e8dc-4176-923c-81885ea53347,open,116f0494-e8dc-4176-923c-81885ea53347
0,b260bc0a-bf82-4fe8-b1ca-1ba43a4d741a,open,b260bc0a-bf82-4fe8-b1ca-1ba43a4d741a
0,5fc3729d-b247-4a46-9380-8e1fb5eeb7db,open,5fc3729d-b247-4a46-9380-8e1fb5eeb7db
0,bcd4bb61-b0db-40ad-a127-cddf068c856d,open,bcd4bb61-b0db-40ad-a127-cddf068c856d
0,d1383f2a-ecb4-498d-9944-42a5ae0366ca,open,d1383f2a-ecb4-498d-9944-42a5ae0366ca
0,9b4eece5-d848-46d1-ae50-d5dac3df3218,open,9b4eece5-d848-46d1-ae50-d5dac3df3218
0,6f332895-1fd5-4977-bb79-1e192ed98337,open,6f332895-1fd5-4977-bb79-1e192ed98337
0,1709ed59-3252-4e0f-b075-2ffd99c11bfa,open,1709ed59-3252-4e0f-b075-2ffd99c11bfa
0,f5933be9-befc-499f-a7ab-ec136a6aab65,open,f5933be9-befc-499f-a7ab-ec136a6aab65
0,3d143e7d-866e-49ba-90cb-34f2a9d5d64c,open,3d143e7d-866e-49ba-90cb-34f2a9d5d64c
0,f548bcec-768f-4886-bf63-fa1bb2ff7c3f,open,f548bcec-768f-4886-bf63-fa1bb2ff7c3f
0,c27fc092-dccf-4b49-892b-f08877ddc3fc,open,c27fc092-dccf-4b49-892b-f08877ddc3fc
0,5a4564cc-992b-4d57-9de7-705179f78071,open,5a4564cc-992b-4d57-9de7-705179f78071
0,cc141ad8-0bb9-4e1f-9663-def39994186b,open,cc141ad8-0bb9-4e1f-9663-def39994186b
0,fdf0ccec-cf23-4b24-a692-917985e94d46,open,fdf0ccec-cf23-4b24-a692-917985e94d46
0,cc7684c4-8324-44a5-893f-bc50305f741b,open,cc7684c4-8324-44a5-893f-bc50305f741b
0,45a33460-2ddb-4155-84b8-a33c75fee2f1,open,45a33460-2ddb-4155-84b8-a33c75fee2f1
0,8ca0938c-5450-49ee-825e-36c3110b391c,open,8ca0938c-5450-49ee-825e-36c3110b391c
0,cdb60bfc-528f-4d99-9173-35d6d1bb0afd,open,cdb60bfc-528f-4d99-9173-35d6d1bb0afd
0,5809fd61-2423-4155-9973-b834c2adc273,open,5809fd61-2423-4155-9973-b834c2adc273
0,a8883a13-543b-4675-8c38-0abd15a8b2fe,open,a8883a13-543b-4675-8c38-0abd15a8b2fe
0,a0f02e3e-de49-400c-82c0-be6d58639782,open,a0f02e3e-de49-400c-82c0-be6d58639782
0,b9132497-82db-4e47-9130-c9b084acc7f9,open,b9132497-82db-4e47-9130-c9b084acc7f9
0,34d90f82-130a-4e07-8efb-d0b42528c732,open,34d90f82-130a-4e07-8efb-d0b42528c732
0,1488923e-2414-4348-9e3d-1e6bdcd0e9b5,open,1488923e-2414-4348-9e3d-1e6bdcd0e9b5
0,bdf6c0de-66a5-44da-9f24-ea1b32562f3a,open,bdf6c0de-66a5-44da-9f24-ea1b32562f3a
0,617e8500-ec90-43e2-8d45-51c5242fdf52,open,617e8500-ec90-43e2-8d45-51c5242fdf52
0,7dcf1aa7-3b80-4b37-bf05-ceee488b27a0,open,7dcf1aa7-3b80-4b37-bf05-ceee488b27a0
0,b5950f0f-b54c-4ee0-aaa4-8bdd43c5895e,open,b5950f0f-b54c-4ee0-aaa4-8bdd43c5895e
0,464eeb3d-8d0e-44ef-b533-af15669c99ec,open,464eeb3d-8d0e-44ef-b533-af15669c99ec
0,6ac56724-34a7-4429-95bd-c93dbd491065,open,6ac56724-34a7-4429-95bd-c93dbd491065
0,782f21ca-427b-4358-a6a1-31586388d0b4,open,782f21ca-427b-4358-a6a1-31586388d0b4
0,3463ad26-e83d-478f-996d-79bfed9c3e03,open,3463ad26-e83d-478f-996d-79bfed9c3e03
0,3cd3ee7d-ef37-4b1d-9f95-64fb8f2e3ffa,open,3cd3ee7d-ef37-4b1d-9f95-64fb8f2e3ffa
0,d99205e0-196d-4df5-bb86-e917279a15cf,open,d99205e0-196d-4df5-bb86-e917279a15cf
0,cbdd5876-5e4c-425c-b8f0-efdcd793ea7e,open,cbdd5876-5e4c-425c-b8f0-efdcd793ea7e
0,128fece3-4dad-45b4-99e0-5738fd12ac27,open,128fece3-4dad-45b4-99e0-5738fd12ac27
0,565affe7-21ea-4129-8dce-30d42af4a855,open,565affe7-21ea-4129-8dce-30d42af4a855
0,7ebd8def-6dc5-4326-8244-b92432ed36d0,open,7ebd8def-6dc5-4326-8244-b92432ed36d0
0,53262398-b5ae-4afc-8513-1ef523987d26,open,53262398-b5ae-4afc-8513-1ef523987d26
0,4aa8a005-0706-4675-9d4d-cf27cc32634c,open,4aa8a005-0706-4675-9d4d-cf27cc32634c
0,3410d50b-30d9-4c70-a028-8fba19bdfabf,open,3410d50b-30d9-4c70-a028-8fba19bdfabf
0,d2b82c3b-6ea8-468e-9661-557dbda7ac36,open,d2b82c3b-6ea8-468e-9661-557dbda7ac36
0,0a3ad5a7-e38f-4237-9943-883416760f46,open,0a3ad5a7-e38f-4237-9943-883416760f46
0,8477bc84-d383-489e-bf66-4d60d5efde25,open,8477bc84-d383-489e-bf66-4d60d5efde25
0,b813fa67-667a-46a1-87cd-e4b06b64f2b0,open,b813fa67-667a-46a1-87cd-e4b06b64f2b0
0,0bd7af80-dd32-4586-9b9e-fe73a34668d3,open,0bd7af80-dd32-4586-9b9e-fe73a34668d3
0,43411bbd-251c-40be-b2d6-8039421b9f5c,open,43411bbd-251c-40be-b2d6-8039421b9f5c
0,5a5d252a-050e-4d08-8861-a61a815ba784,open,5a5d252a-050e-4d08-8861-a61a815ba784
0,d9de4dd4-6dd8-4a78-901a-35251c228ec6,open,d9de4dd4-6dd8-4a78-901a-35251c228ec6
0,15a4abeb-02ed-48c9-a178-a60bd228f10e,open,15a4abeb-02ed-48c9-a178-a60bd228f10e
0,f72854d0-edf8-4324-b657-0a4665337cb1,open,f72854d0-edf8-4324-b657-0a4665337cb1
0,9e63ff85-5b2f-4ce9-b0c9-98175e703e25,open,9e63ff85-5b2f-4ce9-b0c9-98175e703e25
0,ef4b63b2-15ca-4403-82b3-3d4803be368e,open,ef4b63b2-15ca-4403-82b3-3d4803be368e
0,1b8f82d6-5507-424f-b8fe-944f376cb8d4,open,1b8f82d6-5507-424f-b8fe-944f376cb8d4
0,768468cb-c85c-46a8-858b-9dec7be1b6be,open,768468cb-c85c-46a8-858b-9dec7be1b6be
0,1a5ecb78-359b-423b-9e5d-0286d71dc9a1,open,1a5ecb78-359b-423b-9e5d-0286d71dc9a1
0,a0a2b1c1-6ef9-4cf6-a26e-db8bfe996a67,open,a0a2b1c1-6ef9-4cf6-a26e-db8bfe996a67
0,d30059a0-0685-4da7-8e5a-91479236ed2a,open,d30059a0-0685-4da7-8e5a-91479236ed2a
0,f5131a7a-2b58-4f10-aa7c-b18e84fc0256,open,f5131a7a-2b58-4f10-aa7c-b18e84fc0256
0,8bd80d25-59cc-4786-9a77-8315f9f2b495,open,8bd80d25-59cc-4786-9a77-8315f9f2b495
0,72d269ec-68d5-43ef-af4d-129a0f647870,open,72d269ec-68d5-43ef-af4d-129a0f647870
0,505360ed-000f-46b7-993e-a43095e123f2,open,505360ed-000f-46b7-993e-a43095e123f2
0,ab376bc2-8a19-4c4f-adea-0a9a96cd775a,open,ab376bc2-8a19-4c4f-adea-0a9a96cd775a
0,9019f6fc-436e-4760-ba3f-802a5f67bcd5,open,9019f6fc-436e-4760-ba3f-802a5f67bcd5
0,2f438033-4af4-4313-b0a5-5c3f7322b7bc,open,2f438033-4af4-4313-b0a5-5c3f7322b7bc
0,5b1bab3c-2443-4a7c-8fa3-7be86a598bff,open,5b1bab3c-2443-4a7c-8fa3-7be86a598bff
0,ba062ad4-aa4d-4180-9c23-59203116a977,open,ba062ad4-aa4d-4180-9c23-59203116a977
0,74ef51db-448f-4bfa-a23e-c8fff037fc9c,open,74ef51db-448f-4bfa-a23e-c8fff037fc9c
0,e4f120bc-21f8-4e5f-a525-2f8ab0d74f14,open,e4f120bc-21f8-4e5f-a525-2f8ab0d74f14
0,e0cb9377-de2c-4976-a81e-62746728703c,open,e0cb9377-de2c-4976-a81e-62746728703c
0,f63b0a6f-90dc-44af-8b50-7eb4915ddb83,open,f63b0a6f-90dc-44af-8b50-7eb4915ddb83
0,253e043f-85a2-4f3e-bc62-a7ac9468b7eb,open,253e043f-85a2-4f3e-bc62-a7ac9468b7eb
0,82d6fdb0-27c0-446d-bc04-bd3e14eb138b,open,82d6fdb0-27c0-446d-bc04-bd3e14eb138b
0,fda59167-8fe0-4e96-9bbc-c63d28f12945,open,fda59167-8fe0-4e96-9bbc-c63d28f12945
0,c4686502-a7c9-4b2b-ba0c-5b05b87e1920,open,c4686502-a7c9-4b2b-ba0c-5b05b87e1920
0,391f74b6-7bf1-4110-bdb8-2167955b4eb3,open,391f74b6-7bf1-4110-bdb8-2167955b4eb3
0,21937950-ee13-4e9a-8668-03cb2c4cbb0f,open,21937950-ee13-4e9a-8668-03cb2c4cbb0f
0,73451b16-8bbd-4bc5-b96a-801b8fd619da,open,73451b16-8bbd-4bc5-b96a-801b8fd619da
0,fa79cd2d-a5fd-4a2b-8fe7-7edbd8e4d36e,open,fa79cd2d-a5fd-4a2b-8fe7-7edbd8e4d36e
0,947637c8-e30d-48be-b264-e46885bcce8a,open,947637c8-e30d-48be-b264-e46885bcce8a
0,e9ca1b09-ee87-4d9f-ac03-3e4f9f0e0ba8,open,e9ca1b09-ee87-4d9f-ac03-3e4f9f0e0ba8
0,74a663c1-6a1f-43df-a7fd-9e101c068885,open,74a663c1-6a1f-43df-a7fd-9e101c068885
0,c087f3a7-7a40-47b5-853b-9dca25b21717,open,c087f3a7-7a40-47b5-853b-9dca25b21717
0,f67eae85-06be-4e1a-80ea-d43134c3bc27,open,f67eae85-06be-4e1a-80ea-d43134c3bc27
0,5ab40894-6328-4a3d-8815-ab2e87df9dd0,open,5ab40894-6328-4a3d-8815-ab2e87df9dd0
0,59e620cf-83f6-4776-ad5a-5e8a58355522,open,59e620cf-83f6-4776-ad5a-5e8a58355522
0,a79ac007-06d1-4b2f-852e-3df0a21b61e9,open,a79ac007-06d1-4b2f-852e-3df0a21b61e9
0,0fd82ec2-5fed-4400-aa4d-8229d8770ec1,open,0fd82ec2-5fed-4400-aa4d-8229d8770ec1
0,cd172e7f-ab68-4dc9-9f02-93a12ff4cd88,open,cd172e7f-ab68-4dc9-9f02-93a12ff4cd88
0,a8f63549-3111-4aa7-a815-e7a6380b7c4b,open,a8f63549-3111-4aa7-a815-e7a6380b7c4b
0,96fc6836-0835-4382-aeef-7d94db9488d7,open,96fc6836-0835-4382-aeef-7d94db9488d7
0,bc99eb58-2c0c-470b-bbaa-4592c476fd03,open,bc99eb58-2c0c-470b-bbaa-4592c476fd03
0,bebf71cc-61bf-4382-8c97-66120b3e2454,open,bebf71cc-61bf-4382-8c97-66120b3e2454
0,1731e58f-8ad9-4ea1-8769-298e36fff42a,open,1731e58f-8ad9-4ea1-8769-298e36fff42a
0,51a99925-8e6b-418a-a4ca-e902a09575ab,open,51a99925-8e6b-418a-a4ca-e902a09575ab
0,31c04890-45a7-46cb-8cfb-d0d2f666a106,open,31c04890-45a7-46cb-8cfb-d0d2f666a106
0,16bd11d8-17b9-4e77-9557-2e0bf31e612b,open,16bd11d8-17b9-4e77-9557-2e0bf31e612b
0,2cba8694-c357-4832-8f8c-7a696257bd45,open,2cba8694-c357-4832-8f8c-7a696257bd45
0,247f4654-c262-40f1-a876-635d2fa229f2,open,247f4654-c262-40f1-a876-635d2fa229f2
0,09d7ba48-e20b-4cf7-9663-4cb24614ecbb,open,09d7ba48-e20b-4cf7-9663-4cb24614ecbb
0,b96433cf-3bd5-491e-ba39-47f7e486c6db,open,b96433cf-3bd5-491e-ba39-47f7e486c6db
0,4e1ab0b7-e267-48c9-ad8d-d27959b65f51,open,4e1ab0b7-e267-48c9-ad8d-d27959b65f51
0,d907def3-e842-4ef2-b09f-dce0e8d781f5,open,d907def3-e842-4ef2-b09f-dce0e8d781f5
0,157057ba-287e-44b8-96bd-f4824025d5ba,open,157057ba-287e-44b8-96bd-f4824025d5ba
0,731564f2-d92e-4510-8858-99d815cf87ce,open,731564f2-d92e-4510-8858-99d815cf87ce
0,30cca0f6-1e6d-41ee-8162-49bc16891eff,open,30cca0f6-1e6d-41ee-8162-49bc16891eff
0,39727a1b-9637-41af-b40b-d703ede5c4df,open,39727a1b-9637-41af-b40b-d703ede5c4df
0,e5aea75c-49c9-4010-a885-a40bfc161a92,open,e5aea75c-49c9-4010-a885-a40bfc161a92
0,83b1eebe-893b-4a4a-9f3b-92eaf9786dfa,open,83b1eebe-893b-4a4a-9f3b-92eaf9786dfa
0,30f648bc-4c88-4f8d-b297-f01bcd83149a,open,30f648bc-4c88-4f8d-b297-f01bcd83149a
0,f6af6a3d-51b7-41a8-803e-b5034f168092,open,f6af6a3d-51b7-41a8-803e-b5034f168092
0,90685b2b-ab57-4bb9-a8d7-9c3f04568f0c,open,90685b2b-ab57-4bb9-a8d7-9c3f04568f0c
0,afe5e898-3bcf-479d-b002-7906a6a01a17,open,afe5e898-3bcf-479d-b002-7906a6a01a17
0,769c1e45-15fe-4764-a2e0-5ee1a6a92e35,open,769c1e45-15fe-4764-a2e0-5ee1a6a92e35
0,9e08c969-4c4b-4594-addd-71c3755f1c85,open,9e08c969-4c4b-4594-addd-71c3755f1c85
0,3514ec4f-d6a4-4308-8430-c7406e6aa5a7,open,3514ec4f-d6a4-4308-8430-c7406e6aa5a7
0,bbe53df0-7d65-4b4a-91c0-93202abe15b8,open,bbe53df0-7d65-4b4a-91c0-93202abe15b8
0,5b962914-84a5-4477-a163-69825b2d572d,open,5b962914-84a5-4477-a163-69825b2d572d
0,9217034d-965a-4ee3-8e88-52fd77184a70,open,9217034d-965a-4ee3-8e88-52fd77184a70
0,2ef3748e-4748-40e5-a975-c995e4e8b59c,open,2ef3748e-4748-40e5-a975-c995e4e8b59c
0,40baac30-ce4f-4612-976b-28dffd97c874,open,40baac30-ce4f-4612-976b-28dffd97c874
0,8fdd27ed-64c1-4e15-8701-e62da8bad6eb,open,8fdd27ed-64c1-4e15-8701-e62da8bad6eb
0,eddceb87-2bf4-4351-ae5d-6b8bc44d1c09,open,eddceb87-2bf4-4351-ae5d-6b8bc44d1c09
0,42970366-1b0d-426d-be26-3a3cac5d8d96,open,42970366-1b0d-426d-be26-3a3cac5d8d96
0,0871d6ed-5a7b-4451-b861-73b0f55c010c,open,0871d6ed-5a7b-4451-b861-73b0f55c010c
0,fec61ae6-5f54-4011-9003-102eaeb33b1c,open,fec61ae6-5f54-4011-9003-102eaeb33b1c
0,2f3bb1f1-8050-491b-892f-0106a25e8653,open,2f3bb1f1-8050-491b-892f-0106a25e8653
0,063cd2d3-cdf8-469a-842f-0062fe0e714b,open,063cd2d3-cdf8-469a-842f-0062fe0e714b
0,c4b85b4e-beb4-4695-aab5-d7dcee221ad9,open,c4b85b4e-beb4-4695-aab5-d7dcee221ad9
0,a782e2b3-01fb-4c1c-b459-2865e76cb59b,open,a782e2b3-01fb-4c1c-b459-2865e76cb59b
0,d9487678-951f-437c-bc6a-d8500e5f1556,open,d9487678-951f-437c-bc6a-d8500e5f1556
0,59b125a7-fca8-48ba-84aa-8ae4392c5089,open,59b125a7-fca8-48ba-84aa-8ae4392c5089
0,d43a8393-8922-4b9b-bfec-d66832de9487,open,d43a8393-8922-4b9b-bfec-d66832de9487
0,628916b5-1d4d-425f-aa1d-b12abc0c14a9,open,628916b5-1d4d-425f-aa1d-b12abc0c14a9
0,3e75971f-0930-492a-bce5-15d66abaef14,open,3e75971f-0930-492a-bce5-15d66abaef14
0,9ba7b1e0-6ceb-46c7-9e0b-12539f5e006d,open,9ba7b1e0-6ceb-46c7-9e0b-12539f5e006d
0,ad330411-2f76-44c5-8f4d-231f6052e754,open,ad330411-2f76-44c5-8f4d-231f6052e754
0,a15c4ec5-ac6e-4f01-a8b8-50f8c6ebeab4,open,a15c4ec5-ac6e-4f01-a8b8-50f8c6ebeab4
0,0e2f56f1-0284-412b-86a1-e33d4cac081e,open,0e2f56f1-0284-412b-86a1-e33d4cac081e
0,f017a16e-1e80-48c0-92f1-f513ffa40197,open,f017a16e-1e80-48c0-92f1-f513ffa40197
0,4228c481-a705-4942-8b60-a528c8d073cc,open,4228c481-a705-4942-8b60-a528c8d073cc
0,2ec56975-2c24-472a-8771-ef52d8081df0,open,2ec56975-2c24-472a-8771-ef52d8081df0
0,7176927b-334f-4e16-b67a-335d95e222ed,open,7176927b-334f-4e16-b67a-335d95e222ed
0,c6d76bc4-ba89-4422-b0e1-574b6352a8f3,open,c6d76bc4-ba89-4422-b0e1-574b6352a8f3
0,d060033c-c654-4b6b-a24b-ae3b677ffbcc,open,d060033c-c654-4b6b-a24b-ae3b677ffbcc
0,617839f9-16d0-4907-a507-0f31ae1a7d1c,open,617839f9-16d0-4907-a507-0f31ae1a7d1c
0,e819c188-a8e2-49b3-b987-04c38f9cbecf,open,e819c188-a8e2-49b3-b987-04c38f9cbecf
0,033d835d-bc95-46f1-abcc-d63bf197eb52,open,033d835d-bc95-46f1-abcc-d63bf197eb52
0,78f08817-2c33-4754-a0d7-492538257085,open,78f08817-2c33-4754-a0d7-492538257085
0,fc62b2b6-e1fd-4ede-901f-bacba311f07b,open,fc62b2b6-e1fd-4ede-901f-bacba311f07b
0,0cd3e73f-0baf-4e6b-92e4-f8b15ff2a4ae,open,0cd3e73f-0baf-4e6b-92e4-f8b15ff2a4ae
0,7ed14f1e-2cec-4bd7-9c79-35c7ed33e0d2,open,7ed14f1e-2cec-4bd7-9c79-35c7ed33e0d2
0,ffd44ac5-744e-4a76-b308-3f7440e74c40,open,ffd44ac5-744e-4a76-b308-3f7440e74c40
0,2636098d-be9a-4f38-9632-d9306e952718,open,2636098d-be9a-4f38-9632-d9306e952718
0,a74cec34-ec15-4ff7-8cd0-7849a192de18,open,a74cec34-ec15-4ff7-8cd0-7849a192de18
0,c137493f-8633-4d28-9ca9-422ebd199038,open,c137493f-8633-4d28-9ca9-422ebd199038
0,0b824351-4b53-4944-b4fa-c73138039c31,open,0b824351-4b53-4944-b4fa-c73138039c31
0,943f514c-f41c-42d7-b73b-6f1afd2acdd8,open,943f514c-f41c-42d7-b73b-6f1afd2acdd8
0,5ca43118-b5e5-4935-82b8-dc7c3ef38d83,open,5ca43118-b5e5-4935-82b8-dc7c3ef38d83
0,55756e84-9e56-4d91-a9b2-3a8b74297ff9,open,55756e84-9e56-4d91-a9b2-3a8b74297ff9
0,77006c5f-1f6b-481b-be5e-080bf87a49d6,open,77006c5f-1f6b-481b-be5e-080bf87a49d6
0,40b00a15-1608-4a11-a4cb-7e7595400a52,open,40b00a15-1608-4a11-a4cb-7e7595400a52
0,b74463d4-f952-4341-9a5f-b831f4392728,open,b74463d4-f952-4341-9a5f-b831f4392728
0,04ce4521-9595-475c-af18-22f1d396dde5,open,04ce4521-9595-475c-af18-22f1d396dde5
0,24aef5c9-79ff-42e5-b614-fd47d1e8e14f,open,24aef5c9-79ff-42e5-b614-fd47d1e8e14f
0,163427a5-c441-42a3-a233-8544a6da7b48,open,163427a5-c441-42a3-a233-8544a6da7b48
0,63b61e11-172e-4076-9cd5-3f0f077ebb35,open,63b61e11-172e-4076-9cd5-3f0f077ebb35
0,61f8e227-9eda-4ba0-adbb-c0d5f4eade04,open,61f8e227-9eda-4ba0-adbb-c0d5f4eade04
0,6e42495a-5dcc-40f3-a53a-9bdc4f487d07,open,6e42495a-5dcc-40f3-a53a-9bdc4f487d07
0,3a4779db-9935-461d-a0b1-5fd7f3d7c87c,open,3a4779db-9935-461d-a0b1-5fd7f3d7c87c
0,927e9b58-1a5b-4b6e-89cf-47187e86e545,open,927e9b58-1a5b-4b6e-89cf-47187e86e545
0,5664a9e3-d725-496b-a07b-8eb0dc7bcac6,open,5664a9e3-d725-496b-a07b-8eb0dc7bcac6
0,01c3781b-e016-47c8-91e7-3794deb7bf61,open,01c3781b-e016-47c8-91e7-3794deb7bf61
0,0cf52e1f-bd29-44cc-915e-f9ebef2a89fe,open,0cf52e1f-bd29-44cc-915e-f9ebef2a89fe
0,88ce8767-46dc-45e1-b3f8-9966ac0b94b5,open,88ce8767-46dc-45e1-b3f8-9966ac0b94b5
0,36eb847e-a233-40b3-b724-df05babe8bbf,open,36eb847e-a233-40b3-b724-df05babe8bbf
0,254f7e26-4a40-42aa-aef4-fa749b600679,open,254f7e26-4a40-42aa-aef4-fa749b600679
0,30f54f28-f461-4663-a150-73a2a2ce5afa,open,30f54f28-f461-4663-a150-73a2a2ce5afa
0,508c1558-b3ed-403d-8934-cd299a078988,open,508c1558-b3ed-403d-8934-cd299a078988
0,c2a8adb9-843d-452f-be8b-5949f9d97877,open,c2a8adb9-843d-452f-be8b-5949f9d97877
0,f43591d5-ec12-412e-98a5-7fee9dcf1bd4,open,f43591d5-ec12-412e-98a5-7fee9dcf1bd4
0,27acbdbc-d8dc-461c-b897-6be3a487708b,open,27acbdbc-d8dc-461c-b897-6be3a487708b
0,0141cc58-0335-409e-80b5-4847eb916e84,open,0141cc58-0335-409e-80b5-4847eb916e84
0,0bd562ec-de17-48f0-9627-cc86083853d9,open,0bd562ec-de17-48f0-9627-cc86083853d9
0,3e209909-7c65-446f-989c-b4b5a45809c6,open,3e209909-7c65-446f-989c-b4b5a45809c6
0,129a6b8d-9fa0-49e9-a4d4-e0fbe7f04a6c,open,129a6b8d-9fa0-49e9-a4d4-e0fbe7f04a6c
0,a7246574-30a9-4137-a9a5-6197369b524c,open,a7246574-30a9-4137-a9a5-6197369b524c
0,af71892d-8d55-493b-b775-feb672508829,open,af71892d-8d55-493b-b775-feb672508829
0,48383c15-8655-4fe1-b571-6fdcb650c398,open,48383c15-8655-4fe1-b571-6fdcb650c398
0,1757224c-8d9e-411c-89dc-1dc31ff46f95,open,1757224c-8d9e-411c-89dc-1dc31ff46f95
0,25384dfa-26fd-40ed-9374-e1ca64a9eb59,open,25384dfa-26fd-40ed-9374-e1ca64a9eb59
0,3d69e7e4-5eac-4353-8987-28929675afbe,open,3d69e7e4-5eac-4353-8987-28929675afbe
0,d61e20d5-dafe-465b-b391-9791615e58f7,open,d61e20d5-dafe-465b-b391-9791615e58f7
0,4a306cb6-44d0-4c81-91b2-8a100391f21c,open,4a306cb6-44d0-4c81-91b2-8a100391f21c
0,eaca88d3-49ec-4605-a8d8-7bb3ad945bf1,open,eaca88d3-49ec-4605-a8d8-7bb3ad945bf1
0,206ed23b-2fdc-4a89-8904-cb1c5b9a4fb0,open,206ed23b-2fdc-4a89-8904-cb1c5b9a4fb0
0,2a8a9a64-bdc4-4db3-a522-85dba9ca3168,open,2a8a9a64-bdc4-4db3-a522-85dba9ca3168
0,18ac48b8-1143-43bc-8756-772d838875c3,open,18ac48b8-1143-43bc-8756-772d838875c3
0,61772045-9b3a-4c36-8963-83a0b0906140,open,61772045-9b3a-4c36-8963-83a0b0906140
0,a9591dc9-b423-46c4-b247-9ea7699ced1f,open,a9591dc9-b423-46c4-b247-9ea7699ced1f
0,764c6b90-2be2-43f1-9aa5-931f74303a30,open,764c6b90-2be2-43f1-9aa5-931f74303a30
0,9b3685e4-64eb-4bde-9c51-b942beddae72,open,9b3685e4-64eb-4bde-9c51-b942beddae72
0,9b60d9ab-d2ed-4be1-83da-66da99768e2b,open,9b60d9ab-d2ed-4be1-83da-66da99768e2b
0,b63a6d20-2d18-4180-8666-dcf997c3f833,open,b63a6d20-2d18-4180-8666-dcf997c3f833
0,687c90be-b951-4449-92e8-cf5984386928,open,687c90be-b951-4449-92e8-cf5984386928
0,3d376ebb-4d90-4784-97c9-209fb5c2a9b5,open,3d376ebb-4d90-4784-97c9-209fb5c2a9b5
0,7aedfb0e-6fc2-46d3-90bf-fd5d7b63b91e,open,7aedfb0e-6fc2-46d3-90bf-fd5d7b63b91e
0,739a027f-dce8-4113-aa82-ba4bc825d653,open,739a027f-dce8-4113-aa82-ba4bc825d653
0,526654a0-690e-40a8-a526-5cdb5eb1f83d,open,526654a0-690e-40a8-a526-5cdb5eb1f83d
0,e5935699-6d92-45d5-b2b1-d15992e5a378,open,e5935699-6d92-45d5-b2b1-d15992e5a378
0,33c845cb-00ee-4f8f-9eac-2b28a5e1152b,open,33c845cb-00ee-4f8f-9eac-2b28a5e1152b
0,266fd576-2577-4294-bdaf-2d2d34a272b4,open,266fd576-2577-4294-bdaf-2d2d34a272b4
0,ddf912a0-5f0b-4f8e-858d-39c3cc341f23,open,ddf912a0-5f0b-4f8e-858d-39c3cc341f23
0,2853f5ad-1c0b-4cb3-aa65-7dc330772f30,open,2853f5ad-1c0b-4cb3-aa65-7dc330772f30
0,89850f51-c777-44cb-9748-5208cc676197,open,89850f51-c777-44cb-9748-5208cc676197
0,d2848489-8743-4399-82cb-f880c2b4a6f7,open,d2848489-8743-4399-82cb-f880c2b4a6f7
0,528b1a0c-1d33-499e-9078-3dce42584669,open,528b1a0c-1d33-499e-9078-3dce42584669
0,8075e85c-5a8d-4957-b404-99caea5254b3,open,8075e85c-5a8d-4957-b404-99caea5254b3
0,b07917bc-9a91-4ffb-9714-b53d47c65285,open,b07917bc-9a91-4ffb-9714-b53d47c65285
0,af657568-2872-483b-9d01-ecf6db438649,open,af657568-2872-483b-9d01-ecf6db438649
0,3f734c40-f248-4182-9805-bf768656a39e,open,3f734c40-f248-4182-9805-bf768656a39e
0,cf0601ad-0d81-4321-8b8e-a305a3c51687,open,cf0601ad-0d81-4321-8b8e-a305a3c51687
0,25280f8b-c83e-46f9-98fa-1c539bb829ec,open,25280f8b-c83e-46f9-98fa-1c539bb829ec
0,a6378e87-73e8-4401-81e5-b57c25ab8bbe,open,a6378e87-73e8-4401-81e5-b57c25ab8bbe
0,057ac813-b732-45a6-8d42-7b2df7262b4a,open,057ac813-b732-45a6-8d42-7b2df7262b4a
0,a78deffb-4e0d-409e-ad5c-ca7955344410,open,a78deffb-4e0d-409e-ad5c-ca7955344410
0,b896d409-4d86-4b59-b7df-3eff8a4b6e37,open,b896d409-4d86-4b59-b7df-3eff8a4b6e37
0,f779426f-ee10-4791-a8c7-c8112c3c6e74,open,f779426f-ee10-4791-a8c7-c8112c3c6e74
0,23bdb5d6-f091-4ee1-8a3d-bdd0f2ee30fe,open,23bdb5d6-f091-4ee1-8a3d-bdd0f2ee30fe
0,7d228bc9-c1e8-4be0-bd4c-212292d09490,open,7d228bc9-c1e8-4be0-bd4c-212292d09490
0,97796496-6c2e-4fab-862b-d429d494bfd5,open,97796496-6c2e-4fab-862b-d429d494bfd5
0,bac1ee08-887b-44c8-bcaf-6ff0a272f6aa,open,bac1ee08-887b-44c8-bcaf-6ff0a272f6aa
0,93672b82-4f2d-4775-ac12-c5466f4b95f4,open,93672b82-4f2d-4775-ac12-c5466f4b95f4
0,3ab9e6b3-7b3b-4ce3-a121-1df75b5ad61f,open,3ab9e6b3-7b3b-4ce3-a121-1df75b5ad61f
0,2a5009ba-cd19-4657-926c-247b89a325c1,open,2a5009ba-cd19-4657-926c-247b89a325c1
0,e0f9c382-bb68-4477-8eba-40bd7d36e553,open,e0f9c382-bb68-4477-8eba-40bd7d36e553
0,f2844418-38cd-4800-aea1-12cbe6aeb157,open,f2844418-38cd-4800-aea1-12cbe6aeb157
0,c190014d-6825-42e0-8fb4-084391464ca9,open,c190014d-6825-42e0-8fb4-084391464ca9
0,bc31f19e-1382-40cd-8249-8b503caf1e88,open,bc31f19e-1382-40cd-8249-8b503caf1e88
0,41ffd831-d02c-4625-9443-aef6ec8bbaca,open,41ffd831-d02c-4625-9443-aef6ec8bbaca
0,c421146d-13ad-4b38-86b1-1be760e7cb04,open,c421146d-13ad-4b38-86b1-1be760e7cb04
0,e68e4ea3-db89-4b2b-81a5-5be3bd1ca16f,open,e68e4ea3-db89-4b2b-81a5-5be3bd1ca16f
0,c0570d26-d0b9-47c6-b36c-8cc7c17eaff4,open,c0570d26-d0b9-47c6-b36c-8cc7c17eaff4
0,38ee60bb-d0ea-4a42-96d4-1009eb12228f,open,38ee60bb-d0ea-4a42-96d4-1009eb12228f
0,4850267b-897a-4705-9c22-b383f4f84495,open,4850267b-897a-4705-9c22-b383f4f84495
0,6acddbe9-a1ba-4b1b-a8a7-fc9c59b06262,open,6acddbe9-a1ba-4b1b-a8a7-fc9c59b06262
0,912d8a39-1360-45d8-8ad1-9dfc4368d9ef,open,912d8a39-1360-45d8-8ad1-9dfc4368d9ef
0,39131cf3-1646-4a40-962a-dd37a4cb4454,open,39131cf3-1646-4a40-962a-dd37a4cb4454
0,0ca17e9e-1552-46bc-8a55-8ab31d41a50b,open,0ca17e9e-1552-46bc-8a55-8ab31d41a50b
0,3d81b7cb-ff74-4d39-ab26-4d957047812d,open,3d81b7cb-ff74-4d39-ab26-4d957047812d
0,b2216304-365a-477b-831c-41e13dff2657,open,b2216304-365a-477b-831c-41e13dff2657
0,bebe7435-ab11-4b58-b09c-1dd8df346c77,open,bebe7435-ab11-4b58-b09c-1dd8df346c77
0,7dc99125-5937-483b-a75a-f0493e352442,open,7dc99125-5937-483b-a75a-f0493e352442
0,ea2d5bd8-11de-4a9d-8ed4-fa5638aaff7e,open,ea2d5bd8-11de-4a9d-8ed4-fa5638aaff7e
0,4a16a73a-a3df-41a8-ac31-a0e33e4a4cf9,open,4a16a73a-a3df-41a8-ac31-a0e33e4a4cf9
0,fa891ebd-08f3-43de-8183-b8aff4155471,open,fa891ebd-08f3-43de-8183-b8aff4155471
0,7388eef5-3ed8-4a71-bb61-69be67e89f95,open,7388eef5-3ed8-4a71-bb61-69be67e89f95
0,fe966fa9-0007-430b-a766-ef83bd6206df,open,fe966fa9-0007-430b-a766-ef83bd6206df
0,029c69e7-0666-4f84-8e2c-30925c1c613d,open,029c69e7-0666-4f84-8e2c-30925c1c613d
0,c4349852-0c34-4fe4-8bd6-60e1115fba05,open,c4349852-0c34-4fe4-8bd6-60e1115fba05
0,968a8c97-a8ec-488a-b7eb-497fd9eab267,open,968a8c97-a8ec-488a-b7eb-497fd9eab267
0,1c25a7a4-2203-45cb-b07c-ef5d1aa931f5,open,1c25a7a4-2203-45cb-b07c-ef5d1aa931f5
0,7e5125f0-c48e-4e0a-8b4d-36014152f150,open,7e5125f0-c48e-4e0a-8b4d-36014152f150
0,77eb56b2-f467-4b59-9161-25f89d3355ed,open,77eb56b2-f467-4b59-9161-25f89d3355ed
0,fe9d3fa7-5e97-4731-89e4-393f0706fab1,open,fe9d3fa7-5e97-4731-89e4-393f0706fab1
0,7cd823b5-8faf-41e8-a386-6c1cf5d0975f,open,7cd823b5-8faf-41e8-a386-6c1cf5d0975f
0,be8ddff4-54f7-4818-90fe-07299e1657b0,open,be8ddff4-54f7-4818-90fe-07299e1657b0
0,6f4ad25d-9364-41fa-8419-88a051136961,open,6f4ad25d-9364-41fa-8419-88a051136961
0,8d591708-fad3-4ae1-a912-20d03d2ed08b,open,8d591708-fad3-4ae1-a912-20d03d2ed08b
0,558e4638-f362-4d4d-a383-3c95996a5c72,open,558e4638-f362-4d4d-a383-3c95996a5c72
0,87c8205d-81da-4439-ac96-2ed7b233fd84,open,87c8205d-81da-4439-ac96-2ed7b233fd84
0,cf8027c0-9fd1-45cb-a4c0-bd66ba86f6da,open,cf8027c0-9fd1-45cb-a4c0-bd66ba86f6da
0,3c6c6634-d69b-413b-b335-8e3300caf587,open,3c6c6634-d69b-413b-b335-8e3300caf587
0,1d31a3ea-b788-4064-9037-96c948922a02,open,1d31a3ea-b788-4064-9037-96c948922a02
0,25cad9bf-9136-4316-9e07-2b7ee9367e21,open,25cad9bf-9136-4316-9e07-2b7ee9367e21
0,0bc4581e-ee3f-4b51-b09c-205dfcebd9e7,open,0bc4581e-ee3f-4b51-b09c-205dfcebd9e7
0,577f1c62-e4db-4984-a3b9-6a12cef6138d,open,577f1c62-e4db-4984-a3b9-6a12cef6138d
0,f2502777-c16d-4f51-8d17-2eee90f0586f,open,f2502777-c16d-4f51-8d17-2eee90f0586f
0,1e76b980-e835-4127-9f2e-ed1e88439967,open,1e76b980-e835-4127-9f2e-ed1e88439967
0,dbdb4cd1-09db-4c9d-a880-750f079af74b,open,dbdb4cd1-09db-4c9d-a880-750f079af74b
0,b584b5e8-f7f1-4078-9279-a6676e4a8a43,open,b584b5e8-f7f1-4078-9279-a6676e4a8a43
0,5e34b81a-4e39-4d70-ba61-5870c74ce84f,open,5e34b81a-4e39-4d70-ba61-5870c74ce84f
0,8a761d75-cfd2-44ee-a3d0-c0457c5a6be0,open,8a761d75-cfd2-44ee-a3d0-c0457c5a6be0
0,ac3881c3-9d1e-4e17-b895-125673d26ff9,open,ac3881c3-9d1e-4e17-b895-125673d26ff9
0,701b52cd-5620-465a-a3e5-014871db8ca1,open,701b52cd-5620-465a-a3e5-014871db8ca1
0,030c1047-3045-490d-8597-c4c602b1ece0,open,030c1047-3045-490d-8597-c4c602b1ece0
0,fd02523d-edd3-4874-ba2f-8b1cb0056c11,open,fd02523d-edd3-4874-ba2f-8b1cb0056c11
0,b1f53c5e-4222-4c78-a4ec-1614685f7e5c,open,b1f53c5e-4222-4c78-a4ec-1614685f7e5c
0,9a8c21f1-93f2-48af-8d06-4680070a9ac8,open,9a8c21f1-93f2-48af-8d06-4680070a9ac8
0,1f30dd8a-1455-491e-b6ac-698a7052fe7f,open,1f30dd8a-1455-491e-b6ac-698a7052fe7f
0,efd80b58-5b41-4eea-9a9d-d4c0a6fd2c79,open,efd80b58-5b41-4eea-9a9d-d4c0a6fd2c79
0,ab4bff4a-c2dc-4742-9e83-4aba208e4fd1,open,ab4bff4a-c2dc-4742-9e83-4aba208e4fd1
0,28e0a2d3-2b2d-40e3-943c-7b506e9462e2,open,28e0a2d3-2b2d-40e3-943c-7b506e9462e2
0,60206ee2-d3dc-4b6b-9167-389381e563a1,open,60206ee2-d3dc-4b6b-9167-389381e563a1
0,b8a00b3f-49d0-4fa6-b689-2db74ba4ba6c,open,b8a00b3f-49d0-4fa6-b689-2db74ba4ba6c
0,154c2a45-c63f-44e2-8027-0bb63c8c32ef,open,154c2a45-c63f-44e2-8027-0bb63c8c32ef
0,73a2b51c-f34e-4918-939e-250a27ad91e6,open,73a2b51c-f34e-4918-939e-250a27ad91e6
0,c57b2b8d-5843-4602-954b-64403a690e15,open,c57b2b8d-5843-4602-954b-64403a690e15
0,55433599-8744-476e-8e3f-a591c8d156f0,open,55433599-8744-476e-8e3f-a591c8d156f0
0,c36e0f46-deda-418d-b6c8-0d578f704b16,open,c36e0f46-deda-418d-b6c8-0d578f704b16
0,8fa00257-834e-402b-9641-258d0e690c49,open,8fa00257-834e-402b-9641-258d0e690c49
0,7f55a25f-6feb-4896-8553-1bfcc5d4f533,open,7f55a25f-6feb-4896-8553-1bfcc5d4f533
0,4c261265-e867-47b2-8e96-845c701b9fe4,open,4c261265-e867-47b2-8e96-845c701b9fe4
0,c5b85d44-38cd-4001-8a0b-277c989a130c,open,c5b85d44-38cd-4001-8a0b-277c989a130c
0,c210bf1c-6964-4951-a6e1-91c10022bf7e,open,c210bf1c-6964-4951-a6e1-91c10022bf7e
0,6e4ade77-4bb5-4bd1-9834-74cbdd64864e,open,6e4ade77-4bb5-4bd1-9834-74cbdd64864e
0,073ad1fd-14bc-4ece-8457-31e8ad6003bc,open,073ad1fd-14bc-4ece-8457-31e8ad6003bc
0,c5889e0c-8e9b-4469-8433-5704dfee61b9,open,c5889e0c-8e9b-4469-8433-5704dfee61b9
0,e7f65a3e-c730-4b70-ab76-32c501b09eb7,open,e7f65a3e-c730-4b70-ab76-32c501b09eb7
0,8786d1f6-59e9-47a1-9fe2-c80dba343e6e,open,8786d1f6-59e9-47a1-9fe2-c80dba343e6e
0,2a91e54b-2ac2-416a-afd3-cabf2b555f6b,open,2a91e54b-2ac2-416a-afd3-cabf2b555f6b
0,6a83b19d-999d-4f5c-909f-47b9006009f2,open,6a83b19d-999d-4f5c-909f-47b9006009f2
0,53001acd-140b-450d-8001-d95fc60c0339,open,53001acd-140b-450d-8001-d95fc60c0339
0,42635199-6fec-43da-b89f-4ced4b6bc3f6,open,42635199-6fec-43da-b89f-4ced4b6bc3f6
0,521d3a62-55ca-4fe4-b4ed-d22e18e1f780,open,521d3a62-55ca-4fe4-b4ed-d22e18e1f780
0,42e2c1a3-ca0e-4b23-9f5c-1d28651b6ede,open,42e2c1a3-ca0e-4b23-9f5c-1d28651b6ede
0,30b0a57b-4cc5-444f-970b-2d3f578bccb3,open,30b0a57b-4cc5-444f-970b-2d3f578bccb3
0,5e922769-903a-4693-b57c-d262a9487c1a,open,5e922769-903a-4693-b57c-d262a9487c1a
0,1d99058f-be0a-48d1-b412-ca584cde1b9c,open,1d99058f-be0a-48d1-b412-ca584cde1b9c
0,e1127814-7109-4938-8da6-95a98a75f1dd,open,e1127814-7109-4938-8da6-95a98a75f1dd
0,27735c9a-c4fb-4862-9442-ae18f3778a4f,open,27735c9a-c4fb-4862-9442-ae18f3778a4f
0,72d7752d-b1d5-41d7-8a53-cff42b1fa8db,open,72d7752d-b1d5-41d7-8a53-cff42b1fa8db
0,3af42aee-8f60-4f0f-8c6f-64c4b81abb2b,open,3af42aee-8f60-4f0f-8c6f-64c4b81abb2b
0,c352e00b-a5d6-4986-a7d4-3e3f0bd4ce64,open,c352e00b-a5d6-4986-a7d4-3e3f0bd4ce64
0,9512254f-293e-4130-9ce0-95d6f8d0d6b5,open,9512254f-293e-4130-9ce0-95d6f8d0d6b5
0,28983712-86c2-4780-a5b6-65c1420f0e5b,open,28983712-86c2-4780-a5b6-65c1420f0e5b
0,7b00bd2a-3a84-4e3c-8077-33f3591f56db,open,7b00bd2a-3a84-4e3c-8077-33f3591f56db
0,c67ef02b-f665-4e2b-895b-5948832da95f,open,c67ef02b-f665-4e2b-895b-5948832da95f
0,693020a4-1a87-45b7-a35d-5800cb9b6c33,open,693020a4-1a87-45b7-a35d-5800cb9b6c33
0,1e066c8a-936e-43bd-93d7-24d94d412124,open,1e066c8a-936e-43bd-93d7-24d94d412124
0,7ab2aaf4-e566-43bc-a236-2df288473120,open,7ab2aaf4-e566-43bc-a236-2df288473120
